/*
 Navicat Premium Data Transfer

 Source Server         : localhost
 Source Server Type    : MySQL
 Source Server Version : 80042 (8.0.42)
 Source Host           : localhost:3306
 Source Schema         : ry-cloud

 Target Server Type    : MySQL
 Target Server Version : 80042 (8.0.42)
 File Encoding         : 65001

 Date: 18/09/2025 18:06:45
*/

SET NAMES utf8mb4;
SET FOREIGN_KEY_CHECKS = 0;

-- ----------------------------
-- Table structure for gen_table
-- ----------------------------
DROP TABLE IF EXISTS `gen_table`;
CREATE TABLE `gen_table`  (
  `table_id` bigint NOT NULL AUTO_INCREMENT COMMENT '编号',
  `table_name` varchar(200) CHARACTER SET utf8mb4 COLLATE utf8mb4_general_ci NULL DEFAULT '' COMMENT '表名称',
  `table_comment` varchar(500) CHARACTER SET utf8mb4 COLLATE utf8mb4_general_ci NULL DEFAULT '' COMMENT '表描述',
  `sub_table_name` varchar(64) CHARACTER SET utf8mb4 COLLATE utf8mb4_general_ci NULL DEFAULT NULL COMMENT '关联子表的表名',
  `sub_table_fk_name` varchar(64) CHARACTER SET utf8mb4 COLLATE utf8mb4_general_ci NULL DEFAULT NULL COMMENT '子表关联的外键名',
  `class_name` varchar(100) CHARACTER SET utf8mb4 COLLATE utf8mb4_general_ci NULL DEFAULT '' COMMENT '实体类名称',
  `tpl_category` varchar(200) CHARACTER SET utf8mb4 COLLATE utf8mb4_general_ci NULL DEFAULT 'crud' COMMENT '使用的模板（crud单表操作 tree树表操作）',
  `tpl_web_type` varchar(30) CHARACTER SET utf8mb4 COLLATE utf8mb4_general_ci NULL DEFAULT '' COMMENT '前端模板类型（element-ui模版 element-plus模版）',
  `package_name` varchar(100) CHARACTER SET utf8mb4 COLLATE utf8mb4_general_ci NULL DEFAULT NULL COMMENT '生成包路径',
  `module_name` varchar(30) CHARACTER SET utf8mb4 COLLATE utf8mb4_general_ci NULL DEFAULT NULL COMMENT '生成模块名',
  `business_name` varchar(30) CHARACTER SET utf8mb4 COLLATE utf8mb4_general_ci NULL DEFAULT NULL COMMENT '生成业务名',
  `function_name` varchar(50) CHARACTER SET utf8mb4 COLLATE utf8mb4_general_ci NULL DEFAULT NULL COMMENT '生成功能名',
  `function_author` varchar(50) CHARACTER SET utf8mb4 COLLATE utf8mb4_general_ci NULL DEFAULT NULL COMMENT '生成功能作者',
  `gen_type` char(1) CHARACTER SET utf8mb4 COLLATE utf8mb4_general_ci NULL DEFAULT '0' COMMENT '生成代码方式（0zip压缩包 1自定义路径）',
  `gen_path` varchar(200) CHARACTER SET utf8mb4 COLLATE utf8mb4_general_ci NULL DEFAULT '/' COMMENT '生成路径（不填默认项目路径）',
  `options` varchar(1000) CHARACTER SET utf8mb4 COLLATE utf8mb4_general_ci NULL DEFAULT NULL COMMENT '其它生成选项',
  `create_by` varchar(64) CHARACTER SET utf8mb4 COLLATE utf8mb4_general_ci NULL DEFAULT '' COMMENT '创建者',
  `create_time` datetime NULL DEFAULT NULL COMMENT '创建时间',
  `update_by` varchar(64) CHARACTER SET utf8mb4 COLLATE utf8mb4_general_ci NULL DEFAULT '' COMMENT '更新者',
  `update_time` datetime NULL DEFAULT NULL COMMENT '更新时间',
  `remark` varchar(500) CHARACTER SET utf8mb4 COLLATE utf8mb4_general_ci NULL DEFAULT NULL COMMENT '备注',
  PRIMARY KEY (`table_id`) USING BTREE
) ENGINE = InnoDB AUTO_INCREMENT = 12 CHARACTER SET = utf8mb4 COLLATE = utf8mb4_general_ci COMMENT = '代码生成业务表' ROW_FORMAT = DYNAMIC;

-- ----------------------------
-- Records of gen_table
-- ----------------------------
INSERT INTO `gen_table` VALUES (6, 'we_model', '模特表', NULL, NULL, 'WeModel', 'crud', 'element-ui', 'com.ruoyi.system', 'system', 'model', '模特', 'ruoyi', '0', '/', '{\"parentMenuId\":3}', 'admin', '2025-09-14 10:46:14', '', '2025-09-14 11:16:03', NULL);
INSERT INTO `gen_table` VALUES (7, 'we_back', '背景表', NULL, NULL, 'WeBack', 'crud', 'element-ui', 'com.ruoyi.system', 'system', 'back', '背景', 'ruoyi', '0', '/', '{\"parentMenuId\":3}', 'admin', '2025-09-14 11:33:41', '', '2025-09-14 15:26:25', NULL);
INSERT INTO `gen_table` VALUES (8, 'we_cloth', '服装表', NULL, NULL, 'WeCloth', 'crud', 'element-ui', 'com.ruoyi.system', 'system', 'cloth', '服装', 'ruoyi', '0', '/', '{\"parentMenuId\":3}', 'admin', '2025-09-14 11:33:41', '', '2025-09-14 11:50:40', NULL);
INSERT INTO `gen_table` VALUES (9, 'we_ai_picture', 'AI图片表', NULL, NULL, 'WeAiPicture', 'crud', 'element-ui', 'com.ruoyi.system', 'system', 'picture', 'AI图片', 'ruoyi', '0', '/', '{\"parentMenuId\":3}', 'admin', '2025-09-14 15:51:33', '', '2025-09-14 17:37:27', NULL);
INSERT INTO `gen_table` VALUES (11, 'we_look', '外观表', NULL, NULL, 'WeLook', 'crud', 'element-ui', 'com.ruoyi.system', 'system', 'look', '外观', 'ruoyi', '0', '/', '{\"parentMenuId\":3}', 'admin', '2025-09-14 16:59:39', '', '2025-09-14 17:02:04', NULL);

-- ----------------------------
-- Table structure for gen_table_column
-- ----------------------------
DROP TABLE IF EXISTS `gen_table_column`;
CREATE TABLE `gen_table_column`  (
  `column_id` bigint NOT NULL AUTO_INCREMENT COMMENT '编号',
  `table_id` bigint NULL DEFAULT NULL COMMENT '归属表编号',
  `column_name` varchar(200) CHARACTER SET utf8mb4 COLLATE utf8mb4_general_ci NULL DEFAULT NULL COMMENT '列名称',
  `column_comment` varchar(500) CHARACTER SET utf8mb4 COLLATE utf8mb4_general_ci NULL DEFAULT NULL COMMENT '列描述',
  `column_type` varchar(100) CHARACTER SET utf8mb4 COLLATE utf8mb4_general_ci NULL DEFAULT NULL COMMENT '列类型',
  `java_type` varchar(500) CHARACTER SET utf8mb4 COLLATE utf8mb4_general_ci NULL DEFAULT NULL COMMENT 'JAVA类型',
  `java_field` varchar(200) CHARACTER SET utf8mb4 COLLATE utf8mb4_general_ci NULL DEFAULT NULL COMMENT 'JAVA字段名',
  `is_pk` char(1) CHARACTER SET utf8mb4 COLLATE utf8mb4_general_ci NULL DEFAULT NULL COMMENT '是否主键（1是）',
  `is_increment` char(1) CHARACTER SET utf8mb4 COLLATE utf8mb4_general_ci NULL DEFAULT NULL COMMENT '是否自增（1是）',
  `is_required` char(1) CHARACTER SET utf8mb4 COLLATE utf8mb4_general_ci NULL DEFAULT NULL COMMENT '是否必填（1是）',
  `is_insert` char(1) CHARACTER SET utf8mb4 COLLATE utf8mb4_general_ci NULL DEFAULT NULL COMMENT '是否为插入字段（1是）',
  `is_edit` char(1) CHARACTER SET utf8mb4 COLLATE utf8mb4_general_ci NULL DEFAULT NULL COMMENT '是否编辑字段（1是）',
  `is_list` char(1) CHARACTER SET utf8mb4 COLLATE utf8mb4_general_ci NULL DEFAULT NULL COMMENT '是否列表字段（1是）',
  `is_query` char(1) CHARACTER SET utf8mb4 COLLATE utf8mb4_general_ci NULL DEFAULT NULL COMMENT '是否查询字段（1是）',
  `query_type` varchar(200) CHARACTER SET utf8mb4 COLLATE utf8mb4_general_ci NULL DEFAULT 'EQ' COMMENT '查询方式（等于、不等于、大于、小于、范围）',
  `html_type` varchar(200) CHARACTER SET utf8mb4 COLLATE utf8mb4_general_ci NULL DEFAULT NULL COMMENT '显示类型（文本框、文本域、下拉框、复选框、单选框、日期控件）',
  `dict_type` varchar(200) CHARACTER SET utf8mb4 COLLATE utf8mb4_general_ci NULL DEFAULT '' COMMENT '字典类型',
  `sort` int NULL DEFAULT NULL COMMENT '排序',
  `create_by` varchar(64) CHARACTER SET utf8mb4 COLLATE utf8mb4_general_ci NULL DEFAULT '' COMMENT '创建者',
  `create_time` datetime NULL DEFAULT NULL COMMENT '创建时间',
  `update_by` varchar(64) CHARACTER SET utf8mb4 COLLATE utf8mb4_general_ci NULL DEFAULT '' COMMENT '更新者',
  `update_time` datetime NULL DEFAULT NULL COMMENT '更新时间',
  PRIMARY KEY (`column_id`) USING BTREE
) ENGINE = InnoDB AUTO_INCREMENT = 158 CHARACTER SET = utf8mb4 COLLATE = utf8mb4_general_ci COMMENT = '代码生成业务表字段' ROW_FORMAT = DYNAMIC;

-- ----------------------------
-- Records of gen_table_column
-- ----------------------------
INSERT INTO `gen_table_column` VALUES (71, 6, 'id', '主键', 'bigint', 'Long', 'id', '1', '1', NULL, '1', NULL, NULL, '1', 'EQ', 'input', '', 1, 'admin', '2025-09-14 10:46:14', '', '2025-09-14 11:16:03');
INSERT INTO `gen_table_column` VALUES (72, 6, 'name', '模特名称', 'varchar(255)', 'String', 'name', '0', '0', NULL, '1', '1', '1', '1', 'LIKE', 'input', '', 2, 'admin', '2025-09-14 10:46:14', '', '2025-09-14 11:16:03');
INSERT INTO `gen_table_column` VALUES (73, 6, 'model_url', '模特文件URL', 'varchar(500)', 'String', 'modelUrl', '0', '0', NULL, '1', '1', '1', '1', 'EQ', 'textarea', '', 3, 'admin', '2025-09-14 10:46:14', '', '2025-09-14 11:16:03');
INSERT INTO `gen_table_column` VALUES (74, 6, 'model_we_id', '模特ID', 'varchar(100)', 'String', 'modelWeId', '0', '0', NULL, '1', '1', '1', '1', 'EQ', 'input', '', 4, 'admin', '2025-09-14 10:46:14', '', '2025-09-14 11:16:03');
INSERT INTO `gen_table_column` VALUES (75, 6, 'type', '模特类型', 'varchar(50)', 'String', 'type', '0', '0', NULL, '1', '1', '1', '1', 'EQ', 'select', 'brand_type', 5, 'admin', '2025-09-14 10:46:14', '', '2025-09-14 11:16:03');
INSERT INTO `gen_table_column` VALUES (76, 6, 'del_flag', '删除标志（0代表存在 2代表删除）', 'char(1)', 'String', 'delFlag', '0', '0', '0', '0', '0', NULL, NULL, 'EQ', 'input', '', 6, 'admin', '2025-09-14 10:46:14', '', '2025-09-14 11:16:03');
INSERT INTO `gen_table_column` VALUES (77, 6, 'create_by', '创建者', 'varchar(64)', 'String', 'createBy', '0', '0', NULL, '1', NULL, NULL, NULL, 'EQ', 'input', '', 7, 'admin', '2025-09-14 10:46:14', '', '2025-09-14 11:16:03');
INSERT INTO `gen_table_column` VALUES (78, 6, 'create_time', '创建时间', 'datetime', 'Date', 'createTime', '0', '0', NULL, '1', NULL, NULL, NULL, 'EQ', 'datetime', '', 8, 'admin', '2025-09-14 10:46:14', '', '2025-09-14 11:16:03');
INSERT INTO `gen_table_column` VALUES (79, 6, 'update_by', '更新者', 'varchar(64)', 'String', 'updateBy', '0', '0', NULL, '1', '1', NULL, NULL, 'EQ', 'input', '', 9, 'admin', '2025-09-14 10:46:14', '', '2025-09-14 11:16:03');
INSERT INTO `gen_table_column` VALUES (80, 6, 'update_time', '更新时间', 'datetime', 'Date', 'updateTime', '0', '0', NULL, '1', '1', NULL, NULL, 'EQ', 'datetime', '', 10, 'admin', '2025-09-14 10:46:14', '', '2025-09-14 11:16:03');
INSERT INTO `gen_table_column` VALUES (81, 6, 'remark', '备注', 'varchar(500)', 'String', 'remark', '0', '0', NULL, '1', '1', '1', NULL, 'EQ', 'textarea', '', 11, 'admin', '2025-09-14 10:46:14', '', '2025-09-14 11:16:03');
INSERT INTO `gen_table_column` VALUES (82, 7, 'id', '主键', 'bigint', 'Long', 'id', '1', '1', NULL, '1', NULL, NULL, '1', 'EQ', 'input', '', 1, 'admin', '2025-09-14 11:33:41', '', '2025-09-14 15:26:25');
INSERT INTO `gen_table_column` VALUES (83, 7, 'name', '背景名称', 'varchar(255)', 'String', 'name', '0', '0', NULL, '1', '1', '1', '1', 'LIKE', 'input', '', 2, 'admin', '2025-09-14 11:33:41', '', '2025-09-14 15:26:25');
INSERT INTO `gen_table_column` VALUES (84, 7, 'back_url', '背景图片URL', 'varchar(500)', 'String', 'backUrl', '0', '0', NULL, '1', '1', '1', '1', 'EQ', 'textarea', '', 3, 'admin', '2025-09-14 11:33:41', '', '2025-09-14 15:26:25');
INSERT INTO `gen_table_column` VALUES (85, 7, 'back_we_id', '背景ID', 'varchar(100)', 'String', 'backWeId', '0', '0', NULL, '1', '1', '1', '1', 'EQ', 'input', '', 4, 'admin', '2025-09-14 11:33:41', '', '2025-09-14 15:26:25');
INSERT INTO `gen_table_column` VALUES (86, 7, 'promot', '背景描述', 'varchar(500)', 'String', 'promot', '0', '0', NULL, '1', '1', '1', '1', 'EQ', 'textarea', '', 5, 'admin', '2025-09-14 11:33:41', '', '2025-09-14 15:26:25');
INSERT INTO `gen_table_column` VALUES (87, 7, 'type', '背景类型', 'varchar(50)', 'String', 'type', '0', '0', NULL, '1', '1', '1', '1', 'EQ', 'select', 'brand_type', 6, 'admin', '2025-09-14 11:33:41', '', '2025-09-14 15:26:25');
INSERT INTO `gen_table_column` VALUES (88, 7, 'del_flag', '删除标志（0代表存在 2代表删除）', 'char(1)', 'String', 'delFlag', '0', '0', NULL, '0', NULL, NULL, NULL, 'EQ', 'input', '', 7, 'admin', '2025-09-14 11:33:41', '', '2025-09-14 15:26:25');
INSERT INTO `gen_table_column` VALUES (89, 7, 'create_by', '创建者', 'varchar(64)', 'String', 'createBy', '0', '0', NULL, '1', NULL, NULL, NULL, 'EQ', 'input', '', 8, 'admin', '2025-09-14 11:33:41', '', '2025-09-14 15:26:25');
INSERT INTO `gen_table_column` VALUES (90, 7, 'create_time', '创建时间', 'datetime', 'Date', 'createTime', '0', '0', NULL, '1', NULL, NULL, NULL, 'EQ', 'datetime', '', 9, 'admin', '2025-09-14 11:33:41', '', '2025-09-14 15:26:25');
INSERT INTO `gen_table_column` VALUES (91, 7, 'update_by', '更新者', 'varchar(64)', 'String', 'updateBy', '0', '0', NULL, '1', '1', NULL, NULL, 'EQ', 'input', '', 10, 'admin', '2025-09-14 11:33:41', '', '2025-09-14 15:26:25');
INSERT INTO `gen_table_column` VALUES (92, 7, 'update_time', '更新时间', 'datetime', 'Date', 'updateTime', '0', '0', NULL, '1', '1', NULL, NULL, 'EQ', 'datetime', '', 11, 'admin', '2025-09-14 11:33:41', '', '2025-09-14 15:26:25');
INSERT INTO `gen_table_column` VALUES (93, 7, 'remark', '备注', 'varchar(500)', 'String', 'remark', '0', '0', NULL, '1', '1', '1', NULL, 'EQ', 'textarea', '', 12, 'admin', '2025-09-14 11:33:41', '', '2025-09-14 15:26:25');
INSERT INTO `gen_table_column` VALUES (94, 8, 'id', '主键', 'bigint', 'Long', 'id', '1', '1', NULL, '1', NULL, NULL, '1', 'EQ', 'input', '', 1, 'admin', '2025-09-14 11:33:41', '', '2025-09-14 11:50:40');
INSERT INTO `gen_table_column` VALUES (95, 8, 'name', '服装名称', 'varchar(255)', 'String', 'name', '0', '0', NULL, '1', '1', '1', '1', 'LIKE', 'input', '', 2, 'admin', '2025-09-14 11:33:41', '', '2025-09-14 11:50:40');
INSERT INTO `gen_table_column` VALUES (96, 8, 'cloth_url', '服装图片URL', 'varchar(500)', 'String', 'clothUrl', '0', '0', NULL, '1', '1', '1', '1', 'EQ', 'textarea', '', 3, 'admin', '2025-09-14 11:33:41', '', '2025-09-14 11:50:40');
INSERT INTO `gen_table_column` VALUES (97, 8, 'type', '服装类型', 'varchar(50)', 'String', 'type', '0', '0', NULL, '1', '1', '1', '1', 'EQ', 'select', 'brand_type', 4, 'admin', '2025-09-14 11:33:41', '', '2025-09-14 11:50:40');
INSERT INTO `gen_table_column` VALUES (98, 8, 'del_flag', '删除标志（0代表存在 2代表删除）', 'char(1)', 'String', 'delFlag', '0', '0', NULL, '0', NULL, NULL, NULL, 'EQ', 'input', '', 5, 'admin', '2025-09-14 11:33:41', '', '2025-09-14 11:50:40');
INSERT INTO `gen_table_column` VALUES (99, 8, 'create_by', '创建者', 'varchar(64)', 'String', 'createBy', '0', '0', NULL, '1', NULL, NULL, NULL, 'EQ', 'input', '', 6, 'admin', '2025-09-14 11:33:41', '', '2025-09-14 11:50:40');
INSERT INTO `gen_table_column` VALUES (100, 8, 'create_time', '创建时间', 'datetime', 'Date', 'createTime', '0', '0', NULL, '1', NULL, NULL, NULL, 'EQ', 'datetime', '', 7, 'admin', '2025-09-14 11:33:41', '', '2025-09-14 11:50:40');
INSERT INTO `gen_table_column` VALUES (101, 8, 'update_by', '更新者', 'varchar(64)', 'String', 'updateBy', '0', '0', NULL, '1', '1', NULL, NULL, 'EQ', 'input', '', 8, 'admin', '2025-09-14 11:33:41', '', '2025-09-14 11:50:40');
INSERT INTO `gen_table_column` VALUES (102, 8, 'update_time', '更新时间', 'datetime', 'Date', 'updateTime', '0', '0', NULL, '1', '1', NULL, NULL, 'EQ', 'datetime', '', 9, 'admin', '2025-09-14 11:33:41', '', '2025-09-14 11:50:40');
INSERT INTO `gen_table_column` VALUES (103, 8, 'remark', '备注', 'varchar(500)', 'String', 'remark', '0', '0', NULL, '1', '1', '1', NULL, 'EQ', 'textarea', '', 10, 'admin', '2025-09-14 11:33:41', '', '2025-09-14 11:50:40');
INSERT INTO `gen_table_column` VALUES (104, 9, 'id', '主键', 'bigint', 'Long', 'id', '1', '1', NULL, '1', NULL, NULL, '1', 'EQ', 'input', '', 1, 'admin', '2025-09-14 15:51:33', '', '2025-09-14 17:37:27');
INSERT INTO `gen_table_column` VALUES (105, 9, 'name', '图片名称', 'varchar(255)', 'String', 'name', '0', '0', NULL, '1', '1', '1', '1', 'LIKE', 'input', '', 2, 'admin', '2025-09-14 15:51:33', '', '2025-09-14 17:37:27');
INSERT INTO `gen_table_column` VALUES (106, 9, 'ai_url', 'AI生成图片URL', 'varchar(500)', 'String', 'aiUrl', '0', '0', NULL, '1', '1', '1', '1', 'EQ', 'textarea', '', 3, 'admin', '2025-09-14 15:51:33', '', '2025-09-14 17:37:27');
INSERT INTO `gen_table_column` VALUES (107, 9, 'task_id', '任务ID', 'varchar(100)', 'String', 'taskId', '0', '0', NULL, '1', '1', '1', '1', 'EQ', 'input', '', 4, 'admin', '2025-09-14 15:51:33', '', '2025-09-14 17:37:27');
INSERT INTO `gen_table_column` VALUES (108, 9, 'execute_id', '执行ID', 'varchar(100)', 'String', 'executeId', '0', '0', NULL, '1', '1', '1', '1', 'EQ', 'input', '', 5, 'admin', '2025-09-14 15:51:33', '', '2025-09-14 17:37:27');
INSERT INTO `gen_table_column` VALUES (109, 9, 'type', '图片类型', 'varchar(50)', 'String', 'type', '0', '0', NULL, '1', '1', '1', '1', 'EQ', 'select', 'brand_type', 6, 'admin', '2025-09-14 15:51:33', '', '2025-09-14 17:37:27');
INSERT INTO `gen_table_column` VALUES (110, 9, 'look_id', '关联we_look表的主键', 'bigint', 'Long', 'lookId', '0', '0', NULL, '1', '1', '1', '1', 'EQ', 'input', '', 7, 'admin', '2025-09-14 15:51:33', '', '2025-09-14 17:37:27');
INSERT INTO `gen_table_column` VALUES (111, 9, 'look_url', '外观图片URL', 'varchar(500)', 'String', 'lookUrl', '0', '0', NULL, '1', '1', '1', '1', 'EQ', 'textarea', '', 8, 'admin', '2025-09-14 15:51:33', '', '2025-09-14 17:37:27');
INSERT INTO `gen_table_column` VALUES (112, 9, 'pid', '父id', 'bigint', 'Long', 'pid', '0', '0', NULL, '1', '1', '1', '1', 'EQ', 'input', '', 9, 'admin', '2025-09-14 15:51:33', '', '2025-09-14 17:37:28');
INSERT INTO `gen_table_column` VALUES (113, 9, 'data_status', '状态（0,1,2）', 'char(1)', 'String', 'dataStatus', '0', '0', NULL, '1', '1', '1', '1', 'EQ', 'select', 'we_data_status', 10, 'admin', '2025-09-14 15:51:33', '', '2025-09-14 17:37:28');
INSERT INTO `gen_table_column` VALUES (114, 9, 'del_flag', '删除标志（0代表存在 2代表删除）', 'char(1)', 'String', 'delFlag', '0', '0', NULL, '0', NULL, NULL, NULL, 'EQ', 'input', '', 11, 'admin', '2025-09-14 15:51:33', '', '2025-09-14 17:37:28');
INSERT INTO `gen_table_column` VALUES (115, 9, 'create_by', '创建者', 'varchar(64)', 'String', 'createBy', '0', '0', NULL, '1', NULL, NULL, NULL, 'EQ', 'input', '', 12, 'admin', '2025-09-14 15:51:33', '', '2025-09-14 17:37:28');
INSERT INTO `gen_table_column` VALUES (116, 9, 'create_time', '创建时间', 'datetime', 'Date', 'createTime', '0', '0', NULL, '1', NULL, NULL, NULL, 'EQ', 'datetime', '', 13, 'admin', '2025-09-14 15:51:33', '', '2025-09-14 17:37:28');
INSERT INTO `gen_table_column` VALUES (117, 9, 'update_by', '更新者', 'varchar(64)', 'String', 'updateBy', '0', '0', NULL, '1', '1', NULL, NULL, 'EQ', 'input', '', 14, 'admin', '2025-09-14 15:51:33', '', '2025-09-14 17:37:28');
INSERT INTO `gen_table_column` VALUES (118, 9, 'update_time', '更新时间', 'datetime', 'Date', 'updateTime', '0', '0', NULL, '1', '1', NULL, NULL, 'EQ', 'datetime', '', 15, 'admin', '2025-09-14 15:51:33', '', '2025-09-14 17:37:28');
INSERT INTO `gen_table_column` VALUES (119, 9, 'remark', '备注', 'varchar(500)', 'String', 'remark', '0', '0', NULL, '1', '1', '1', NULL, 'EQ', 'textarea', '', 16, 'admin', '2025-09-14 15:51:33', '', '2025-09-14 17:37:28');
INSERT INTO `gen_table_column` VALUES (138, 11, 'id', '主键', 'bigint', 'Long', 'id', '1', '1', NULL, '1', NULL, NULL, '1', 'EQ', 'input', '', 1, 'admin', '2025-09-14 16:59:39', '', '2025-09-14 17:02:04');
INSERT INTO `gen_table_column` VALUES (139, 11, 'name', '外观名称', 'varchar(255)', 'String', 'name', '0', '0', NULL, '1', '1', '1', '1', 'LIKE', 'input', '', 2, 'admin', '2025-09-14 16:59:39', '', '2025-09-14 17:02:04');
INSERT INTO `gen_table_column` VALUES (140, 11, 'look_url', '外观图片URL', 'varchar(500)', 'String', 'lookUrl', '0', '0', NULL, '1', '1', '1', '1', 'EQ', 'textarea', '', 3, 'admin', '2025-09-14 16:59:39', '', '2025-09-14 17:02:04');
INSERT INTO `gen_table_column` VALUES (141, 11, 'task_id', '任务ID', 'varchar(100)', 'String', 'taskId', '0', '0', NULL, '1', '1', '1', '1', 'EQ', 'input', '', 4, 'admin', '2025-09-14 16:59:39', '', '2025-09-14 17:02:04');
INSERT INTO `gen_table_column` VALUES (142, 11, 'execute_id', '执行ID', 'varchar(100)', 'String', 'executeId', '0', '0', NULL, '1', '1', '1', '1', 'EQ', 'input', '', 5, 'admin', '2025-09-14 16:59:39', '', '2025-09-14 17:02:04');
INSERT INTO `gen_table_column` VALUES (143, 11, 'type', '外观类型', 'varchar(50)', 'String', 'type', '0', '0', NULL, '1', '1', '1', '1', 'EQ', 'select', 'brand_type', 6, 'admin', '2025-09-14 16:59:39', '', '2025-09-14 17:02:04');
INSERT INTO `gen_table_column` VALUES (144, 11, 'model_id', '关联we_model表的主键', 'bigint', 'Long', 'modelId', '0', '0', NULL, '1', '1', '1', '1', 'EQ', 'input', '', 7, 'admin', '2025-09-14 16:59:39', '', '2025-09-14 17:02:04');
INSERT INTO `gen_table_column` VALUES (145, 11, 'model_we_id', '模特ID', 'varchar(100)', 'String', 'modelWeId', '0', '0', NULL, '1', '1', '1', '1', 'EQ', 'input', '', 8, 'admin', '2025-09-14 16:59:39', '', '2025-09-14 17:02:04');
INSERT INTO `gen_table_column` VALUES (146, 11, 'model_url', '模特文件URL', 'varchar(500)', 'String', 'modelUrl', '0', '0', NULL, '1', '1', '1', '1', 'EQ', 'textarea', '', 9, 'admin', '2025-09-14 16:59:39', '', '2025-09-14 17:02:04');
INSERT INTO `gen_table_column` VALUES (147, 11, 'back_id', '关联we_back表的主键', 'bigint', 'Long', 'backId', '0', '0', NULL, '1', '1', '1', '1', 'EQ', 'input', '', 10, 'admin', '2025-09-14 16:59:39', '', '2025-09-14 17:02:04');
INSERT INTO `gen_table_column` VALUES (148, 11, 'back_we_id', '背景ID', 'varchar(100)', 'String', 'backWeId', '0', '0', NULL, '1', '1', '1', '1', 'EQ', 'input', '', 11, 'admin', '2025-09-14 16:59:39', '', '2025-09-14 17:02:04');
INSERT INTO `gen_table_column` VALUES (149, 11, 'back_url', '背景图片URL', 'varchar(500)', 'String', 'backUrl', '0', '0', NULL, '1', '1', '1', '1', 'EQ', 'textarea', '', 12, 'admin', '2025-09-14 16:59:39', '', '2025-09-14 17:02:04');
INSERT INTO `gen_table_column` VALUES (150, 11, 'cloth_id', '关联we_cloth表的主键', 'bigint', 'Long', 'clothId', '0', '0', NULL, '1', '1', '1', '1', 'EQ', 'input', '', 13, 'admin', '2025-09-14 16:59:39', '', '2025-09-14 17:02:04');
INSERT INTO `gen_table_column` VALUES (151, 11, 'cloth_url', '服装图片URL', 'varchar(500)', 'String', 'clothUrl', '0', '0', NULL, '1', '1', '1', '1', 'EQ', 'textarea', '', 14, 'admin', '2025-09-14 16:59:39', '', '2025-09-14 17:02:04');
INSERT INTO `gen_table_column` VALUES (152, 11, 'del_flag', '删除标志（0代表存在 2代表删除）', 'char(1)', 'String', 'delFlag', '0', '0', NULL, '0', NULL, NULL, NULL, 'EQ', 'input', '', 15, 'admin', '2025-09-14 16:59:39', '', '2025-09-14 17:02:04');
INSERT INTO `gen_table_column` VALUES (153, 11, 'create_by', '创建者', 'varchar(64)', 'String', 'createBy', '0', '0', NULL, '1', NULL, NULL, NULL, 'EQ', 'input', '', 16, 'admin', '2025-09-14 16:59:39', '', '2025-09-14 17:02:04');
INSERT INTO `gen_table_column` VALUES (154, 11, 'create_time', '创建时间', 'datetime', 'Date', 'createTime', '0', '0', NULL, '1', NULL, NULL, NULL, 'EQ', 'datetime', '', 17, 'admin', '2025-09-14 16:59:39', '', '2025-09-14 17:02:04');
INSERT INTO `gen_table_column` VALUES (155, 11, 'update_by', '更新者', 'varchar(64)', 'String', 'updateBy', '0', '0', NULL, '1', '1', NULL, NULL, 'EQ', 'input', '', 18, 'admin', '2025-09-14 16:59:39', '', '2025-09-14 17:02:04');
INSERT INTO `gen_table_column` VALUES (156, 11, 'update_time', '更新时间', 'datetime', 'Date', 'updateTime', '0', '0', NULL, '1', '1', NULL, NULL, 'EQ', 'datetime', '', 19, 'admin', '2025-09-14 16:59:39', '', '2025-09-14 17:02:04');
INSERT INTO `gen_table_column` VALUES (157, 11, 'remark', '备注', 'varchar(500)', 'String', 'remark', '0', '0', NULL, '1', '1', '1', NULL, 'EQ', 'textarea', '', 20, 'admin', '2025-09-14 16:59:39', '', '2025-09-14 17:02:04');

-- ----------------------------
-- Table structure for qrtz_blob_triggers
-- ----------------------------
DROP TABLE IF EXISTS `qrtz_blob_triggers`;
CREATE TABLE `qrtz_blob_triggers`  (
  `sched_name` varchar(120) CHARACTER SET utf8mb4 COLLATE utf8mb4_general_ci NOT NULL COMMENT '调度名称',
  `trigger_name` varchar(200) CHARACTER SET utf8mb4 COLLATE utf8mb4_general_ci NOT NULL COMMENT 'qrtz_triggers表trigger_name的外键',
  `trigger_group` varchar(200) CHARACTER SET utf8mb4 COLLATE utf8mb4_general_ci NOT NULL COMMENT 'qrtz_triggers表trigger_group的外键',
  `blob_data` blob NULL COMMENT '存放持久化Trigger对象',
  PRIMARY KEY (`sched_name`, `trigger_name`, `trigger_group`) USING BTREE,
  CONSTRAINT `qrtz_blob_triggers_ibfk_1` FOREIGN KEY (`sched_name`, `trigger_name`, `trigger_group`) REFERENCES `qrtz_triggers` (`sched_name`, `trigger_name`, `trigger_group`) ON DELETE RESTRICT ON UPDATE RESTRICT
) ENGINE = InnoDB CHARACTER SET = utf8mb4 COLLATE = utf8mb4_general_ci COMMENT = 'Blob类型的触发器表' ROW_FORMAT = DYNAMIC;

-- ----------------------------
-- Records of qrtz_blob_triggers
-- ----------------------------

-- ----------------------------
-- Table structure for qrtz_calendars
-- ----------------------------
DROP TABLE IF EXISTS `qrtz_calendars`;
CREATE TABLE `qrtz_calendars`  (
  `sched_name` varchar(120) CHARACTER SET utf8mb4 COLLATE utf8mb4_general_ci NOT NULL COMMENT '调度名称',
  `calendar_name` varchar(200) CHARACTER SET utf8mb4 COLLATE utf8mb4_general_ci NOT NULL COMMENT '日历名称',
  `calendar` blob NOT NULL COMMENT '存放持久化calendar对象',
  PRIMARY KEY (`sched_name`, `calendar_name`) USING BTREE
) ENGINE = InnoDB CHARACTER SET = utf8mb4 COLLATE = utf8mb4_general_ci COMMENT = '日历信息表' ROW_FORMAT = DYNAMIC;

-- ----------------------------
-- Records of qrtz_calendars
-- ----------------------------

-- ----------------------------
-- Table structure for qrtz_cron_triggers
-- ----------------------------
DROP TABLE IF EXISTS `qrtz_cron_triggers`;
CREATE TABLE `qrtz_cron_triggers`  (
  `sched_name` varchar(120) CHARACTER SET utf8mb4 COLLATE utf8mb4_general_ci NOT NULL COMMENT '调度名称',
  `trigger_name` varchar(200) CHARACTER SET utf8mb4 COLLATE utf8mb4_general_ci NOT NULL COMMENT 'qrtz_triggers表trigger_name的外键',
  `trigger_group` varchar(200) CHARACTER SET utf8mb4 COLLATE utf8mb4_general_ci NOT NULL COMMENT 'qrtz_triggers表trigger_group的外键',
  `cron_expression` varchar(200) CHARACTER SET utf8mb4 COLLATE utf8mb4_general_ci NOT NULL COMMENT 'cron表达式',
  `time_zone_id` varchar(80) CHARACTER SET utf8mb4 COLLATE utf8mb4_general_ci NULL DEFAULT NULL COMMENT '时区',
  PRIMARY KEY (`sched_name`, `trigger_name`, `trigger_group`) USING BTREE,
  CONSTRAINT `qrtz_cron_triggers_ibfk_1` FOREIGN KEY (`sched_name`, `trigger_name`, `trigger_group`) REFERENCES `qrtz_triggers` (`sched_name`, `trigger_name`, `trigger_group`) ON DELETE RESTRICT ON UPDATE RESTRICT
) ENGINE = InnoDB CHARACTER SET = utf8mb4 COLLATE = utf8mb4_general_ci COMMENT = 'Cron类型的触发器表' ROW_FORMAT = DYNAMIC;

-- ----------------------------
-- Records of qrtz_cron_triggers
-- ----------------------------

-- ----------------------------
-- Table structure for qrtz_fired_triggers
-- ----------------------------
DROP TABLE IF EXISTS `qrtz_fired_triggers`;
CREATE TABLE `qrtz_fired_triggers`  (
  `sched_name` varchar(120) CHARACTER SET utf8mb4 COLLATE utf8mb4_general_ci NOT NULL COMMENT '调度名称',
  `entry_id` varchar(95) CHARACTER SET utf8mb4 COLLATE utf8mb4_general_ci NOT NULL COMMENT '调度器实例id',
  `trigger_name` varchar(200) CHARACTER SET utf8mb4 COLLATE utf8mb4_general_ci NOT NULL COMMENT 'qrtz_triggers表trigger_name的外键',
  `trigger_group` varchar(200) CHARACTER SET utf8mb4 COLLATE utf8mb4_general_ci NOT NULL COMMENT 'qrtz_triggers表trigger_group的外键',
  `instance_name` varchar(200) CHARACTER SET utf8mb4 COLLATE utf8mb4_general_ci NOT NULL COMMENT '调度器实例名',
  `fired_time` bigint NOT NULL COMMENT '触发的时间',
  `sched_time` bigint NOT NULL COMMENT '定时器制定的时间',
  `priority` int NOT NULL COMMENT '优先级',
  `state` varchar(16) CHARACTER SET utf8mb4 COLLATE utf8mb4_general_ci NOT NULL COMMENT '状态',
  `job_name` varchar(200) CHARACTER SET utf8mb4 COLLATE utf8mb4_general_ci NULL DEFAULT NULL COMMENT '任务名称',
  `job_group` varchar(200) CHARACTER SET utf8mb4 COLLATE utf8mb4_general_ci NULL DEFAULT NULL COMMENT '任务组名',
  `is_nonconcurrent` varchar(1) CHARACTER SET utf8mb4 COLLATE utf8mb4_general_ci NULL DEFAULT NULL COMMENT '是否并发',
  `requests_recovery` varchar(1) CHARACTER SET utf8mb4 COLLATE utf8mb4_general_ci NULL DEFAULT NULL COMMENT '是否接受恢复执行',
  PRIMARY KEY (`sched_name`, `entry_id`) USING BTREE
) ENGINE = InnoDB CHARACTER SET = utf8mb4 COLLATE = utf8mb4_general_ci COMMENT = '已触发的触发器表' ROW_FORMAT = DYNAMIC;

-- ----------------------------
-- Records of qrtz_fired_triggers
-- ----------------------------

-- ----------------------------
-- Table structure for qrtz_job_details
-- ----------------------------
DROP TABLE IF EXISTS `qrtz_job_details`;
CREATE TABLE `qrtz_job_details`  (
  `sched_name` varchar(120) CHARACTER SET utf8mb4 COLLATE utf8mb4_general_ci NOT NULL COMMENT '调度名称',
  `job_name` varchar(200) CHARACTER SET utf8mb4 COLLATE utf8mb4_general_ci NOT NULL COMMENT '任务名称',
  `job_group` varchar(200) CHARACTER SET utf8mb4 COLLATE utf8mb4_general_ci NOT NULL COMMENT '任务组名',
  `description` varchar(250) CHARACTER SET utf8mb4 COLLATE utf8mb4_general_ci NULL DEFAULT NULL COMMENT '相关介绍',
  `job_class_name` varchar(250) CHARACTER SET utf8mb4 COLLATE utf8mb4_general_ci NOT NULL COMMENT '执行任务类名称',
  `is_durable` varchar(1) CHARACTER SET utf8mb4 COLLATE utf8mb4_general_ci NOT NULL COMMENT '是否持久化',
  `is_nonconcurrent` varchar(1) CHARACTER SET utf8mb4 COLLATE utf8mb4_general_ci NOT NULL COMMENT '是否并发',
  `is_update_data` varchar(1) CHARACTER SET utf8mb4 COLLATE utf8mb4_general_ci NOT NULL COMMENT '是否更新数据',
  `requests_recovery` varchar(1) CHARACTER SET utf8mb4 COLLATE utf8mb4_general_ci NOT NULL COMMENT '是否接受恢复执行',
  `job_data` blob NULL COMMENT '存放持久化job对象',
  PRIMARY KEY (`sched_name`, `job_name`, `job_group`) USING BTREE
) ENGINE = InnoDB CHARACTER SET = utf8mb4 COLLATE = utf8mb4_general_ci COMMENT = '任务详细信息表' ROW_FORMAT = DYNAMIC;

-- ----------------------------
-- Records of qrtz_job_details
-- ----------------------------

-- ----------------------------
-- Table structure for qrtz_locks
-- ----------------------------
DROP TABLE IF EXISTS `qrtz_locks`;
CREATE TABLE `qrtz_locks`  (
  `sched_name` varchar(120) CHARACTER SET utf8mb4 COLLATE utf8mb4_general_ci NOT NULL COMMENT '调度名称',
  `lock_name` varchar(40) CHARACTER SET utf8mb4 COLLATE utf8mb4_general_ci NOT NULL COMMENT '悲观锁名称',
  PRIMARY KEY (`sched_name`, `lock_name`) USING BTREE
) ENGINE = InnoDB CHARACTER SET = utf8mb4 COLLATE = utf8mb4_general_ci COMMENT = '存储的悲观锁信息表' ROW_FORMAT = DYNAMIC;

-- ----------------------------
-- Records of qrtz_locks
-- ----------------------------

-- ----------------------------
-- Table structure for qrtz_paused_trigger_grps
-- ----------------------------
DROP TABLE IF EXISTS `qrtz_paused_trigger_grps`;
CREATE TABLE `qrtz_paused_trigger_grps`  (
  `sched_name` varchar(120) CHARACTER SET utf8mb4 COLLATE utf8mb4_general_ci NOT NULL COMMENT '调度名称',
  `trigger_group` varchar(200) CHARACTER SET utf8mb4 COLLATE utf8mb4_general_ci NOT NULL COMMENT 'qrtz_triggers表trigger_group的外键',
  PRIMARY KEY (`sched_name`, `trigger_group`) USING BTREE
) ENGINE = InnoDB CHARACTER SET = utf8mb4 COLLATE = utf8mb4_general_ci COMMENT = '暂停的触发器表' ROW_FORMAT = DYNAMIC;

-- ----------------------------
-- Records of qrtz_paused_trigger_grps
-- ----------------------------

-- ----------------------------
-- Table structure for qrtz_scheduler_state
-- ----------------------------
DROP TABLE IF EXISTS `qrtz_scheduler_state`;
CREATE TABLE `qrtz_scheduler_state`  (
  `sched_name` varchar(120) CHARACTER SET utf8mb4 COLLATE utf8mb4_general_ci NOT NULL COMMENT '调度名称',
  `instance_name` varchar(200) CHARACTER SET utf8mb4 COLLATE utf8mb4_general_ci NOT NULL COMMENT '实例名称',
  `last_checkin_time` bigint NOT NULL COMMENT '上次检查时间',
  `checkin_interval` bigint NOT NULL COMMENT '检查间隔时间',
  PRIMARY KEY (`sched_name`, `instance_name`) USING BTREE
) ENGINE = InnoDB CHARACTER SET = utf8mb4 COLLATE = utf8mb4_general_ci COMMENT = '调度器状态表' ROW_FORMAT = DYNAMIC;

-- ----------------------------
-- Records of qrtz_scheduler_state
-- ----------------------------

-- ----------------------------
-- Table structure for qrtz_simple_triggers
-- ----------------------------
DROP TABLE IF EXISTS `qrtz_simple_triggers`;
CREATE TABLE `qrtz_simple_triggers`  (
  `sched_name` varchar(120) CHARACTER SET utf8mb4 COLLATE utf8mb4_general_ci NOT NULL COMMENT '调度名称',
  `trigger_name` varchar(200) CHARACTER SET utf8mb4 COLLATE utf8mb4_general_ci NOT NULL COMMENT 'qrtz_triggers表trigger_name的外键',
  `trigger_group` varchar(200) CHARACTER SET utf8mb4 COLLATE utf8mb4_general_ci NOT NULL COMMENT 'qrtz_triggers表trigger_group的外键',
  `repeat_count` bigint NOT NULL COMMENT '重复的次数统计',
  `repeat_interval` bigint NOT NULL COMMENT '重复的间隔时间',
  `times_triggered` bigint NOT NULL COMMENT '已经触发的次数',
  PRIMARY KEY (`sched_name`, `trigger_name`, `trigger_group`) USING BTREE,
  CONSTRAINT `qrtz_simple_triggers_ibfk_1` FOREIGN KEY (`sched_name`, `trigger_name`, `trigger_group`) REFERENCES `qrtz_triggers` (`sched_name`, `trigger_name`, `trigger_group`) ON DELETE RESTRICT ON UPDATE RESTRICT
) ENGINE = InnoDB CHARACTER SET = utf8mb4 COLLATE = utf8mb4_general_ci COMMENT = '简单触发器的信息表' ROW_FORMAT = DYNAMIC;

-- ----------------------------
-- Records of qrtz_simple_triggers
-- ----------------------------

-- ----------------------------
-- Table structure for qrtz_simprop_triggers
-- ----------------------------
DROP TABLE IF EXISTS `qrtz_simprop_triggers`;
CREATE TABLE `qrtz_simprop_triggers`  (
  `sched_name` varchar(120) CHARACTER SET utf8mb4 COLLATE utf8mb4_general_ci NOT NULL COMMENT '调度名称',
  `trigger_name` varchar(200) CHARACTER SET utf8mb4 COLLATE utf8mb4_general_ci NOT NULL COMMENT 'qrtz_triggers表trigger_name的外键',
  `trigger_group` varchar(200) CHARACTER SET utf8mb4 COLLATE utf8mb4_general_ci NOT NULL COMMENT 'qrtz_triggers表trigger_group的外键',
  `str_prop_1` varchar(512) CHARACTER SET utf8mb4 COLLATE utf8mb4_general_ci NULL DEFAULT NULL COMMENT 'String类型的trigger的第一个参数',
  `str_prop_2` varchar(512) CHARACTER SET utf8mb4 COLLATE utf8mb4_general_ci NULL DEFAULT NULL COMMENT 'String类型的trigger的第二个参数',
  `str_prop_3` varchar(512) CHARACTER SET utf8mb4 COLLATE utf8mb4_general_ci NULL DEFAULT NULL COMMENT 'String类型的trigger的第三个参数',
  `int_prop_1` int NULL DEFAULT NULL COMMENT 'int类型的trigger的第一个参数',
  `int_prop_2` int NULL DEFAULT NULL COMMENT 'int类型的trigger的第二个参数',
  `long_prop_1` bigint NULL DEFAULT NULL COMMENT 'long类型的trigger的第一个参数',
  `long_prop_2` bigint NULL DEFAULT NULL COMMENT 'long类型的trigger的第二个参数',
  `dec_prop_1` decimal(13, 4) NULL DEFAULT NULL COMMENT 'decimal类型的trigger的第一个参数',
  `dec_prop_2` decimal(13, 4) NULL DEFAULT NULL COMMENT 'decimal类型的trigger的第二个参数',
  `bool_prop_1` varchar(1) CHARACTER SET utf8mb4 COLLATE utf8mb4_general_ci NULL DEFAULT NULL COMMENT 'Boolean类型的trigger的第一个参数',
  `bool_prop_2` varchar(1) CHARACTER SET utf8mb4 COLLATE utf8mb4_general_ci NULL DEFAULT NULL COMMENT 'Boolean类型的trigger的第二个参数',
  PRIMARY KEY (`sched_name`, `trigger_name`, `trigger_group`) USING BTREE,
  CONSTRAINT `qrtz_simprop_triggers_ibfk_1` FOREIGN KEY (`sched_name`, `trigger_name`, `trigger_group`) REFERENCES `qrtz_triggers` (`sched_name`, `trigger_name`, `trigger_group`) ON DELETE RESTRICT ON UPDATE RESTRICT
) ENGINE = InnoDB CHARACTER SET = utf8mb4 COLLATE = utf8mb4_general_ci COMMENT = '同步机制的行锁表' ROW_FORMAT = DYNAMIC;

-- ----------------------------
-- Records of qrtz_simprop_triggers
-- ----------------------------

-- ----------------------------
-- Table structure for qrtz_triggers
-- ----------------------------
DROP TABLE IF EXISTS `qrtz_triggers`;
CREATE TABLE `qrtz_triggers`  (
  `sched_name` varchar(120) CHARACTER SET utf8mb4 COLLATE utf8mb4_general_ci NOT NULL COMMENT '调度名称',
  `trigger_name` varchar(200) CHARACTER SET utf8mb4 COLLATE utf8mb4_general_ci NOT NULL COMMENT '触发器的名字',
  `trigger_group` varchar(200) CHARACTER SET utf8mb4 COLLATE utf8mb4_general_ci NOT NULL COMMENT '触发器所属组的名字',
  `job_name` varchar(200) CHARACTER SET utf8mb4 COLLATE utf8mb4_general_ci NOT NULL COMMENT 'qrtz_job_details表job_name的外键',
  `job_group` varchar(200) CHARACTER SET utf8mb4 COLLATE utf8mb4_general_ci NOT NULL COMMENT 'qrtz_job_details表job_group的外键',
  `description` varchar(250) CHARACTER SET utf8mb4 COLLATE utf8mb4_general_ci NULL DEFAULT NULL COMMENT '相关介绍',
  `next_fire_time` bigint NULL DEFAULT NULL COMMENT '上一次触发时间（毫秒）',
  `prev_fire_time` bigint NULL DEFAULT NULL COMMENT '下一次触发时间（默认为-1表示不触发）',
  `priority` int NULL DEFAULT NULL COMMENT '优先级',
  `trigger_state` varchar(16) CHARACTER SET utf8mb4 COLLATE utf8mb4_general_ci NOT NULL COMMENT '触发器状态',
  `trigger_type` varchar(8) CHARACTER SET utf8mb4 COLLATE utf8mb4_general_ci NOT NULL COMMENT '触发器的类型',
  `start_time` bigint NOT NULL COMMENT '开始时间',
  `end_time` bigint NULL DEFAULT NULL COMMENT '结束时间',
  `calendar_name` varchar(200) CHARACTER SET utf8mb4 COLLATE utf8mb4_general_ci NULL DEFAULT NULL COMMENT '日程表名称',
  `misfire_instr` smallint NULL DEFAULT NULL COMMENT '补偿执行的策略',
  `job_data` blob NULL COMMENT '存放持久化job对象',
  PRIMARY KEY (`sched_name`, `trigger_name`, `trigger_group`) USING BTREE,
  INDEX `sched_name`(`sched_name` ASC, `job_name` ASC, `job_group` ASC) USING BTREE,
  CONSTRAINT `qrtz_triggers_ibfk_1` FOREIGN KEY (`sched_name`, `job_name`, `job_group`) REFERENCES `qrtz_job_details` (`sched_name`, `job_name`, `job_group`) ON DELETE RESTRICT ON UPDATE RESTRICT
) ENGINE = InnoDB CHARACTER SET = utf8mb4 COLLATE = utf8mb4_general_ci COMMENT = '触发器详细信息表' ROW_FORMAT = DYNAMIC;

-- ----------------------------
-- Records of qrtz_triggers
-- ----------------------------

-- ----------------------------
-- Table structure for sys_config
-- ----------------------------
DROP TABLE IF EXISTS `sys_config`;
CREATE TABLE `sys_config`  (
  `config_id` int NOT NULL AUTO_INCREMENT COMMENT '参数主键',
  `config_name` varchar(100) CHARACTER SET utf8mb4 COLLATE utf8mb4_general_ci NULL DEFAULT '' COMMENT '参数名称',
  `config_key` varchar(100) CHARACTER SET utf8mb4 COLLATE utf8mb4_general_ci NULL DEFAULT '' COMMENT '参数键名',
  `config_value` varchar(500) CHARACTER SET utf8mb4 COLLATE utf8mb4_general_ci NULL DEFAULT '' COMMENT '参数键值',
  `config_type` char(1) CHARACTER SET utf8mb4 COLLATE utf8mb4_general_ci NULL DEFAULT 'N' COMMENT '系统内置（Y是 N否）',
  `create_by` varchar(64) CHARACTER SET utf8mb4 COLLATE utf8mb4_general_ci NULL DEFAULT '' COMMENT '创建者',
  `create_time` datetime NULL DEFAULT NULL COMMENT '创建时间',
  `update_by` varchar(64) CHARACTER SET utf8mb4 COLLATE utf8mb4_general_ci NULL DEFAULT '' COMMENT '更新者',
  `update_time` datetime NULL DEFAULT NULL COMMENT '更新时间',
  `remark` varchar(500) CHARACTER SET utf8mb4 COLLATE utf8mb4_general_ci NULL DEFAULT NULL COMMENT '备注',
  PRIMARY KEY (`config_id`) USING BTREE
) ENGINE = InnoDB AUTO_INCREMENT = 100 CHARACTER SET = utf8mb4 COLLATE = utf8mb4_general_ci COMMENT = '参数配置表' ROW_FORMAT = DYNAMIC;

-- ----------------------------
-- Records of sys_config
-- ----------------------------
INSERT INTO `sys_config` VALUES (1, '主框架页-默认皮肤样式名称', 'sys.index.skinName', 'skin-blue', 'Y', 'admin', '2025-09-13 16:40:17', '', NULL, '蓝色 skin-blue、绿色 skin-green、紫色 skin-purple、红色 skin-red、黄色 skin-yellow');
INSERT INTO `sys_config` VALUES (2, '用户管理-账号初始密码', 'sys.user.initPassword', '123456', 'Y', 'admin', '2025-09-13 16:40:17', '', NULL, '初始化密码 123456');
INSERT INTO `sys_config` VALUES (3, '主框架页-侧边栏主题', 'sys.index.sideTheme', 'theme-dark', 'Y', 'admin', '2025-09-13 16:40:17', '', NULL, '深色主题theme-dark，浅色主题theme-light');
INSERT INTO `sys_config` VALUES (4, '账号自助-是否开启用户注册功能', 'sys.account.registerUser', 'false', 'Y', 'admin', '2025-09-13 16:40:17', '', NULL, '是否开启注册用户功能（true开启，false关闭）');
INSERT INTO `sys_config` VALUES (5, '用户登录-黑名单列表', 'sys.login.blackIPList', '', 'Y', 'admin', '2025-09-13 16:40:17', '', NULL, '设置登录IP黑名单限制，多个匹配项以;分隔，支持匹配（*通配、网段）');
INSERT INTO `sys_config` VALUES (6, '用户管理-初始密码修改策略', 'sys.account.initPasswordModify', '1', 'Y', 'admin', '2025-09-13 16:40:17', '', NULL, '0：初始密码修改策略关闭，没有任何提示，1：提醒用户，如果未修改初始密码，则在登录时就会提醒修改密码对话框');
INSERT INTO `sys_config` VALUES (7, '用户管理-账号密码更新周期', 'sys.account.passwordValidateDays', '0', 'Y', 'admin', '2025-09-13 16:40:17', '', NULL, '密码更新周期（填写数字，数据初始化值为0不限制，若修改必须为大于0小于365的正整数），如果超过这个周期登录系统时，则在登录时就会提醒修改密码对话框');

-- ----------------------------
-- Table structure for sys_dept
-- ----------------------------
DROP TABLE IF EXISTS `sys_dept`;
CREATE TABLE `sys_dept`  (
  `dept_id` bigint NOT NULL AUTO_INCREMENT COMMENT '部门id',
  `parent_id` bigint NULL DEFAULT 0 COMMENT '父部门id',
  `ancestors` varchar(50) CHARACTER SET utf8mb4 COLLATE utf8mb4_general_ci NULL DEFAULT '' COMMENT '祖级列表',
  `dept_name` varchar(30) CHARACTER SET utf8mb4 COLLATE utf8mb4_general_ci NULL DEFAULT '' COMMENT '部门名称',
  `order_num` int NULL DEFAULT 0 COMMENT '显示顺序',
  `leader` varchar(20) CHARACTER SET utf8mb4 COLLATE utf8mb4_general_ci NULL DEFAULT NULL COMMENT '负责人',
  `phone` varchar(11) CHARACTER SET utf8mb4 COLLATE utf8mb4_general_ci NULL DEFAULT NULL COMMENT '联系电话',
  `email` varchar(50) CHARACTER SET utf8mb4 COLLATE utf8mb4_general_ci NULL DEFAULT NULL COMMENT '邮箱',
  `status` char(1) CHARACTER SET utf8mb4 COLLATE utf8mb4_general_ci NULL DEFAULT '0' COMMENT '部门状态（0正常 1停用）',
  `del_flag` char(1) CHARACTER SET utf8mb4 COLLATE utf8mb4_general_ci NULL DEFAULT '0' COMMENT '删除标志（0代表存在 2代表删除）',
  `create_by` varchar(64) CHARACTER SET utf8mb4 COLLATE utf8mb4_general_ci NULL DEFAULT '' COMMENT '创建者',
  `create_time` datetime NULL DEFAULT NULL COMMENT '创建时间',
  `update_by` varchar(64) CHARACTER SET utf8mb4 COLLATE utf8mb4_general_ci NULL DEFAULT '' COMMENT '更新者',
  `update_time` datetime NULL DEFAULT NULL COMMENT '更新时间',
  PRIMARY KEY (`dept_id`) USING BTREE
) ENGINE = InnoDB AUTO_INCREMENT = 200 CHARACTER SET = utf8mb4 COLLATE = utf8mb4_general_ci COMMENT = '部门表' ROW_FORMAT = DYNAMIC;

-- ----------------------------
-- Records of sys_dept
-- ----------------------------
INSERT INTO `sys_dept` VALUES (100, 0, '0', '若依科技', 0, '若依', '15888888888', 'ry@qq.com', '0', '0', 'admin', '2025-09-13 16:40:16', '', NULL);
INSERT INTO `sys_dept` VALUES (101, 100, '0,100', '深圳总公司', 1, '若依', '15888888888', 'ry@qq.com', '0', '0', 'admin', '2025-09-13 16:40:16', '', NULL);
INSERT INTO `sys_dept` VALUES (102, 100, '0,100', '长沙分公司', 2, '若依', '15888888888', 'ry@qq.com', '0', '0', 'admin', '2025-09-13 16:40:16', '', NULL);
INSERT INTO `sys_dept` VALUES (103, 101, '0,100,101', '研发部门', 1, '若依', '15888888888', 'ry@qq.com', '0', '0', 'admin', '2025-09-13 16:40:16', '', NULL);
INSERT INTO `sys_dept` VALUES (104, 101, '0,100,101', '市场部门', 2, '若依', '15888888888', 'ry@qq.com', '0', '0', 'admin', '2025-09-13 16:40:16', '', NULL);
INSERT INTO `sys_dept` VALUES (105, 101, '0,100,101', '测试部门', 3, '若依', '15888888888', 'ry@qq.com', '0', '0', 'admin', '2025-09-13 16:40:16', '', NULL);
INSERT INTO `sys_dept` VALUES (106, 101, '0,100,101', '财务部门', 4, '若依', '15888888888', 'ry@qq.com', '0', '0', 'admin', '2025-09-13 16:40:16', '', NULL);
INSERT INTO `sys_dept` VALUES (107, 101, '0,100,101', '运维部门', 5, '若依', '15888888888', 'ry@qq.com', '0', '0', 'admin', '2025-09-13 16:40:16', '', NULL);
INSERT INTO `sys_dept` VALUES (108, 102, '0,100,102', '市场部门', 1, '若依', '15888888888', 'ry@qq.com', '0', '0', 'admin', '2025-09-13 16:40:16', '', NULL);
INSERT INTO `sys_dept` VALUES (109, 102, '0,100,102', '财务部门', 2, '若依', '15888888888', 'ry@qq.com', '0', '0', 'admin', '2025-09-13 16:40:16', '', NULL);

-- ----------------------------
-- Table structure for sys_dict_data
-- ----------------------------
DROP TABLE IF EXISTS `sys_dict_data`;
CREATE TABLE `sys_dict_data`  (
  `dict_code` bigint NOT NULL AUTO_INCREMENT COMMENT '字典编码',
  `dict_sort` int NULL DEFAULT 0 COMMENT '字典排序',
  `dict_label` varchar(100) CHARACTER SET utf8mb4 COLLATE utf8mb4_general_ci NULL DEFAULT '' COMMENT '字典标签',
  `dict_value` varchar(100) CHARACTER SET utf8mb4 COLLATE utf8mb4_general_ci NULL DEFAULT '' COMMENT '字典键值',
  `dict_type` varchar(100) CHARACTER SET utf8mb4 COLLATE utf8mb4_general_ci NULL DEFAULT '' COMMENT '字典类型',
  `css_class` varchar(100) CHARACTER SET utf8mb4 COLLATE utf8mb4_general_ci NULL DEFAULT NULL COMMENT '样式属性（其他样式扩展）',
  `list_class` varchar(100) CHARACTER SET utf8mb4 COLLATE utf8mb4_general_ci NULL DEFAULT NULL COMMENT '表格回显样式',
  `is_default` char(1) CHARACTER SET utf8mb4 COLLATE utf8mb4_general_ci NULL DEFAULT 'N' COMMENT '是否默认（Y是 N否）',
  `status` char(1) CHARACTER SET utf8mb4 COLLATE utf8mb4_general_ci NULL DEFAULT '0' COMMENT '状态（0正常 1停用）',
  `create_by` varchar(64) CHARACTER SET utf8mb4 COLLATE utf8mb4_general_ci NULL DEFAULT '' COMMENT '创建者',
  `create_time` datetime NULL DEFAULT NULL COMMENT '创建时间',
  `update_by` varchar(64) CHARACTER SET utf8mb4 COLLATE utf8mb4_general_ci NULL DEFAULT '' COMMENT '更新者',
  `update_time` datetime NULL DEFAULT NULL COMMENT '更新时间',
  `remark` varchar(500) CHARACTER SET utf8mb4 COLLATE utf8mb4_general_ci NULL DEFAULT NULL COMMENT '备注',
  PRIMARY KEY (`dict_code`) USING BTREE
) ENGINE = InnoDB AUTO_INCREMENT = 105 CHARACTER SET = utf8mb4 COLLATE = utf8mb4_general_ci COMMENT = '字典数据表' ROW_FORMAT = DYNAMIC;

-- ----------------------------
-- Records of sys_dict_data
-- ----------------------------
INSERT INTO `sys_dict_data` VALUES (1, 1, '男', '0', 'sys_user_sex', '', '', 'Y', '0', 'admin', '2025-09-13 16:40:17', '', NULL, '性别男');
INSERT INTO `sys_dict_data` VALUES (2, 2, '女', '1', 'sys_user_sex', '', '', 'N', '0', 'admin', '2025-09-13 16:40:17', '', NULL, '性别女');
INSERT INTO `sys_dict_data` VALUES (3, 3, '未知', '2', 'sys_user_sex', '', '', 'N', '0', 'admin', '2025-09-13 16:40:17', '', NULL, '性别未知');
INSERT INTO `sys_dict_data` VALUES (4, 1, '显示', '0', 'sys_show_hide', '', 'primary', 'Y', '0', 'admin', '2025-09-13 16:40:17', '', NULL, '显示菜单');
INSERT INTO `sys_dict_data` VALUES (5, 2, '隐藏', '1', 'sys_show_hide', '', 'danger', 'N', '0', 'admin', '2025-09-13 16:40:17', '', NULL, '隐藏菜单');
INSERT INTO `sys_dict_data` VALUES (6, 1, '正常', '0', 'sys_normal_disable', '', 'primary', 'Y', '0', 'admin', '2025-09-13 16:40:17', '', NULL, '正常状态');
INSERT INTO `sys_dict_data` VALUES (7, 2, '停用', '1', 'sys_normal_disable', '', 'danger', 'N', '0', 'admin', '2025-09-13 16:40:17', '', NULL, '停用状态');
INSERT INTO `sys_dict_data` VALUES (8, 1, '正常', '0', 'sys_job_status', '', 'primary', 'Y', '0', 'admin', '2025-09-13 16:40:17', '', NULL, '正常状态');
INSERT INTO `sys_dict_data` VALUES (9, 2, '暂停', '1', 'sys_job_status', '', 'danger', 'N', '0', 'admin', '2025-09-13 16:40:17', '', NULL, '停用状态');
INSERT INTO `sys_dict_data` VALUES (10, 1, '默认', 'DEFAULT', 'sys_job_group', '', '', 'Y', '0', 'admin', '2025-09-13 16:40:17', '', NULL, '默认分组');
INSERT INTO `sys_dict_data` VALUES (11, 2, '系统', 'SYSTEM', 'sys_job_group', '', '', 'N', '0', 'admin', '2025-09-13 16:40:17', '', NULL, '系统分组');
INSERT INTO `sys_dict_data` VALUES (12, 1, '是', 'Y', 'sys_yes_no', '', 'primary', 'Y', '0', 'admin', '2025-09-13 16:40:17', '', NULL, '系统默认是');
INSERT INTO `sys_dict_data` VALUES (13, 2, '否', 'N', 'sys_yes_no', '', 'danger', 'N', '0', 'admin', '2025-09-13 16:40:17', '', NULL, '系统默认否');
INSERT INTO `sys_dict_data` VALUES (14, 1, '通知', '1', 'sys_notice_type', '', 'warning', 'Y', '0', 'admin', '2025-09-13 16:40:17', '', NULL, '通知');
INSERT INTO `sys_dict_data` VALUES (15, 2, '公告', '2', 'sys_notice_type', '', 'success', 'N', '0', 'admin', '2025-09-13 16:40:17', '', NULL, '公告');
INSERT INTO `sys_dict_data` VALUES (16, 1, '正常', '0', 'sys_notice_status', '', 'primary', 'Y', '0', 'admin', '2025-09-13 16:40:17', '', NULL, '正常状态');
INSERT INTO `sys_dict_data` VALUES (17, 2, '关闭', '1', 'sys_notice_status', '', 'danger', 'N', '0', 'admin', '2025-09-13 16:40:17', '', NULL, '关闭状态');
INSERT INTO `sys_dict_data` VALUES (18, 99, '其他', '0', 'sys_oper_type', '', 'info', 'N', '0', 'admin', '2025-09-13 16:40:17', '', NULL, '其他操作');
INSERT INTO `sys_dict_data` VALUES (19, 1, '新增', '1', 'sys_oper_type', '', 'info', 'N', '0', 'admin', '2025-09-13 16:40:17', '', NULL, '新增操作');
INSERT INTO `sys_dict_data` VALUES (20, 2, '修改', '2', 'sys_oper_type', '', 'info', 'N', '0', 'admin', '2025-09-13 16:40:17', '', NULL, '修改操作');
INSERT INTO `sys_dict_data` VALUES (21, 3, '删除', '3', 'sys_oper_type', '', 'danger', 'N', '0', 'admin', '2025-09-13 16:40:17', '', NULL, '删除操作');
INSERT INTO `sys_dict_data` VALUES (22, 4, '授权', '4', 'sys_oper_type', '', 'primary', 'N', '0', 'admin', '2025-09-13 16:40:17', '', NULL, '授权操作');
INSERT INTO `sys_dict_data` VALUES (23, 5, '导出', '5', 'sys_oper_type', '', 'warning', 'N', '0', 'admin', '2025-09-13 16:40:17', '', NULL, '导出操作');
INSERT INTO `sys_dict_data` VALUES (24, 6, '导入', '6', 'sys_oper_type', '', 'warning', 'N', '0', 'admin', '2025-09-13 16:40:17', '', NULL, '导入操作');
INSERT INTO `sys_dict_data` VALUES (25, 7, '强退', '7', 'sys_oper_type', '', 'danger', 'N', '0', 'admin', '2025-09-13 16:40:17', '', NULL, '强退操作');
INSERT INTO `sys_dict_data` VALUES (26, 8, '生成代码', '8', 'sys_oper_type', '', 'warning', 'N', '0', 'admin', '2025-09-13 16:40:17', '', NULL, '生成操作');
INSERT INTO `sys_dict_data` VALUES (27, 9, '清空数据', '9', 'sys_oper_type', '', 'danger', 'N', '0', 'admin', '2025-09-13 16:40:17', '', NULL, '清空操作');
INSERT INTO `sys_dict_data` VALUES (28, 1, '成功', '0', 'sys_common_status', '', 'primary', 'N', '0', 'admin', '2025-09-13 16:40:17', '', NULL, '正常状态');
INSERT INTO `sys_dict_data` VALUES (29, 2, '失败', '1', 'sys_common_status', '', 'danger', 'N', '0', 'admin', '2025-09-13 16:40:17', '', NULL, '停用状态');
INSERT INTO `sys_dict_data` VALUES (100, 1, '波司登', '1', 'brand_type', NULL, 'success', 'N', '0', 'admin', '2025-09-14 09:48:17', '', NULL, NULL);
INSERT INTO `sys_dict_data` VALUES (101, 2, 'tanni', '2', 'brand_type', NULL, 'primary', 'N', '0', 'admin', '2025-09-14 09:48:31', 'admin', '2025-09-14 09:49:04', NULL);
INSERT INTO `sys_dict_data` VALUES (102, 0, '待审核', '0', 'we_data_status', NULL, 'warning', 'N', '0', 'admin', '2025-09-14 10:42:30', 'admin', '2025-09-14 10:43:43', NULL);
INSERT INTO `sys_dict_data` VALUES (103, 1, '审核通过', '1', 'we_data_status', NULL, 'success', 'N', '0', 'admin', '2025-09-14 10:42:49', '', NULL, NULL);
INSERT INTO `sys_dict_data` VALUES (104, 2, '审核未通过', '2', 'we_data_status', NULL, 'danger', 'N', '0', 'admin', '2025-09-14 10:43:26', '', NULL, NULL);

-- ----------------------------
-- Table structure for sys_dict_type
-- ----------------------------
DROP TABLE IF EXISTS `sys_dict_type`;
CREATE TABLE `sys_dict_type`  (
  `dict_id` bigint NOT NULL AUTO_INCREMENT COMMENT '字典主键',
  `dict_name` varchar(100) CHARACTER SET utf8mb4 COLLATE utf8mb4_general_ci NULL DEFAULT '' COMMENT '字典名称',
  `dict_type` varchar(100) CHARACTER SET utf8mb4 COLLATE utf8mb4_general_ci NULL DEFAULT '' COMMENT '字典类型',
  `status` char(1) CHARACTER SET utf8mb4 COLLATE utf8mb4_general_ci NULL DEFAULT '0' COMMENT '状态（0正常 1停用）',
  `create_by` varchar(64) CHARACTER SET utf8mb4 COLLATE utf8mb4_general_ci NULL DEFAULT '' COMMENT '创建者',
  `create_time` datetime NULL DEFAULT NULL COMMENT '创建时间',
  `update_by` varchar(64) CHARACTER SET utf8mb4 COLLATE utf8mb4_general_ci NULL DEFAULT '' COMMENT '更新者',
  `update_time` datetime NULL DEFAULT NULL COMMENT '更新时间',
  `remark` varchar(500) CHARACTER SET utf8mb4 COLLATE utf8mb4_general_ci NULL DEFAULT NULL COMMENT '备注',
  PRIMARY KEY (`dict_id`) USING BTREE,
  UNIQUE INDEX `dict_type`(`dict_type` ASC) USING BTREE
) ENGINE = InnoDB AUTO_INCREMENT = 103 CHARACTER SET = utf8mb4 COLLATE = utf8mb4_general_ci COMMENT = '字典类型表' ROW_FORMAT = DYNAMIC;

-- ----------------------------
-- Records of sys_dict_type
-- ----------------------------
INSERT INTO `sys_dict_type` VALUES (1, '用户性别', 'sys_user_sex', '0', 'admin', '2025-09-13 16:40:17', '', NULL, '用户性别列表');
INSERT INTO `sys_dict_type` VALUES (2, '菜单状态', 'sys_show_hide', '0', 'admin', '2025-09-13 16:40:17', '', NULL, '菜单状态列表');
INSERT INTO `sys_dict_type` VALUES (3, '系统开关', 'sys_normal_disable', '0', 'admin', '2025-09-13 16:40:17', '', NULL, '系统开关列表');
INSERT INTO `sys_dict_type` VALUES (4, '任务状态', 'sys_job_status', '0', 'admin', '2025-09-13 16:40:17', '', NULL, '任务状态列表');
INSERT INTO `sys_dict_type` VALUES (5, '任务分组', 'sys_job_group', '0', 'admin', '2025-09-13 16:40:17', '', NULL, '任务分组列表');
INSERT INTO `sys_dict_type` VALUES (6, '系统是否', 'sys_yes_no', '0', 'admin', '2025-09-13 16:40:17', '', NULL, '系统是否列表');
INSERT INTO `sys_dict_type` VALUES (7, '通知类型', 'sys_notice_type', '0', 'admin', '2025-09-13 16:40:17', '', NULL, '通知类型列表');
INSERT INTO `sys_dict_type` VALUES (8, '通知状态', 'sys_notice_status', '0', 'admin', '2025-09-13 16:40:17', '', NULL, '通知状态列表');
INSERT INTO `sys_dict_type` VALUES (9, '操作类型', 'sys_oper_type', '0', 'admin', '2025-09-13 16:40:17', '', NULL, '操作类型列表');
INSERT INTO `sys_dict_type` VALUES (10, '系统状态', 'sys_common_status', '0', 'admin', '2025-09-13 16:40:17', '', NULL, '登录状态列表');
INSERT INTO `sys_dict_type` VALUES (100, '品牌类型', 'brand_type', '0', 'admin', '2025-09-14 09:45:15', '', NULL, NULL);
INSERT INTO `sys_dict_type` VALUES (101, 'we数据状态', 'we_data_status', '0', 'admin', '2025-09-14 10:41:43', '', NULL, NULL);

-- ----------------------------
-- Table structure for sys_job
-- ----------------------------
DROP TABLE IF EXISTS `sys_job`;
CREATE TABLE `sys_job`  (
  `job_id` bigint NOT NULL AUTO_INCREMENT COMMENT '任务ID',
  `job_name` varchar(64) CHARACTER SET utf8mb4 COLLATE utf8mb4_general_ci NOT NULL DEFAULT '' COMMENT '任务名称',
  `job_group` varchar(64) CHARACTER SET utf8mb4 COLLATE utf8mb4_general_ci NOT NULL DEFAULT 'DEFAULT' COMMENT '任务组名',
  `invoke_target` varchar(500) CHARACTER SET utf8mb4 COLLATE utf8mb4_general_ci NOT NULL COMMENT '调用目标字符串',
  `cron_expression` varchar(255) CHARACTER SET utf8mb4 COLLATE utf8mb4_general_ci NULL DEFAULT '' COMMENT 'cron执行表达式',
  `misfire_policy` varchar(20) CHARACTER SET utf8mb4 COLLATE utf8mb4_general_ci NULL DEFAULT '3' COMMENT '计划执行错误策略（1立即执行 2执行一次 3放弃执行）',
  `concurrent` char(1) CHARACTER SET utf8mb4 COLLATE utf8mb4_general_ci NULL DEFAULT '1' COMMENT '是否并发执行（0允许 1禁止）',
  `status` char(1) CHARACTER SET utf8mb4 COLLATE utf8mb4_general_ci NULL DEFAULT '0' COMMENT '状态（0正常 1暂停）',
  `create_by` varchar(64) CHARACTER SET utf8mb4 COLLATE utf8mb4_general_ci NULL DEFAULT '' COMMENT '创建者',
  `create_time` datetime NULL DEFAULT NULL COMMENT '创建时间',
  `update_by` varchar(64) CHARACTER SET utf8mb4 COLLATE utf8mb4_general_ci NULL DEFAULT '' COMMENT '更新者',
  `update_time` datetime NULL DEFAULT NULL COMMENT '更新时间',
  `remark` varchar(500) CHARACTER SET utf8mb4 COLLATE utf8mb4_general_ci NULL DEFAULT '' COMMENT '备注信息',
  PRIMARY KEY (`job_id`, `job_name`, `job_group`) USING BTREE
) ENGINE = InnoDB AUTO_INCREMENT = 100 CHARACTER SET = utf8mb4 COLLATE = utf8mb4_general_ci COMMENT = '定时任务调度表' ROW_FORMAT = DYNAMIC;

-- ----------------------------
-- Records of sys_job
-- ----------------------------
INSERT INTO `sys_job` VALUES (1, '系统默认（无参）', 'DEFAULT', 'ryTask.ryNoParams', '0/10 * * * * ?', '3', '1', '1', 'admin', '2025-09-13 16:40:18', '', NULL, '');
INSERT INTO `sys_job` VALUES (2, '系统默认（有参）', 'DEFAULT', 'ryTask.ryParams(\'ry\')', '0/15 * * * * ?', '3', '1', '1', 'admin', '2025-09-13 16:40:18', '', NULL, '');
INSERT INTO `sys_job` VALUES (3, '系统默认（多参）', 'DEFAULT', 'ryTask.ryMultipleParams(\'ry\', true, 2000L, 316.50D, 100)', '0/20 * * * * ?', '3', '1', '1', 'admin', '2025-09-13 16:40:18', '', NULL, '');

-- ----------------------------
-- Table structure for sys_job_log
-- ----------------------------
DROP TABLE IF EXISTS `sys_job_log`;
CREATE TABLE `sys_job_log`  (
  `job_log_id` bigint NOT NULL AUTO_INCREMENT COMMENT '任务日志ID',
  `job_name` varchar(64) CHARACTER SET utf8mb4 COLLATE utf8mb4_general_ci NOT NULL COMMENT '任务名称',
  `job_group` varchar(64) CHARACTER SET utf8mb4 COLLATE utf8mb4_general_ci NOT NULL COMMENT '任务组名',
  `invoke_target` varchar(500) CHARACTER SET utf8mb4 COLLATE utf8mb4_general_ci NOT NULL COMMENT '调用目标字符串',
  `job_message` varchar(500) CHARACTER SET utf8mb4 COLLATE utf8mb4_general_ci NULL DEFAULT NULL COMMENT '日志信息',
  `status` char(1) CHARACTER SET utf8mb4 COLLATE utf8mb4_general_ci NULL DEFAULT '0' COMMENT '执行状态（0正常 1失败）',
  `exception_info` varchar(2000) CHARACTER SET utf8mb4 COLLATE utf8mb4_general_ci NULL DEFAULT '' COMMENT '异常信息',
  `create_time` datetime NULL DEFAULT NULL COMMENT '创建时间',
  PRIMARY KEY (`job_log_id`) USING BTREE
) ENGINE = InnoDB AUTO_INCREMENT = 1 CHARACTER SET = utf8mb4 COLLATE = utf8mb4_general_ci COMMENT = '定时任务调度日志表' ROW_FORMAT = DYNAMIC;

-- ----------------------------
-- Records of sys_job_log
-- ----------------------------

-- ----------------------------
-- Table structure for sys_logininfor
-- ----------------------------
DROP TABLE IF EXISTS `sys_logininfor`;
CREATE TABLE `sys_logininfor`  (
  `info_id` bigint NOT NULL AUTO_INCREMENT COMMENT '访问ID',
  `user_name` varchar(50) CHARACTER SET utf8mb4 COLLATE utf8mb4_general_ci NULL DEFAULT '' COMMENT '用户账号',
  `ipaddr` varchar(128) CHARACTER SET utf8mb4 COLLATE utf8mb4_general_ci NULL DEFAULT '' COMMENT '登录IP地址',
  `status` char(1) CHARACTER SET utf8mb4 COLLATE utf8mb4_general_ci NULL DEFAULT '0' COMMENT '登录状态（0成功 1失败）',
  `msg` varchar(255) CHARACTER SET utf8mb4 COLLATE utf8mb4_general_ci NULL DEFAULT '' COMMENT '提示信息',
  `access_time` datetime NULL DEFAULT NULL COMMENT '访问时间',
  PRIMARY KEY (`info_id`) USING BTREE,
  INDEX `idx_sys_logininfor_s`(`status` ASC) USING BTREE,
  INDEX `idx_sys_logininfor_lt`(`access_time` ASC) USING BTREE
) ENGINE = InnoDB AUTO_INCREMENT = 120 CHARACTER SET = utf8mb4 COLLATE = utf8mb4_general_ci COMMENT = '系统访问记录' ROW_FORMAT = DYNAMIC;

-- ----------------------------
-- Records of sys_logininfor
-- ----------------------------
INSERT INTO `sys_logininfor` VALUES (100, 'admin', '127.0.0.1', '0', '登录成功', '2025-09-13 17:11:22');
INSERT INTO `sys_logininfor` VALUES (101, 'admin', '127.0.0.1', '0', '登录成功', '2025-09-13 17:11:23');
INSERT INTO `sys_logininfor` VALUES (102, 'admin', '127.0.0.1', '0', '退出成功', '2025-09-13 21:56:59');
INSERT INTO `sys_logininfor` VALUES (103, 'admin', '127.0.0.1', '0', '登录成功', '2025-09-13 21:57:10');
INSERT INTO `sys_logininfor` VALUES (104, 'admin', '127.0.0.1', '0', '登录成功', '2025-09-14 09:28:18');
INSERT INTO `sys_logininfor` VALUES (105, 'admin', '127.0.0.1', '0', '登录成功', '2025-09-14 09:28:54');
INSERT INTO `sys_logininfor` VALUES (106, 'admin', '127.0.0.1', '0', '退出成功', '2025-09-14 10:08:04');
INSERT INTO `sys_logininfor` VALUES (107, 'admin', '127.0.0.1', '0', '登录成功', '2025-09-14 10:08:08');
INSERT INTO `sys_logininfor` VALUES (108, 'admin', '127.0.0.1', '0', '退出成功', '2025-09-14 11:04:47');
INSERT INTO `sys_logininfor` VALUES (109, 'admin', '127.0.0.1', '0', '登录成功', '2025-09-14 11:04:51');
INSERT INTO `sys_logininfor` VALUES (110, 'admin', '127.0.0.1', '0', '登录成功', '2025-09-14 16:04:52');
INSERT INTO `sys_logininfor` VALUES (111, 'admin', '127.0.0.1', '0', '退出成功', '2025-09-14 17:20:31');
INSERT INTO `sys_logininfor` VALUES (112, 'admin', '127.0.0.1', '0', '登录成功', '2025-09-14 17:20:41');
INSERT INTO `sys_logininfor` VALUES (113, 'admin', '127.0.0.1', '0', '退出成功', '2025-09-15 11:35:28');
INSERT INTO `sys_logininfor` VALUES (114, 'admin', '127.0.0.1', '0', '登录成功', '2025-09-15 11:35:39');
INSERT INTO `sys_logininfor` VALUES (115, 'admin', '127.0.0.1', '0', '退出成功', '2025-09-15 11:45:17');
INSERT INTO `sys_logininfor` VALUES (116, 'admin', '127.0.0.1', '0', '登录成功', '2025-09-15 11:45:22');
INSERT INTO `sys_logininfor` VALUES (117, 'admin', '127.0.0.1', '0', '登录成功', '2025-09-16 08:44:43');
INSERT INTO `sys_logininfor` VALUES (118, 'admin', '127.0.0.1', '0', '登录成功', '2025-09-17 08:39:38');
INSERT INTO `sys_logininfor` VALUES (119, 'admin', '127.0.0.1', '0', '登录成功', '2025-09-18 09:08:43');

-- ----------------------------
-- Table structure for sys_menu
-- ----------------------------
DROP TABLE IF EXISTS `sys_menu`;
CREATE TABLE `sys_menu`  (
  `menu_id` bigint NOT NULL AUTO_INCREMENT COMMENT '菜单ID',
  `menu_name` varchar(50) CHARACTER SET utf8mb4 COLLATE utf8mb4_general_ci NOT NULL COMMENT '菜单名称',
  `parent_id` bigint NULL DEFAULT 0 COMMENT '父菜单ID',
  `order_num` int NULL DEFAULT 0 COMMENT '显示顺序',
  `path` varchar(200) CHARACTER SET utf8mb4 COLLATE utf8mb4_general_ci NULL DEFAULT '' COMMENT '路由地址',
  `component` varchar(255) CHARACTER SET utf8mb4 COLLATE utf8mb4_general_ci NULL DEFAULT NULL COMMENT '组件路径',
  `query` varchar(255) CHARACTER SET utf8mb4 COLLATE utf8mb4_general_ci NULL DEFAULT NULL COMMENT '路由参数',
  `route_name` varchar(50) CHARACTER SET utf8mb4 COLLATE utf8mb4_general_ci NULL DEFAULT '' COMMENT '路由名称',
  `is_frame` int NULL DEFAULT 1 COMMENT '是否为外链（0是 1否）',
  `is_cache` int NULL DEFAULT 0 COMMENT '是否缓存（0缓存 1不缓存）',
  `menu_type` char(1) CHARACTER SET utf8mb4 COLLATE utf8mb4_general_ci NULL DEFAULT '' COMMENT '菜单类型（M目录 C菜单 F按钮）',
  `visible` char(1) CHARACTER SET utf8mb4 COLLATE utf8mb4_general_ci NULL DEFAULT '0' COMMENT '菜单状态（0显示 1隐藏）',
  `status` char(1) CHARACTER SET utf8mb4 COLLATE utf8mb4_general_ci NULL DEFAULT '0' COMMENT '菜单状态（0正常 1停用）',
  `perms` varchar(100) CHARACTER SET utf8mb4 COLLATE utf8mb4_general_ci NULL DEFAULT NULL COMMENT '权限标识',
  `icon` varchar(100) CHARACTER SET utf8mb4 COLLATE utf8mb4_general_ci NULL DEFAULT '#' COMMENT '菜单图标',
  `create_by` varchar(64) CHARACTER SET utf8mb4 COLLATE utf8mb4_general_ci NULL DEFAULT '' COMMENT '创建者',
  `create_time` datetime NULL DEFAULT NULL COMMENT '创建时间',
  `update_by` varchar(64) CHARACTER SET utf8mb4 COLLATE utf8mb4_general_ci NULL DEFAULT '' COMMENT '更新者',
  `update_time` datetime NULL DEFAULT NULL COMMENT '更新时间',
  `remark` varchar(500) CHARACTER SET utf8mb4 COLLATE utf8mb4_general_ci NULL DEFAULT '' COMMENT '备注',
  PRIMARY KEY (`menu_id`) USING BTREE
) ENGINE = InnoDB AUTO_INCREMENT = 2030 CHARACTER SET = utf8mb4 COLLATE = utf8mb4_general_ci COMMENT = '菜单权限表' ROW_FORMAT = DYNAMIC;

-- ----------------------------
-- Records of sys_menu
-- ----------------------------
INSERT INTO `sys_menu` VALUES (1, '系统管理', 0, 1, 'system', NULL, '', '', 1, 0, 'M', '0', '0', '', 'system', 'admin', '2025-09-13 16:40:16', '', NULL, '系统管理目录');
INSERT INTO `sys_menu` VALUES (2, '系统监控', 0, 2, 'monitor', NULL, '', '', 1, 0, 'M', '0', '0', '', 'monitor', 'admin', '2025-09-13 16:40:16', '', NULL, '系统监控目录');
INSERT INTO `sys_menu` VALUES (3, '系统工具', 0, 3, 'tool', NULL, '', '', 1, 0, 'M', '0', '0', '', 'tool', 'admin', '2025-09-13 16:40:16', '', NULL, '系统工具目录');
INSERT INTO `sys_menu` VALUES (4, '若依官网', 0, 4, 'http://ruoyi.vip', NULL, '', '', 0, 0, 'M', '0', '0', '', 'guide', 'admin', '2025-09-13 16:40:16', '', NULL, '若依官网地址');
INSERT INTO `sys_menu` VALUES (100, '用户管理', 1, 1, 'user', 'system/user/index', '', '', 1, 0, 'C', '0', '0', 'system:user:list', 'user', 'admin', '2025-09-13 16:40:16', '', NULL, '用户管理菜单');
INSERT INTO `sys_menu` VALUES (101, '角色管理', 1, 2, 'role', 'system/role/index', '', '', 1, 0, 'C', '0', '0', 'system:role:list', 'peoples', 'admin', '2025-09-13 16:40:16', '', NULL, '角色管理菜单');
INSERT INTO `sys_menu` VALUES (102, '菜单管理', 1, 3, 'menu', 'system/menu/index', '', '', 1, 0, 'C', '0', '0', 'system:menu:list', 'tree-table', 'admin', '2025-09-13 16:40:16', '', NULL, '菜单管理菜单');
INSERT INTO `sys_menu` VALUES (103, '部门管理', 1, 4, 'dept', 'system/dept/index', '', '', 1, 0, 'C', '0', '0', 'system:dept:list', 'tree', 'admin', '2025-09-13 16:40:16', '', NULL, '部门管理菜单');
INSERT INTO `sys_menu` VALUES (104, '岗位管理', 1, 5, 'post', 'system/post/index', '', '', 1, 0, 'C', '0', '0', 'system:post:list', 'post', 'admin', '2025-09-13 16:40:16', '', NULL, '岗位管理菜单');
INSERT INTO `sys_menu` VALUES (105, '字典管理', 1, 6, 'dict', 'system/dict/index', '', '', 1, 0, 'C', '0', '0', 'system:dict:list', 'dict', 'admin', '2025-09-13 16:40:16', '', NULL, '字典管理菜单');
INSERT INTO `sys_menu` VALUES (106, '参数设置', 1, 7, 'config', 'system/config/index', '', '', 1, 0, 'C', '0', '0', 'system:config:list', 'edit', 'admin', '2025-09-13 16:40:16', '', NULL, '参数设置菜单');
INSERT INTO `sys_menu` VALUES (107, '通知公告', 1, 8, 'notice', 'system/notice/index', '', '', 1, 0, 'C', '0', '0', 'system:notice:list', 'message', 'admin', '2025-09-13 16:40:16', '', NULL, '通知公告菜单');
INSERT INTO `sys_menu` VALUES (108, '日志管理', 1, 9, 'log', '', '', '', 1, 0, 'M', '0', '0', '', 'log', 'admin', '2025-09-13 16:40:16', '', NULL, '日志管理菜单');
INSERT INTO `sys_menu` VALUES (109, '在线用户', 2, 1, 'online', 'monitor/online/index', '', '', 1, 0, 'C', '0', '0', 'monitor:online:list', 'online', 'admin', '2025-09-13 16:40:16', '', NULL, '在线用户菜单');
INSERT INTO `sys_menu` VALUES (110, '定时任务', 2, 2, 'job', 'monitor/job/index', '', '', 1, 0, 'C', '0', '0', 'monitor:job:list', 'job', 'admin', '2025-09-13 16:40:16', '', NULL, '定时任务菜单');
INSERT INTO `sys_menu` VALUES (111, 'Sentinel控制台', 2, 3, 'http://localhost:8718', '', '', '', 0, 0, 'C', '0', '0', 'monitor:sentinel:list', 'sentinel', 'admin', '2025-09-13 16:40:16', '', NULL, '流量控制菜单');
INSERT INTO `sys_menu` VALUES (112, 'Nacos控制台', 2, 4, 'http://localhost:8848/nacos', '', '', '', 0, 0, 'C', '0', '0', 'monitor:nacos:list', 'nacos', 'admin', '2025-09-13 16:40:16', '', NULL, '服务治理菜单');
INSERT INTO `sys_menu` VALUES (113, 'Admin控制台', 2, 5, 'http://localhost:9100/login', '', '', '', 0, 0, 'C', '0', '0', 'monitor:server:list', 'server', 'admin', '2025-09-13 16:40:16', '', NULL, '服务监控菜单');
INSERT INTO `sys_menu` VALUES (114, '表单构建', 3, 1, 'build', 'tool/build/index', '', '', 1, 0, 'C', '0', '0', 'tool:build:list', 'build', 'admin', '2025-09-13 16:40:16', '', NULL, '表单构建菜单');
INSERT INTO `sys_menu` VALUES (115, '代码生成', 3, 2, 'gen', 'tool/gen/index', '', '', 1, 0, 'C', '0', '0', 'tool:gen:list', 'code', 'admin', '2025-09-13 16:40:16', '', NULL, '代码生成菜单');
INSERT INTO `sys_menu` VALUES (116, '系统接口', 3, 3, 'http://localhost:8080/swagger-ui/index.html', '', '', '', 0, 0, 'C', '0', '0', 'tool:swagger:list', 'swagger', 'admin', '2025-09-13 16:40:16', '', NULL, '系统接口菜单');
INSERT INTO `sys_menu` VALUES (500, '操作日志', 108, 1, 'operlog', 'system/operlog/index', '', '', 1, 0, 'C', '0', '0', 'system:operlog:list', 'form', 'admin', '2025-09-13 16:40:16', '', NULL, '操作日志菜单');
INSERT INTO `sys_menu` VALUES (501, '登录日志', 108, 2, 'logininfor', 'system/logininfor/index', '', '', 1, 0, 'C', '0', '0', 'system:logininfor:list', 'logininfor', 'admin', '2025-09-13 16:40:16', '', NULL, '登录日志菜单');
INSERT INTO `sys_menu` VALUES (1000, '用户查询', 100, 1, '', '', '', '', 1, 0, 'F', '0', '0', 'system:user:query', '#', 'admin', '2025-09-13 16:40:16', '', NULL, '');
INSERT INTO `sys_menu` VALUES (1001, '用户新增', 100, 2, '', '', '', '', 1, 0, 'F', '0', '0', 'system:user:add', '#', 'admin', '2025-09-13 16:40:16', '', NULL, '');
INSERT INTO `sys_menu` VALUES (1002, '用户修改', 100, 3, '', '', '', '', 1, 0, 'F', '0', '0', 'system:user:edit', '#', 'admin', '2025-09-13 16:40:16', '', NULL, '');
INSERT INTO `sys_menu` VALUES (1003, '用户删除', 100, 4, '', '', '', '', 1, 0, 'F', '0', '0', 'system:user:remove', '#', 'admin', '2025-09-13 16:40:16', '', NULL, '');
INSERT INTO `sys_menu` VALUES (1004, '用户导出', 100, 5, '', '', '', '', 1, 0, 'F', '0', '0', 'system:user:export', '#', 'admin', '2025-09-13 16:40:16', '', NULL, '');
INSERT INTO `sys_menu` VALUES (1005, '用户导入', 100, 6, '', '', '', '', 1, 0, 'F', '0', '0', 'system:user:import', '#', 'admin', '2025-09-13 16:40:16', '', NULL, '');
INSERT INTO `sys_menu` VALUES (1006, '重置密码', 100, 7, '', '', '', '', 1, 0, 'F', '0', '0', 'system:user:resetPwd', '#', 'admin', '2025-09-13 16:40:16', '', NULL, '');
INSERT INTO `sys_menu` VALUES (1007, '角色查询', 101, 1, '', '', '', '', 1, 0, 'F', '0', '0', 'system:role:query', '#', 'admin', '2025-09-13 16:40:16', '', NULL, '');
INSERT INTO `sys_menu` VALUES (1008, '角色新增', 101, 2, '', '', '', '', 1, 0, 'F', '0', '0', 'system:role:add', '#', 'admin', '2025-09-13 16:40:16', '', NULL, '');
INSERT INTO `sys_menu` VALUES (1009, '角色修改', 101, 3, '', '', '', '', 1, 0, 'F', '0', '0', 'system:role:edit', '#', 'admin', '2025-09-13 16:40:16', '', NULL, '');
INSERT INTO `sys_menu` VALUES (1010, '角色删除', 101, 4, '', '', '', '', 1, 0, 'F', '0', '0', 'system:role:remove', '#', 'admin', '2025-09-13 16:40:16', '', NULL, '');
INSERT INTO `sys_menu` VALUES (1011, '角色导出', 101, 5, '', '', '', '', 1, 0, 'F', '0', '0', 'system:role:export', '#', 'admin', '2025-09-13 16:40:16', '', NULL, '');
INSERT INTO `sys_menu` VALUES (1012, '菜单查询', 102, 1, '', '', '', '', 1, 0, 'F', '0', '0', 'system:menu:query', '#', 'admin', '2025-09-13 16:40:16', '', NULL, '');
INSERT INTO `sys_menu` VALUES (1013, '菜单新增', 102, 2, '', '', '', '', 1, 0, 'F', '0', '0', 'system:menu:add', '#', 'admin', '2025-09-13 16:40:16', '', NULL, '');
INSERT INTO `sys_menu` VALUES (1014, '菜单修改', 102, 3, '', '', '', '', 1, 0, 'F', '0', '0', 'system:menu:edit', '#', 'admin', '2025-09-13 16:40:16', '', NULL, '');
INSERT INTO `sys_menu` VALUES (1015, '菜单删除', 102, 4, '', '', '', '', 1, 0, 'F', '0', '0', 'system:menu:remove', '#', 'admin', '2025-09-13 16:40:16', '', NULL, '');
INSERT INTO `sys_menu` VALUES (1016, '部门查询', 103, 1, '', '', '', '', 1, 0, 'F', '0', '0', 'system:dept:query', '#', 'admin', '2025-09-13 16:40:16', '', NULL, '');
INSERT INTO `sys_menu` VALUES (1017, '部门新增', 103, 2, '', '', '', '', 1, 0, 'F', '0', '0', 'system:dept:add', '#', 'admin', '2025-09-13 16:40:16', '', NULL, '');
INSERT INTO `sys_menu` VALUES (1018, '部门修改', 103, 3, '', '', '', '', 1, 0, 'F', '0', '0', 'system:dept:edit', '#', 'admin', '2025-09-13 16:40:16', '', NULL, '');
INSERT INTO `sys_menu` VALUES (1019, '部门删除', 103, 4, '', '', '', '', 1, 0, 'F', '0', '0', 'system:dept:remove', '#', 'admin', '2025-09-13 16:40:16', '', NULL, '');
INSERT INTO `sys_menu` VALUES (1020, '岗位查询', 104, 1, '', '', '', '', 1, 0, 'F', '0', '0', 'system:post:query', '#', 'admin', '2025-09-13 16:40:16', '', NULL, '');
INSERT INTO `sys_menu` VALUES (1021, '岗位新增', 104, 2, '', '', '', '', 1, 0, 'F', '0', '0', 'system:post:add', '#', 'admin', '2025-09-13 16:40:16', '', NULL, '');
INSERT INTO `sys_menu` VALUES (1022, '岗位修改', 104, 3, '', '', '', '', 1, 0, 'F', '0', '0', 'system:post:edit', '#', 'admin', '2025-09-13 16:40:16', '', NULL, '');
INSERT INTO `sys_menu` VALUES (1023, '岗位删除', 104, 4, '', '', '', '', 1, 0, 'F', '0', '0', 'system:post:remove', '#', 'admin', '2025-09-13 16:40:16', '', NULL, '');
INSERT INTO `sys_menu` VALUES (1024, '岗位导出', 104, 5, '', '', '', '', 1, 0, 'F', '0', '0', 'system:post:export', '#', 'admin', '2025-09-13 16:40:16', '', NULL, '');
INSERT INTO `sys_menu` VALUES (1025, '字典查询', 105, 1, '#', '', '', '', 1, 0, 'F', '0', '0', 'system:dict:query', '#', 'admin', '2025-09-13 16:40:16', '', NULL, '');
INSERT INTO `sys_menu` VALUES (1026, '字典新增', 105, 2, '#', '', '', '', 1, 0, 'F', '0', '0', 'system:dict:add', '#', 'admin', '2025-09-13 16:40:16', '', NULL, '');
INSERT INTO `sys_menu` VALUES (1027, '字典修改', 105, 3, '#', '', '', '', 1, 0, 'F', '0', '0', 'system:dict:edit', '#', 'admin', '2025-09-13 16:40:16', '', NULL, '');
INSERT INTO `sys_menu` VALUES (1028, '字典删除', 105, 4, '#', '', '', '', 1, 0, 'F', '0', '0', 'system:dict:remove', '#', 'admin', '2025-09-13 16:40:16', '', NULL, '');
INSERT INTO `sys_menu` VALUES (1029, '字典导出', 105, 5, '#', '', '', '', 1, 0, 'F', '0', '0', 'system:dict:export', '#', 'admin', '2025-09-13 16:40:16', '', NULL, '');
INSERT INTO `sys_menu` VALUES (1030, '参数查询', 106, 1, '#', '', '', '', 1, 0, 'F', '0', '0', 'system:config:query', '#', 'admin', '2025-09-13 16:40:16', '', NULL, '');
INSERT INTO `sys_menu` VALUES (1031, '参数新增', 106, 2, '#', '', '', '', 1, 0, 'F', '0', '0', 'system:config:add', '#', 'admin', '2025-09-13 16:40:16', '', NULL, '');
INSERT INTO `sys_menu` VALUES (1032, '参数修改', 106, 3, '#', '', '', '', 1, 0, 'F', '0', '0', 'system:config:edit', '#', 'admin', '2025-09-13 16:40:16', '', NULL, '');
INSERT INTO `sys_menu` VALUES (1033, '参数删除', 106, 4, '#', '', '', '', 1, 0, 'F', '0', '0', 'system:config:remove', '#', 'admin', '2025-09-13 16:40:16', '', NULL, '');
INSERT INTO `sys_menu` VALUES (1034, '参数导出', 106, 5, '#', '', '', '', 1, 0, 'F', '0', '0', 'system:config:export', '#', 'admin', '2025-09-13 16:40:16', '', NULL, '');
INSERT INTO `sys_menu` VALUES (1035, '公告查询', 107, 1, '#', '', '', '', 1, 0, 'F', '0', '0', 'system:notice:query', '#', 'admin', '2025-09-13 16:40:16', '', NULL, '');
INSERT INTO `sys_menu` VALUES (1036, '公告新增', 107, 2, '#', '', '', '', 1, 0, 'F', '0', '0', 'system:notice:add', '#', 'admin', '2025-09-13 16:40:16', '', NULL, '');
INSERT INTO `sys_menu` VALUES (1037, '公告修改', 107, 3, '#', '', '', '', 1, 0, 'F', '0', '0', 'system:notice:edit', '#', 'admin', '2025-09-13 16:40:16', '', NULL, '');
INSERT INTO `sys_menu` VALUES (1038, '公告删除', 107, 4, '#', '', '', '', 1, 0, 'F', '0', '0', 'system:notice:remove', '#', 'admin', '2025-09-13 16:40:16', '', NULL, '');
INSERT INTO `sys_menu` VALUES (1039, '操作查询', 500, 1, '#', '', '', '', 1, 0, 'F', '0', '0', 'system:operlog:query', '#', 'admin', '2025-09-13 16:40:16', '', NULL, '');
INSERT INTO `sys_menu` VALUES (1040, '操作删除', 500, 2, '#', '', '', '', 1, 0, 'F', '0', '0', 'system:operlog:remove', '#', 'admin', '2025-09-13 16:40:16', '', NULL, '');
INSERT INTO `sys_menu` VALUES (1041, '日志导出', 500, 3, '#', '', '', '', 1, 0, 'F', '0', '0', 'system:operlog:export', '#', 'admin', '2025-09-13 16:40:16', '', NULL, '');
INSERT INTO `sys_menu` VALUES (1042, '登录查询', 501, 1, '#', '', '', '', 1, 0, 'F', '0', '0', 'system:logininfor:query', '#', 'admin', '2025-09-13 16:40:16', '', NULL, '');
INSERT INTO `sys_menu` VALUES (1043, '登录删除', 501, 2, '#', '', '', '', 1, 0, 'F', '0', '0', 'system:logininfor:remove', '#', 'admin', '2025-09-13 16:40:16', '', NULL, '');
INSERT INTO `sys_menu` VALUES (1044, '日志导出', 501, 3, '#', '', '', '', 1, 0, 'F', '0', '0', 'system:logininfor:export', '#', 'admin', '2025-09-13 16:40:16', '', NULL, '');
INSERT INTO `sys_menu` VALUES (1045, '账户解锁', 501, 4, '#', '', '', '', 1, 0, 'F', '0', '0', 'system:logininfor:unlock', '#', 'admin', '2025-09-13 16:40:16', '', NULL, '');
INSERT INTO `sys_menu` VALUES (1046, '在线查询', 109, 1, '#', '', '', '', 1, 0, 'F', '0', '0', 'monitor:online:query', '#', 'admin', '2025-09-13 16:40:16', '', NULL, '');
INSERT INTO `sys_menu` VALUES (1047, '批量强退', 109, 2, '#', '', '', '', 1, 0, 'F', '0', '0', 'monitor:online:batchLogout', '#', 'admin', '2025-09-13 16:40:16', '', NULL, '');
INSERT INTO `sys_menu` VALUES (1048, '单条强退', 109, 3, '#', '', '', '', 1, 0, 'F', '0', '0', 'monitor:online:forceLogout', '#', 'admin', '2025-09-13 16:40:16', '', NULL, '');
INSERT INTO `sys_menu` VALUES (1049, '任务查询', 110, 1, '#', '', '', '', 1, 0, 'F', '0', '0', 'monitor:job:query', '#', 'admin', '2025-09-13 16:40:16', '', NULL, '');
INSERT INTO `sys_menu` VALUES (1050, '任务新增', 110, 2, '#', '', '', '', 1, 0, 'F', '0', '0', 'monitor:job:add', '#', 'admin', '2025-09-13 16:40:16', '', NULL, '');
INSERT INTO `sys_menu` VALUES (1051, '任务修改', 110, 3, '#', '', '', '', 1, 0, 'F', '0', '0', 'monitor:job:edit', '#', 'admin', '2025-09-13 16:40:16', '', NULL, '');
INSERT INTO `sys_menu` VALUES (1052, '任务删除', 110, 4, '#', '', '', '', 1, 0, 'F', '0', '0', 'monitor:job:remove', '#', 'admin', '2025-09-13 16:40:16', '', NULL, '');
INSERT INTO `sys_menu` VALUES (1053, '状态修改', 110, 5, '#', '', '', '', 1, 0, 'F', '0', '0', 'monitor:job:changeStatus', '#', 'admin', '2025-09-13 16:40:16', '', NULL, '');
INSERT INTO `sys_menu` VALUES (1054, '任务导出', 110, 6, '#', '', '', '', 1, 0, 'F', '0', '0', 'monitor:job:export', '#', 'admin', '2025-09-13 16:40:16', '', NULL, '');
INSERT INTO `sys_menu` VALUES (1055, '生成查询', 115, 1, '#', '', '', '', 1, 0, 'F', '0', '0', 'tool:gen:query', '#', 'admin', '2025-09-13 16:40:16', '', NULL, '');
INSERT INTO `sys_menu` VALUES (1056, '生成修改', 115, 2, '#', '', '', '', 1, 0, 'F', '0', '0', 'tool:gen:edit', '#', 'admin', '2025-09-13 16:40:16', '', NULL, '');
INSERT INTO `sys_menu` VALUES (1057, '生成删除', 115, 3, '#', '', '', '', 1, 0, 'F', '0', '0', 'tool:gen:remove', '#', 'admin', '2025-09-13 16:40:16', '', NULL, '');
INSERT INTO `sys_menu` VALUES (1058, '导入代码', 115, 2, '#', '', '', '', 1, 0, 'F', '0', '0', 'tool:gen:import', '#', 'admin', '2025-09-13 16:40:16', '', NULL, '');
INSERT INTO `sys_menu` VALUES (1059, '预览代码', 115, 4, '#', '', '', '', 1, 0, 'F', '0', '0', 'tool:gen:preview', '#', 'admin', '2025-09-13 16:40:16', '', NULL, '');
INSERT INTO `sys_menu` VALUES (1060, '生成代码', 115, 5, '#', '', '', '', 1, 0, 'F', '0', '0', 'tool:gen:code', '#', 'admin', '2025-09-13 16:40:16', '', NULL, '');
INSERT INTO `sys_menu` VALUES (2000, '模特', 3, 1, 'model', 'system/model/index', NULL, '', 1, 0, 'C', '0', '0', 'system:model:list', '#', 'admin', '2025-09-13 21:50:33', '', NULL, '模特菜单');
INSERT INTO `sys_menu` VALUES (2001, '模特查询', 2000, 1, '#', '', NULL, '', 1, 0, 'F', '0', '0', 'system:model:query', '#', 'admin', '2025-09-13 21:50:33', '', NULL, '');
INSERT INTO `sys_menu` VALUES (2002, '模特新增', 2000, 2, '#', '', NULL, '', 1, 0, 'F', '0', '0', 'system:model:add', '#', 'admin', '2025-09-13 21:50:33', '', NULL, '');
INSERT INTO `sys_menu` VALUES (2003, '模特修改', 2000, 3, '#', '', NULL, '', 1, 0, 'F', '0', '0', 'system:model:edit', '#', 'admin', '2025-09-13 21:50:33', '', NULL, '');
INSERT INTO `sys_menu` VALUES (2004, '模特删除', 2000, 4, '#', '', NULL, '', 1, 0, 'F', '0', '0', 'system:model:remove', '#', 'admin', '2025-09-13 21:50:33', '', NULL, '');
INSERT INTO `sys_menu` VALUES (2005, '模特导出', 2000, 5, '#', '', NULL, '', 1, 0, 'F', '0', '0', 'system:model:export', '#', 'admin', '2025-09-13 21:50:33', '', NULL, '');
INSERT INTO `sys_menu` VALUES (2006, '服装', 3, 1, 'cloth', 'system/cloth/index', NULL, '', 1, 0, 'C', '0', '0', 'system:cloth:list', '#', 'admin', '2025-09-14 11:52:25', '', NULL, '服装菜单');
INSERT INTO `sys_menu` VALUES (2007, '服装查询', 2006, 1, '#', '', NULL, '', 1, 0, 'F', '0', '0', 'system:cloth:query', '#', 'admin', '2025-09-14 11:52:25', '', NULL, '');
INSERT INTO `sys_menu` VALUES (2008, '服装新增', 2006, 2, '#', '', NULL, '', 1, 0, 'F', '0', '0', 'system:cloth:add', '#', 'admin', '2025-09-14 11:52:25', '', NULL, '');
INSERT INTO `sys_menu` VALUES (2009, '服装修改', 2006, 3, '#', '', NULL, '', 1, 0, 'F', '0', '0', 'system:cloth:edit', '#', 'admin', '2025-09-14 11:52:25', '', NULL, '');
INSERT INTO `sys_menu` VALUES (2010, '服装删除', 2006, 4, '#', '', NULL, '', 1, 0, 'F', '0', '0', 'system:cloth:remove', '#', 'admin', '2025-09-14 11:52:25', '', NULL, '');
INSERT INTO `sys_menu` VALUES (2011, '服装导出', 2006, 5, '#', '', NULL, '', 1, 0, 'F', '0', '0', 'system:cloth:export', '#', 'admin', '2025-09-14 11:52:25', '', NULL, '');
INSERT INTO `sys_menu` VALUES (2012, '背景', 3, 1, 'back', 'system/back/index', NULL, '', 1, 0, 'C', '0', '0', 'system:back:list', '#', 'admin', '2025-09-14 15:28:04', '', NULL, '背景菜单');
INSERT INTO `sys_menu` VALUES (2013, '背景查询', 2012, 1, '#', '', NULL, '', 1, 0, 'F', '0', '0', 'system:back:query', '#', 'admin', '2025-09-14 15:28:04', '', NULL, '');
INSERT INTO `sys_menu` VALUES (2014, '背景新增', 2012, 2, '#', '', NULL, '', 1, 0, 'F', '0', '0', 'system:back:add', '#', 'admin', '2025-09-14 15:28:04', '', NULL, '');
INSERT INTO `sys_menu` VALUES (2015, '背景修改', 2012, 3, '#', '', NULL, '', 1, 0, 'F', '0', '0', 'system:back:edit', '#', 'admin', '2025-09-14 15:28:04', '', NULL, '');
INSERT INTO `sys_menu` VALUES (2016, '背景删除', 2012, 4, '#', '', NULL, '', 1, 0, 'F', '0', '0', 'system:back:remove', '#', 'admin', '2025-09-14 15:28:04', '', NULL, '');
INSERT INTO `sys_menu` VALUES (2017, '背景导出', 2012, 5, '#', '', NULL, '', 1, 0, 'F', '0', '0', 'system:back:export', '#', 'admin', '2025-09-14 15:28:04', '', NULL, '');
INSERT INTO `sys_menu` VALUES (2018, 'look', 3, 1, 'look', 'system/look/index', NULL, '', 1, 0, 'C', '0', '0', 'system:look:list', '#', 'admin', '2025-09-14 15:56:08', '', NULL, '外观菜单');
INSERT INTO `sys_menu` VALUES (2019, '外观查询', 2018, 1, '#', '', NULL, '', 1, 0, 'F', '0', '0', 'system:look:query', '#', 'admin', '2025-09-14 15:56:08', '', NULL, '');
INSERT INTO `sys_menu` VALUES (2020, '外观新增', 2018, 2, '#', '', NULL, '', 1, 0, 'F', '0', '0', 'system:look:add', '#', 'admin', '2025-09-14 15:56:08', '', NULL, '');
INSERT INTO `sys_menu` VALUES (2021, '外观修改', 2018, 3, '#', '', NULL, '', 1, 0, 'F', '0', '0', 'system:look:edit', '#', 'admin', '2025-09-14 15:56:08', '', NULL, '');
INSERT INTO `sys_menu` VALUES (2022, '外观删除', 2018, 4, '#', '', NULL, '', 1, 0, 'F', '0', '0', 'system:look:remove', '#', 'admin', '2025-09-14 15:56:08', '', NULL, '');
INSERT INTO `sys_menu` VALUES (2023, '外观导出', 2018, 5, '#', '', NULL, '', 1, 0, 'F', '0', '0', 'system:look:export', '#', 'admin', '2025-09-14 15:56:08', '', NULL, '');
INSERT INTO `sys_menu` VALUES (2024, 'AI图片', 3, 1, 'picture', 'system/picture/index', NULL, '', 1, 0, 'C', '0', '0', 'system:picture:list', '#', 'admin', '2025-09-14 17:40:53', '', NULL, 'AI图片菜单');
INSERT INTO `sys_menu` VALUES (2025, 'AI图片查询', 2024, 1, '#', '', NULL, '', 1, 0, 'F', '0', '0', 'system:picture:query', '#', 'admin', '2025-09-14 17:40:53', '', NULL, '');
INSERT INTO `sys_menu` VALUES (2026, 'AI图片新增', 2024, 2, '#', '', NULL, '', 1, 0, 'F', '0', '0', 'system:picture:add', '#', 'admin', '2025-09-14 17:40:53', '', NULL, '');
INSERT INTO `sys_menu` VALUES (2027, 'AI图片修改', 2024, 3, '#', '', NULL, '', 1, 0, 'F', '0', '0', 'system:picture:edit', '#', 'admin', '2025-09-14 17:40:53', '', NULL, '');
INSERT INTO `sys_menu` VALUES (2028, 'AI图片删除', 2024, 4, '#', '', NULL, '', 1, 0, 'F', '0', '0', 'system:picture:remove', '#', 'admin', '2025-09-14 17:40:53', '', NULL, '');
INSERT INTO `sys_menu` VALUES (2029, 'AI图片导出', 2024, 5, '#', '', NULL, '', 1, 0, 'F', '0', '0', 'system:picture:export', '#', 'admin', '2025-09-14 17:40:53', '', NULL, '');

-- ----------------------------
-- Table structure for sys_notice
-- ----------------------------
DROP TABLE IF EXISTS `sys_notice`;
CREATE TABLE `sys_notice`  (
  `notice_id` int NOT NULL AUTO_INCREMENT COMMENT '公告ID',
  `notice_title` varchar(50) CHARACTER SET utf8mb4 COLLATE utf8mb4_general_ci NOT NULL COMMENT '公告标题',
  `notice_type` char(1) CHARACTER SET utf8mb4 COLLATE utf8mb4_general_ci NOT NULL COMMENT '公告类型（1通知 2公告）',
  `notice_content` longblob NULL COMMENT '公告内容',
  `status` char(1) CHARACTER SET utf8mb4 COLLATE utf8mb4_general_ci NULL DEFAULT '0' COMMENT '公告状态（0正常 1关闭）',
  `create_by` varchar(64) CHARACTER SET utf8mb4 COLLATE utf8mb4_general_ci NULL DEFAULT '' COMMENT '创建者',
  `create_time` datetime NULL DEFAULT NULL COMMENT '创建时间',
  `update_by` varchar(64) CHARACTER SET utf8mb4 COLLATE utf8mb4_general_ci NULL DEFAULT '' COMMENT '更新者',
  `update_time` datetime NULL DEFAULT NULL COMMENT '更新时间',
  `remark` varchar(255) CHARACTER SET utf8mb4 COLLATE utf8mb4_general_ci NULL DEFAULT NULL COMMENT '备注',
  PRIMARY KEY (`notice_id`) USING BTREE
) ENGINE = InnoDB AUTO_INCREMENT = 10 CHARACTER SET = utf8mb4 COLLATE = utf8mb4_general_ci COMMENT = '通知公告表' ROW_FORMAT = DYNAMIC;

-- ----------------------------
-- Records of sys_notice
-- ----------------------------
INSERT INTO `sys_notice` VALUES (1, '温馨提醒：2018-07-01 若依新版本发布啦', '2', 0xE696B0E78988E69CACE58685E5AEB9, '0', 'admin', '2025-09-13 16:40:18', '', NULL, '管理员');
INSERT INTO `sys_notice` VALUES (2, '维护通知：2018-07-01 若依系统凌晨维护', '1', 0xE7BBB4E68AA4E58685E5AEB9, '0', 'admin', '2025-09-13 16:40:18', '', NULL, '管理员');

-- ----------------------------
-- Table structure for sys_oper_log
-- ----------------------------
DROP TABLE IF EXISTS `sys_oper_log`;
CREATE TABLE `sys_oper_log`  (
  `oper_id` bigint NOT NULL AUTO_INCREMENT COMMENT '日志主键',
  `title` varchar(50) CHARACTER SET utf8mb4 COLLATE utf8mb4_general_ci NULL DEFAULT '' COMMENT '模块标题',
  `business_type` int NULL DEFAULT 0 COMMENT '业务类型（0其它 1新增 2修改 3删除）',
  `method` varchar(200) CHARACTER SET utf8mb4 COLLATE utf8mb4_general_ci NULL DEFAULT '' COMMENT '方法名称',
  `request_method` varchar(10) CHARACTER SET utf8mb4 COLLATE utf8mb4_general_ci NULL DEFAULT '' COMMENT '请求方式',
  `operator_type` int NULL DEFAULT 0 COMMENT '操作类别（0其它 1后台用户 2手机端用户）',
  `oper_name` varchar(50) CHARACTER SET utf8mb4 COLLATE utf8mb4_general_ci NULL DEFAULT '' COMMENT '操作人员',
  `dept_name` varchar(50) CHARACTER SET utf8mb4 COLLATE utf8mb4_general_ci NULL DEFAULT '' COMMENT '部门名称',
  `oper_url` varchar(255) CHARACTER SET utf8mb4 COLLATE utf8mb4_general_ci NULL DEFAULT '' COMMENT '请求URL',
  `oper_ip` varchar(128) CHARACTER SET utf8mb4 COLLATE utf8mb4_general_ci NULL DEFAULT '' COMMENT '主机地址',
  `oper_location` varchar(255) CHARACTER SET utf8mb4 COLLATE utf8mb4_general_ci NULL DEFAULT '' COMMENT '操作地点',
  `oper_param` varchar(2000) CHARACTER SET utf8mb4 COLLATE utf8mb4_general_ci NULL DEFAULT '' COMMENT '请求参数',
  `json_result` varchar(2000) CHARACTER SET utf8mb4 COLLATE utf8mb4_general_ci NULL DEFAULT '' COMMENT '返回参数',
  `status` int NULL DEFAULT 0 COMMENT '操作状态（0正常 1异常）',
  `error_msg` varchar(2000) CHARACTER SET utf8mb4 COLLATE utf8mb4_general_ci NULL DEFAULT '' COMMENT '错误消息',
  `oper_time` datetime NULL DEFAULT NULL COMMENT '操作时间',
  `cost_time` bigint NULL DEFAULT 0 COMMENT '消耗时间',
  PRIMARY KEY (`oper_id`) USING BTREE,
  INDEX `idx_sys_oper_log_bt`(`business_type` ASC) USING BTREE,
  INDEX `idx_sys_oper_log_s`(`status` ASC) USING BTREE,
  INDEX `idx_sys_oper_log_ot`(`oper_time` ASC) USING BTREE
) ENGINE = InnoDB AUTO_INCREMENT = 318 CHARACTER SET = utf8mb4 COLLATE = utf8mb4_general_ci COMMENT = '操作日志记录' ROW_FORMAT = DYNAMIC;

-- ----------------------------
-- Records of sys_oper_log
-- ----------------------------
INSERT INTO `sys_oper_log` VALUES (100, '代码生成', 6, 'com.ruoyi.gen.controller.GenController.importTableSave()', 'POST', 1, 'admin', NULL, '/gen/importTable', '127.0.0.1', '', '{\"tables\":\"we_ai_picture,we_back,we_cloth,we_look,we_model\"}', '{\"msg\":\"操作成功\",\"code\":200}', 0, NULL, '2025-09-13 21:30:46', 735);
INSERT INTO `sys_oper_log` VALUES (101, '代码生成', 2, 'com.ruoyi.gen.controller.GenController.editSave()', 'PUT', 1, 'admin', NULL, '/gen', '127.0.0.1', '', '{\"businessName\":\"model\",\"className\":\"WeModel\",\"columns\":[{\"capJavaField\":\"Id\",\"columnComment\":\"主键\",\"columnId\":59,\"columnName\":\"id\",\"columnType\":\"bigint\",\"createBy\":\"admin\",\"createTime\":\"2025-09-13 21:30:45\",\"dictType\":\"\",\"edit\":false,\"htmlType\":\"input\",\"increment\":true,\"insert\":true,\"isIncrement\":\"1\",\"isInsert\":\"1\",\"isPk\":\"1\",\"isQuery\":\"1\",\"javaField\":\"id\",\"javaType\":\"Long\",\"list\":false,\"params\":{},\"pk\":true,\"query\":true,\"queryType\":\"EQ\",\"required\":false,\"sort\":1,\"superColumn\":false,\"tableId\":5,\"updateBy\":\"\",\"usableColumn\":false},{\"capJavaField\":\"Name\",\"columnComment\":\"模特名称\",\"columnId\":60,\"columnName\":\"name\",\"columnType\":\"varchar(255)\",\"createBy\":\"admin\",\"createTime\":\"2025-09-13 21:30:45\",\"dictType\":\"\",\"edit\":true,\"htmlType\":\"input\",\"increment\":false,\"insert\":true,\"isEdit\":\"1\",\"isIncrement\":\"0\",\"isInsert\":\"1\",\"isList\":\"1\",\"isPk\":\"0\",\"isQuery\":\"1\",\"javaField\":\"name\",\"javaType\":\"String\",\"list\":true,\"params\":{},\"pk\":false,\"query\":true,\"queryType\":\"LIKE\",\"required\":false,\"sort\":2,\"superColumn\":false,\"tableId\":5,\"updateBy\":\"\",\"usableColumn\":false},{\"capJavaField\":\"ModelUrl\",\"columnComment\":\"模特文件URL\",\"columnId\":61,\"columnName\":\"model_url\",\"columnType\":\"varchar(500)\",\"createBy\":\"admin\",\"createTime\":\"2025-09-13 21:30:45\",\"dictType\":\"\",\"edit\":true,\"htmlType\":\"textarea\",\"increment\":false,\"insert\":true,\"isEdit\":\"1\",\"isIncrement\":\"0\",\"isInsert\":\"1\",\"isList\":\"1\",\"isPk\":\"0\",\"isQuery\":\"1\",\"javaField\":\"modelUrl\",\"javaType\":\"String\",\"list\":true,\"params\":{},\"pk\":false,\"query\":true,\"queryType\":\"EQ\",\"required\":false,\"sort\":3,\"superColumn\":false,\"tableId\":5,\"updateBy\":\"\",\"usableColumn\":false},{\"capJavaField\":\"ModelWeId\",\"columnComment\":\"模特ID\",\"columnId\":62,\"columnName\":\"model_we_id\",\"columnType\":\"varchar(100)\",\"createBy\":\"admin\",\"createTime\":\"2025-09-13 21:30:45\",\"dictType\":\"\",\"edit\":true,\"htmlType\":\"input\",\"increment\":false,\"insert\":true,\"isEdit\":\"1\",\"isIncrement\":\"0\",\"isInsert\":\"1\",\"isList\":\"1\",\"isPk\":\"0\",\"isQuery\":\"1\",\"javaField\":\"modelWeId\",\"javaType\":\"String\",\"list\":true,\"params\":{', '{\"msg\":\"操作成功\",\"code\":200}', 0, NULL, '2025-09-13 21:47:54', 102);
INSERT INTO `sys_oper_log` VALUES (102, '代码生成', 8, 'com.ruoyi.gen.controller.GenController.batchGenCode()', 'GET', 1, 'admin', NULL, '/gen/batchGenCode', '127.0.0.1', '', '{\"tables\":\"we_model\"}', NULL, 0, NULL, '2025-09-13 21:48:12', 99);
INSERT INTO `sys_oper_log` VALUES (103, '代码生成', 8, 'com.ruoyi.gen.controller.GenController.genCode()', 'GET', 1, 'admin', NULL, '/gen/genCode/we_model', '127.0.0.1', '', '{}', '{\"msg\":\"【系统预设】不允许生成文件覆盖到本地\",\"code\":500}', 0, NULL, '2025-09-13 21:48:25', 0);
INSERT INTO `sys_oper_log` VALUES (104, '代码生成', 8, 'com.ruoyi.gen.controller.GenController.genCode()', 'GET', 1, 'admin', NULL, '/gen/genCode/we_model', '127.0.0.1', '', '{}', '{\"msg\":\"【系统预设】不允许生成文件覆盖到本地\",\"code\":500}', 0, NULL, '2025-09-13 21:48:30', 1);
INSERT INTO `sys_oper_log` VALUES (105, '代码生成', 8, 'com.ruoyi.gen.controller.GenController.batchGenCode()', 'GET', 1, 'admin', NULL, '/gen/batchGenCode', '127.0.0.1', '', '{\"tables\":\"we_model\"}', NULL, 0, NULL, '2025-09-13 21:48:35', 58);
INSERT INTO `sys_oper_log` VALUES (106, '模特', 1, 'com.ruoyi.system.controller.WeModelController.add()', 'POST', 1, 'admin', NULL, '/model', '127.0.0.1', '', '{\"createTime\":\"2025-09-13 22:09:35\",\"modelUrl\":\"https://ai-image.weshop.com/20250911_1_3c3602d7-777f-4655-98a1-78e4248a2e6d_1024x1280.png_crop512.jpeg\",\"modelWeId\":\"10000345929\",\"name\":\"bs2\",\"params\":{}}', NULL, 1, '\r\n### Error updating database.  Cause: java.sql.SQLException: Field \'status\' doesn\'t have a default value\r\n### The error may exist in file [C:\\1qianjue\\daima\\RuoYi-Cloud\\ruoyi-modules\\ruoyi-system\\target\\classes\\mapper\\system\\WeModelMapper.xml]\r\n### The error may involve com.ruoyi.system.mapper.WeModelMapper.insertWeModel-Inline\r\n### The error occurred while setting parameters\r\n### SQL: insert into we_model          ( name,             model_url,             model_we_id,                                                                 create_time )           values ( ?,             ?,             ?,                                                                 ? )\r\n### Cause: java.sql.SQLException: Field \'status\' doesn\'t have a default value\n; Field \'status\' doesn\'t have a default value; nested exception is java.sql.SQLException: Field \'status\' doesn\'t have a default value', '2025-09-13 22:09:35', 168);
INSERT INTO `sys_oper_log` VALUES (107, '模特', 1, 'com.ruoyi.system.controller.WeModelController.add()', 'POST', 1, 'admin', NULL, '/model', '127.0.0.1', '', '{\"createTime\":\"2025-09-13 22:09:54\",\"delFlag\":\"0\",\"modelUrl\":\"https://ai-image.weshop.com/20250911_1_3c3602d7-777f-4655-98a1-78e4248a2e6d_1024x1280.png_crop512.jpeg\",\"modelWeId\":\"10000345929\",\"name\":\"bs2\",\"params\":{}}', NULL, 1, '\r\n### Error updating database.  Cause: java.sql.SQLException: Field \'status\' doesn\'t have a default value\r\n### The error may exist in file [C:\\1qianjue\\daima\\RuoYi-Cloud\\ruoyi-modules\\ruoyi-system\\target\\classes\\mapper\\system\\WeModelMapper.xml]\r\n### The error may involve com.ruoyi.system.mapper.WeModelMapper.insertWeModel-Inline\r\n### The error occurred while setting parameters\r\n### SQL: insert into we_model          ( name,             model_url,             model_we_id,                                       del_flag,                          create_time )           values ( ?,             ?,             ?,                                       ?,                          ? )\r\n### Cause: java.sql.SQLException: Field \'status\' doesn\'t have a default value\n; Field \'status\' doesn\'t have a default value; nested exception is java.sql.SQLException: Field \'status\' doesn\'t have a default value', '2025-09-13 22:09:54', 6);
INSERT INTO `sys_oper_log` VALUES (108, '模特', 1, 'com.ruoyi.system.controller.WeModelController.add()', 'POST', 1, 'admin', NULL, '/model', '127.0.0.1', '', '{\"createTime\":\"2025-09-13 22:14:49\",\"id\":1,\"modelUrl\":\"https://ai-image.weshop.com/20250911_1_3c3602d7-777f-4655-98a1-78e4248a2e6d_1024x1280.png_crop512.jpeg\",\"modelWeId\":\"10000345929\",\"name\":\"bs2\",\"params\":{}}', '{\"msg\":\"操作成功\",\"code\":200}', 0, NULL, '2025-09-13 22:14:49', 33);
INSERT INTO `sys_oper_log` VALUES (109, '模特', 5, 'com.ruoyi.system.controller.WeModelController.export()', 'POST', 1, 'admin', NULL, '/model/export', '127.0.0.1', '', '{\"pageSize\":\"10\",\"pageNum\":\"1\"}', NULL, 0, NULL, '2025-09-13 22:16:38', 5864);
INSERT INTO `sys_oper_log` VALUES (110, '字典类型', 1, 'com.ruoyi.system.controller.SysDictTypeController.add()', 'POST', 1, 'admin', NULL, '/dict/type', '127.0.0.1', '', '{\"createBy\":\"admin\",\"dictName\":\"品牌类型\",\"dictType\":\"brand_type\",\"params\":{},\"status\":\"0\"}', '{\"msg\":\"操作成功\",\"code\":200}', 0, NULL, '2025-09-14 09:45:16', 30);
INSERT INTO `sys_oper_log` VALUES (111, '字典数据', 1, 'com.ruoyi.system.controller.SysDictDataController.add()', 'POST', 1, 'admin', NULL, '/dict/data', '127.0.0.1', '', '{\"createBy\":\"admin\",\"default\":false,\"dictLabel\":\"波司登\",\"dictSort\":1,\"dictType\":\"brand_type\",\"dictValue\":\"1\",\"listClass\":\"success\",\"params\":{},\"status\":\"0\"}', '{\"msg\":\"操作成功\",\"code\":200}', 0, NULL, '2025-09-14 09:48:17', 20);
INSERT INTO `sys_oper_log` VALUES (112, '字典数据', 1, 'com.ruoyi.system.controller.SysDictDataController.add()', 'POST', 1, 'admin', NULL, '/dict/data', '127.0.0.1', '', '{\"createBy\":\"admin\",\"default\":false,\"dictLabel\":\"tanni\",\"dictSort\":2,\"dictType\":\"brand_type\",\"dictValue\":\"2\",\"listClass\":\"success\",\"params\":{},\"status\":\"0\"}', '{\"msg\":\"操作成功\",\"code\":200}', 0, NULL, '2025-09-14 09:48:31', 15);
INSERT INTO `sys_oper_log` VALUES (113, '字典数据', 2, 'com.ruoyi.system.controller.SysDictDataController.edit()', 'PUT', 1, 'admin', NULL, '/dict/data', '127.0.0.1', '', '{\"createBy\":\"admin\",\"createTime\":\"2025-09-14 09:48:31\",\"default\":false,\"dictCode\":101,\"dictLabel\":\"tanni\",\"dictSort\":2,\"dictType\":\"brand_type\",\"dictValue\":\"2\",\"isDefault\":\"N\",\"listClass\":\"default\",\"params\":{},\"status\":\"0\",\"updateBy\":\"admin\"}', '{\"msg\":\"操作成功\",\"code\":200}', 0, NULL, '2025-09-14 09:48:41', 27);
INSERT INTO `sys_oper_log` VALUES (114, '字典数据', 2, 'com.ruoyi.system.controller.SysDictDataController.edit()', 'PUT', 1, 'admin', NULL, '/dict/data', '127.0.0.1', '', '{\"createBy\":\"admin\",\"createTime\":\"2025-09-14 09:48:31\",\"default\":false,\"dictCode\":101,\"dictLabel\":\"tanni\",\"dictSort\":2,\"dictType\":\"brand_type\",\"dictValue\":\"2\",\"isDefault\":\"N\",\"listClass\":\"primary\",\"params\":{},\"status\":\"0\",\"updateBy\":\"admin\"}', '{\"msg\":\"操作成功\",\"code\":200}', 0, NULL, '2025-09-14 09:48:50', 21);
INSERT INTO `sys_oper_log` VALUES (115, '字典数据', 2, 'com.ruoyi.system.controller.SysDictDataController.edit()', 'PUT', 1, 'admin', NULL, '/dict/data', '127.0.0.1', '', '{\"createBy\":\"admin\",\"createTime\":\"2025-09-14 09:48:31\",\"default\":false,\"dictCode\":101,\"dictLabel\":\"tanni\",\"dictSort\":2,\"dictType\":\"brand_type\",\"dictValue\":\"2\",\"isDefault\":\"N\",\"listClass\":\"info\",\"params\":{},\"status\":\"0\",\"updateBy\":\"admin\"}', '{\"msg\":\"操作成功\",\"code\":200}', 0, NULL, '2025-09-14 09:48:57', 22);
INSERT INTO `sys_oper_log` VALUES (116, '字典数据', 2, 'com.ruoyi.system.controller.SysDictDataController.edit()', 'PUT', 1, 'admin', NULL, '/dict/data', '127.0.0.1', '', '{\"createBy\":\"admin\",\"createTime\":\"2025-09-14 09:48:31\",\"default\":false,\"dictCode\":101,\"dictLabel\":\"tanni\",\"dictSort\":2,\"dictType\":\"brand_type\",\"dictValue\":\"2\",\"isDefault\":\"N\",\"listClass\":\"primary\",\"params\":{},\"status\":\"0\",\"updateBy\":\"admin\"}', '{\"msg\":\"操作成功\",\"code\":200}', 0, NULL, '2025-09-14 09:49:04', 15);
INSERT INTO `sys_oper_log` VALUES (117, '代码生成', 2, 'com.ruoyi.gen.controller.GenController.editSave()', 'PUT', 1, 'admin', NULL, '/gen', '127.0.0.1', '', '{\"businessName\":\"model\",\"className\":\"WeModel\",\"columns\":[{\"capJavaField\":\"Id\",\"columnComment\":\"主键\",\"columnId\":59,\"columnName\":\"id\",\"columnType\":\"bigint\",\"createBy\":\"admin\",\"createTime\":\"2025-09-13 21:30:45\",\"dictType\":\"\",\"edit\":false,\"htmlType\":\"input\",\"increment\":true,\"insert\":true,\"isIncrement\":\"1\",\"isInsert\":\"1\",\"isPk\":\"1\",\"isQuery\":\"1\",\"javaField\":\"id\",\"javaType\":\"Long\",\"list\":false,\"params\":{},\"pk\":true,\"query\":true,\"queryType\":\"EQ\",\"required\":false,\"sort\":1,\"superColumn\":false,\"tableId\":5,\"updateBy\":\"\",\"updateTime\":\"2025-09-13 21:47:54\",\"usableColumn\":false},{\"capJavaField\":\"Name\",\"columnComment\":\"模特名称\",\"columnId\":60,\"columnName\":\"name\",\"columnType\":\"varchar(255)\",\"createBy\":\"admin\",\"createTime\":\"2025-09-13 21:30:45\",\"dictType\":\"\",\"edit\":true,\"htmlType\":\"input\",\"increment\":false,\"insert\":true,\"isEdit\":\"1\",\"isIncrement\":\"0\",\"isInsert\":\"1\",\"isList\":\"1\",\"isPk\":\"0\",\"isQuery\":\"1\",\"javaField\":\"name\",\"javaType\":\"String\",\"list\":true,\"params\":{},\"pk\":false,\"query\":true,\"queryType\":\"LIKE\",\"required\":false,\"sort\":2,\"superColumn\":false,\"tableId\":5,\"updateBy\":\"\",\"updateTime\":\"2025-09-13 21:47:54\",\"usableColumn\":false},{\"capJavaField\":\"ModelUrl\",\"columnComment\":\"模特文件URL\",\"columnId\":61,\"columnName\":\"model_url\",\"columnType\":\"varchar(500)\",\"createBy\":\"admin\",\"createTime\":\"2025-09-13 21:30:45\",\"dictType\":\"\",\"edit\":true,\"htmlType\":\"textarea\",\"increment\":false,\"insert\":true,\"isEdit\":\"1\",\"isIncrement\":\"0\",\"isInsert\":\"1\",\"isList\":\"1\",\"isPk\":\"0\",\"isQuery\":\"1\",\"javaField\":\"modelUrl\",\"javaType\":\"String\",\"list\":true,\"params\":{},\"pk\":false,\"query\":true,\"queryType\":\"EQ\",\"required\":false,\"sort\":3,\"superColumn\":false,\"tableId\":5,\"updateBy\":\"\",\"updateTime\":\"2025-09-13 21:47:54\",\"usableColumn\":false},{\"capJavaField\":\"ModelWeId\",\"columnComment\":\"模特ID\",\"columnId\":62,\"columnName\":\"model_we_id\",\"columnType\":\"varchar(100)\",\"createBy\":\"admin\",\"createTime\":\"2025-09-13 21:30:45\",\"dictType\":\"\",\"edit\":true,\"htmlType\":\"input\",\"increment\":false,\"insert\":true,\"isEdit\":\"1\",\"isIncrement\":\"0\",\"isInsert\":\"1\"', '{\"msg\":\"操作成功\",\"code\":200}', 0, NULL, '2025-09-14 09:52:11', 232);
INSERT INTO `sys_oper_log` VALUES (118, '代码生成', 8, 'com.ruoyi.gen.controller.GenController.batchGenCode()', 'GET', 1, 'admin', NULL, '/gen/batchGenCode', '127.0.0.1', '', '{\"tables\":\"we_model\"}', NULL, 0, NULL, '2025-09-14 09:52:18', 477);
INSERT INTO `sys_oper_log` VALUES (119, '代码生成', 2, 'com.ruoyi.gen.controller.GenController.editSave()', 'PUT', 1, 'admin', NULL, '/gen', '127.0.0.1', '', '{\"businessName\":\"model\",\"className\":\"WeModel\",\"columns\":[{\"capJavaField\":\"Id\",\"columnComment\":\"主键\",\"columnId\":59,\"columnName\":\"id\",\"columnType\":\"bigint\",\"createBy\":\"admin\",\"createTime\":\"2025-09-13 21:30:45\",\"dictType\":\"\",\"edit\":false,\"htmlType\":\"input\",\"increment\":true,\"insert\":true,\"isIncrement\":\"1\",\"isInsert\":\"1\",\"isPk\":\"1\",\"isQuery\":\"1\",\"javaField\":\"id\",\"javaType\":\"Long\",\"list\":false,\"params\":{},\"pk\":true,\"query\":true,\"queryType\":\"EQ\",\"required\":false,\"sort\":1,\"superColumn\":false,\"tableId\":5,\"updateBy\":\"\",\"updateTime\":\"2025-09-14 09:52:11\",\"usableColumn\":false},{\"capJavaField\":\"Name\",\"columnComment\":\"模特名称\",\"columnId\":60,\"columnName\":\"name\",\"columnType\":\"varchar(255)\",\"createBy\":\"admin\",\"createTime\":\"2025-09-13 21:30:45\",\"dictType\":\"\",\"edit\":true,\"htmlType\":\"input\",\"increment\":false,\"insert\":true,\"isEdit\":\"1\",\"isIncrement\":\"0\",\"isInsert\":\"1\",\"isList\":\"1\",\"isPk\":\"0\",\"isQuery\":\"1\",\"javaField\":\"name\",\"javaType\":\"String\",\"list\":true,\"params\":{},\"pk\":false,\"query\":true,\"queryType\":\"LIKE\",\"required\":false,\"sort\":2,\"superColumn\":false,\"tableId\":5,\"updateBy\":\"\",\"updateTime\":\"2025-09-14 09:52:11\",\"usableColumn\":false},{\"capJavaField\":\"ModelUrl\",\"columnComment\":\"模特文件URL\",\"columnId\":61,\"columnName\":\"model_url\",\"columnType\":\"varchar(500)\",\"createBy\":\"admin\",\"createTime\":\"2025-09-13 21:30:45\",\"dictType\":\"\",\"edit\":true,\"htmlType\":\"textarea\",\"increment\":false,\"insert\":true,\"isEdit\":\"1\",\"isIncrement\":\"0\",\"isInsert\":\"1\",\"isList\":\"1\",\"isPk\":\"0\",\"isQuery\":\"1\",\"javaField\":\"modelUrl\",\"javaType\":\"String\",\"list\":true,\"params\":{},\"pk\":false,\"query\":true,\"queryType\":\"EQ\",\"required\":false,\"sort\":3,\"superColumn\":false,\"tableId\":5,\"updateBy\":\"\",\"updateTime\":\"2025-09-14 09:52:11\",\"usableColumn\":false},{\"capJavaField\":\"ModelWeId\",\"columnComment\":\"模特ID\",\"columnId\":62,\"columnName\":\"model_we_id\",\"columnType\":\"varchar(100)\",\"createBy\":\"admin\",\"createTime\":\"2025-09-13 21:30:45\",\"dictType\":\"\",\"edit\":true,\"htmlType\":\"input\",\"increment\":false,\"insert\":true,\"isEdit\":\"1\",\"isIncrement\":\"0\",\"isInsert\":\"1\"', '{\"msg\":\"操作成功\",\"code\":200}', 0, NULL, '2025-09-14 10:21:34', 94);
INSERT INTO `sys_oper_log` VALUES (120, '代码生成', 8, 'com.ruoyi.gen.controller.GenController.batchGenCode()', 'GET', 1, 'admin', NULL, '/gen/batchGenCode', '127.0.0.1', '', '{\"tables\":\"we_model\"}', NULL, 0, NULL, '2025-09-14 10:21:52', 149);
INSERT INTO `sys_oper_log` VALUES (121, '字典类型', 1, 'com.ruoyi.system.controller.SysDictTypeController.add()', 'POST', 1, 'admin', NULL, '/dict/type', '127.0.0.1', '', '{\"createBy\":\"admin\",\"dictName\":\"we数据状态\",\"dictType\":\"we_data_status\",\"params\":{},\"status\":\"0\"}', '{\"msg\":\"操作成功\",\"code\":200}', 0, NULL, '2025-09-14 10:41:44', 66);
INSERT INTO `sys_oper_log` VALUES (122, '字典数据', 1, 'com.ruoyi.system.controller.SysDictDataController.add()', 'POST', 1, 'admin', NULL, '/dict/data', '127.0.0.1', '', '{\"createBy\":\"admin\",\"default\":false,\"dictLabel\":\"待审核\",\"dictSort\":0,\"dictType\":\"we_data_status\",\"dictValue\":\"0\",\"listClass\":\"default\",\"params\":{},\"status\":\"0\"}', '{\"msg\":\"操作成功\",\"code\":200}', 0, NULL, '2025-09-14 10:42:30', 37);
INSERT INTO `sys_oper_log` VALUES (123, '字典数据', 1, 'com.ruoyi.system.controller.SysDictDataController.add()', 'POST', 1, 'admin', NULL, '/dict/data', '127.0.0.1', '', '{\"createBy\":\"admin\",\"default\":false,\"dictLabel\":\"审核通过\",\"dictSort\":1,\"dictType\":\"we_data_status\",\"dictValue\":\"1\",\"listClass\":\"success\",\"params\":{},\"status\":\"0\"}', '{\"msg\":\"操作成功\",\"code\":200}', 0, NULL, '2025-09-14 10:42:49', 33);
INSERT INTO `sys_oper_log` VALUES (124, '字典数据', 1, 'com.ruoyi.system.controller.SysDictDataController.add()', 'POST', 1, 'admin', NULL, '/dict/data', '127.0.0.1', '', '{\"createBy\":\"admin\",\"default\":false,\"dictLabel\":\"审核未通过\",\"dictSort\":2,\"dictType\":\"we_data_status\",\"dictValue\":\"2\",\"listClass\":\"danger\",\"params\":{},\"status\":\"0\"}', '{\"msg\":\"操作成功\",\"code\":200}', 0, NULL, '2025-09-14 10:43:26', 38);
INSERT INTO `sys_oper_log` VALUES (125, '字典数据', 2, 'com.ruoyi.system.controller.SysDictDataController.edit()', 'PUT', 1, 'admin', NULL, '/dict/data', '127.0.0.1', '', '{\"createBy\":\"admin\",\"createTime\":\"2025-09-14 10:42:30\",\"default\":false,\"dictCode\":102,\"dictLabel\":\"待审核\",\"dictSort\":0,\"dictType\":\"we_data_status\",\"dictValue\":\"0\",\"isDefault\":\"N\",\"listClass\":\"warning\",\"params\":{},\"status\":\"0\",\"updateBy\":\"admin\"}', '{\"msg\":\"操作成功\",\"code\":200}', 0, NULL, '2025-09-14 10:43:43', 29);
INSERT INTO `sys_oper_log` VALUES (126, '代码生成', 3, 'com.ruoyi.gen.controller.GenController.remove()', 'DELETE', 1, 'admin', NULL, '/gen/5,1,2,3,4', '127.0.0.1', '', '[5,1,2,3,4]', '{\"msg\":\"操作成功\",\"code\":200}', 0, NULL, '2025-09-14 10:45:59', 46);
INSERT INTO `sys_oper_log` VALUES (127, '代码生成', 6, 'com.ruoyi.gen.controller.GenController.importTableSave()', 'POST', 1, 'admin', NULL, '/gen/importTable', '127.0.0.1', '', '{\"tables\":\"we_model\"}', '{\"msg\":\"操作成功\",\"code\":200}', 0, NULL, '2025-09-14 10:46:14', 95);
INSERT INTO `sys_oper_log` VALUES (128, '代码生成', 2, 'com.ruoyi.gen.controller.GenController.editSave()', 'PUT', 1, 'admin', NULL, '/gen', '127.0.0.1', '', '{\"businessName\":\"model\",\"className\":\"WeModel\",\"columns\":[{\"capJavaField\":\"Id\",\"columnComment\":\"主键\",\"columnId\":71,\"columnName\":\"id\",\"columnType\":\"bigint\",\"createBy\":\"admin\",\"createTime\":\"2025-09-14 10:46:14\",\"dictType\":\"\",\"edit\":false,\"htmlType\":\"input\",\"increment\":true,\"insert\":true,\"isIncrement\":\"1\",\"isInsert\":\"1\",\"isPk\":\"1\",\"isQuery\":\"1\",\"javaField\":\"id\",\"javaType\":\"Long\",\"list\":false,\"params\":{},\"pk\":true,\"query\":true,\"queryType\":\"EQ\",\"required\":false,\"sort\":1,\"superColumn\":false,\"tableId\":6,\"updateBy\":\"\",\"usableColumn\":false},{\"capJavaField\":\"Name\",\"columnComment\":\"模特名称\",\"columnId\":72,\"columnName\":\"name\",\"columnType\":\"varchar(255)\",\"createBy\":\"admin\",\"createTime\":\"2025-09-14 10:46:14\",\"dictType\":\"\",\"edit\":true,\"htmlType\":\"input\",\"increment\":false,\"insert\":true,\"isEdit\":\"1\",\"isIncrement\":\"0\",\"isInsert\":\"1\",\"isList\":\"1\",\"isPk\":\"0\",\"isQuery\":\"1\",\"javaField\":\"name\",\"javaType\":\"String\",\"list\":true,\"params\":{},\"pk\":false,\"query\":true,\"queryType\":\"LIKE\",\"required\":false,\"sort\":2,\"superColumn\":false,\"tableId\":6,\"updateBy\":\"\",\"usableColumn\":false},{\"capJavaField\":\"ModelUrl\",\"columnComment\":\"模特文件URL\",\"columnId\":73,\"columnName\":\"model_url\",\"columnType\":\"varchar(500)\",\"createBy\":\"admin\",\"createTime\":\"2025-09-14 10:46:14\",\"dictType\":\"\",\"edit\":true,\"htmlType\":\"textarea\",\"increment\":false,\"insert\":true,\"isEdit\":\"1\",\"isIncrement\":\"0\",\"isInsert\":\"1\",\"isList\":\"1\",\"isPk\":\"0\",\"isQuery\":\"1\",\"javaField\":\"modelUrl\",\"javaType\":\"String\",\"list\":true,\"params\":{},\"pk\":false,\"query\":true,\"queryType\":\"EQ\",\"required\":false,\"sort\":3,\"superColumn\":false,\"tableId\":6,\"updateBy\":\"\",\"usableColumn\":false},{\"capJavaField\":\"ModelWeId\",\"columnComment\":\"模特ID\",\"columnId\":74,\"columnName\":\"model_we_id\",\"columnType\":\"varchar(100)\",\"createBy\":\"admin\",\"createTime\":\"2025-09-14 10:46:14\",\"dictType\":\"\",\"edit\":true,\"htmlType\":\"input\",\"increment\":false,\"insert\":true,\"isEdit\":\"1\",\"isIncrement\":\"0\",\"isInsert\":\"1\",\"isList\":\"1\",\"isPk\":\"0\",\"isQuery\":\"1\",\"javaField\":\"modelWeId\",\"javaType\":\"String\",\"list\":true,\"params\":{', '{\"msg\":\"操作成功\",\"code\":200}', 0, NULL, '2025-09-14 10:50:00', 66);
INSERT INTO `sys_oper_log` VALUES (129, '代码生成', 8, 'com.ruoyi.gen.controller.GenController.batchGenCode()', 'GET', 1, 'admin', NULL, '/gen/batchGenCode', '127.0.0.1', '', '{\"tables\":\"we_model\"}', NULL, 0, NULL, '2025-09-14 10:50:31', 154);
INSERT INTO `sys_oper_log` VALUES (130, '代码生成', 2, 'com.ruoyi.gen.controller.GenController.editSave()', 'PUT', 1, 'admin', NULL, '/gen', '127.0.0.1', '', '{\"businessName\":\"model\",\"className\":\"WeModel\",\"columns\":[{\"capJavaField\":\"Id\",\"columnComment\":\"主键\",\"columnId\":71,\"columnName\":\"id\",\"columnType\":\"bigint\",\"createBy\":\"admin\",\"createTime\":\"2025-09-14 10:46:14\",\"dictType\":\"\",\"edit\":false,\"htmlType\":\"input\",\"increment\":true,\"insert\":true,\"isIncrement\":\"1\",\"isInsert\":\"1\",\"isPk\":\"1\",\"isQuery\":\"1\",\"javaField\":\"id\",\"javaType\":\"Long\",\"list\":false,\"params\":{},\"pk\":true,\"query\":true,\"queryType\":\"EQ\",\"required\":false,\"sort\":1,\"superColumn\":false,\"tableId\":6,\"updateBy\":\"\",\"updateTime\":\"2025-09-14 10:49:59\",\"usableColumn\":false},{\"capJavaField\":\"Name\",\"columnComment\":\"模特名称\",\"columnId\":72,\"columnName\":\"name\",\"columnType\":\"varchar(255)\",\"createBy\":\"admin\",\"createTime\":\"2025-09-14 10:46:14\",\"dictType\":\"\",\"edit\":true,\"htmlType\":\"input\",\"increment\":false,\"insert\":true,\"isEdit\":\"1\",\"isIncrement\":\"0\",\"isInsert\":\"1\",\"isList\":\"1\",\"isPk\":\"0\",\"isQuery\":\"1\",\"javaField\":\"name\",\"javaType\":\"String\",\"list\":true,\"params\":{},\"pk\":false,\"query\":true,\"queryType\":\"LIKE\",\"required\":false,\"sort\":2,\"superColumn\":false,\"tableId\":6,\"updateBy\":\"\",\"updateTime\":\"2025-09-14 10:49:59\",\"usableColumn\":false},{\"capJavaField\":\"ModelUrl\",\"columnComment\":\"模特文件URL\",\"columnId\":73,\"columnName\":\"model_url\",\"columnType\":\"varchar(500)\",\"createBy\":\"admin\",\"createTime\":\"2025-09-14 10:46:14\",\"dictType\":\"\",\"edit\":true,\"htmlType\":\"textarea\",\"increment\":false,\"insert\":true,\"isEdit\":\"1\",\"isIncrement\":\"0\",\"isInsert\":\"1\",\"isList\":\"1\",\"isPk\":\"0\",\"isQuery\":\"1\",\"javaField\":\"modelUrl\",\"javaType\":\"String\",\"list\":true,\"params\":{},\"pk\":false,\"query\":true,\"queryType\":\"EQ\",\"required\":false,\"sort\":3,\"superColumn\":false,\"tableId\":6,\"updateBy\":\"\",\"updateTime\":\"2025-09-14 10:49:59\",\"usableColumn\":false},{\"capJavaField\":\"ModelWeId\",\"columnComment\":\"模特ID\",\"columnId\":74,\"columnName\":\"model_we_id\",\"columnType\":\"varchar(100)\",\"createBy\":\"admin\",\"createTime\":\"2025-09-14 10:46:14\",\"dictType\":\"\",\"edit\":true,\"htmlType\":\"input\",\"increment\":false,\"insert\":true,\"isEdit\":\"1\",\"isIncrement\":\"0\",\"isInsert\":\"1\"', '{\"msg\":\"操作成功\",\"code\":200}', 0, NULL, '2025-09-14 11:01:09', 68);
INSERT INTO `sys_oper_log` VALUES (131, '代码生成', 8, 'com.ruoyi.gen.controller.GenController.batchGenCode()', 'GET', 1, 'admin', NULL, '/gen/batchGenCode', '127.0.0.1', '', '{\"tables\":\"we_model\"}', NULL, 0, NULL, '2025-09-14 11:01:25', 210);
INSERT INTO `sys_oper_log` VALUES (132, '模特', 1, 'com.ruoyi.system.controller.WeModelController.add()', 'POST', 1, 'admin', NULL, '/model', '127.0.0.1', '', '{\"createTime\":\"2025-09-14 11:08:30\",\"id\":1,\"modelUrl\":\"https://ai-image.weshop.com/20250911_1_3c3602d7-777f-4655-98a1-78e4248a2e6d_1024x1280.png_crop512.jpeg\",\"modelWeId\":\"10000345929\",\"name\":\"bs2\",\"params\":{},\"type\":\"1\"}', '{\"msg\":\"操作成功\",\"code\":200}', 0, NULL, '2025-09-14 11:08:31', 168);
INSERT INTO `sys_oper_log` VALUES (133, '代码生成', 2, 'com.ruoyi.gen.controller.GenController.editSave()', 'PUT', 1, 'admin', NULL, '/gen', '127.0.0.1', '', '{\"businessName\":\"model\",\"className\":\"WeModel\",\"columns\":[{\"capJavaField\":\"Id\",\"columnComment\":\"主键\",\"columnId\":71,\"columnName\":\"id\",\"columnType\":\"bigint\",\"createBy\":\"admin\",\"createTime\":\"2025-09-14 10:46:14\",\"dictType\":\"\",\"edit\":false,\"htmlType\":\"input\",\"increment\":true,\"insert\":true,\"isIncrement\":\"1\",\"isInsert\":\"1\",\"isPk\":\"1\",\"isQuery\":\"1\",\"javaField\":\"id\",\"javaType\":\"Long\",\"list\":false,\"params\":{},\"pk\":true,\"query\":true,\"queryType\":\"EQ\",\"required\":false,\"sort\":1,\"superColumn\":false,\"tableId\":6,\"updateBy\":\"\",\"updateTime\":\"2025-09-14 11:01:09\",\"usableColumn\":false},{\"capJavaField\":\"Name\",\"columnComment\":\"模特名称\",\"columnId\":72,\"columnName\":\"name\",\"columnType\":\"varchar(255)\",\"createBy\":\"admin\",\"createTime\":\"2025-09-14 10:46:14\",\"dictType\":\"\",\"edit\":true,\"htmlType\":\"input\",\"increment\":false,\"insert\":true,\"isEdit\":\"1\",\"isIncrement\":\"0\",\"isInsert\":\"1\",\"isList\":\"1\",\"isPk\":\"0\",\"isQuery\":\"1\",\"javaField\":\"name\",\"javaType\":\"String\",\"list\":true,\"params\":{},\"pk\":false,\"query\":true,\"queryType\":\"LIKE\",\"required\":false,\"sort\":2,\"superColumn\":false,\"tableId\":6,\"updateBy\":\"\",\"updateTime\":\"2025-09-14 11:01:09\",\"usableColumn\":false},{\"capJavaField\":\"ModelUrl\",\"columnComment\":\"模特文件URL\",\"columnId\":73,\"columnName\":\"model_url\",\"columnType\":\"varchar(500)\",\"createBy\":\"admin\",\"createTime\":\"2025-09-14 10:46:14\",\"dictType\":\"\",\"edit\":true,\"htmlType\":\"textarea\",\"increment\":false,\"insert\":true,\"isEdit\":\"1\",\"isIncrement\":\"0\",\"isInsert\":\"1\",\"isList\":\"1\",\"isPk\":\"0\",\"isQuery\":\"1\",\"javaField\":\"modelUrl\",\"javaType\":\"String\",\"list\":true,\"params\":{},\"pk\":false,\"query\":true,\"queryType\":\"EQ\",\"required\":false,\"sort\":3,\"superColumn\":false,\"tableId\":6,\"updateBy\":\"\",\"updateTime\":\"2025-09-14 11:01:09\",\"usableColumn\":false},{\"capJavaField\":\"ModelWeId\",\"columnComment\":\"模特ID\",\"columnId\":74,\"columnName\":\"model_we_id\",\"columnType\":\"varchar(100)\",\"createBy\":\"admin\",\"createTime\":\"2025-09-14 10:46:14\",\"dictType\":\"\",\"edit\":true,\"htmlType\":\"input\",\"increment\":false,\"insert\":true,\"isEdit\":\"1\",\"isIncrement\":\"0\",\"isInsert\":\"1\"', '{\"msg\":\"操作成功\",\"code\":200}', 0, NULL, '2025-09-14 11:13:53', 63);
INSERT INTO `sys_oper_log` VALUES (134, '代码生成', 8, 'com.ruoyi.gen.controller.GenController.batchGenCode()', 'GET', 1, 'admin', NULL, '/gen/batchGenCode', '127.0.0.1', '', '{\"tables\":\"we_model\"}', NULL, 0, NULL, '2025-09-14 11:14:06', 133);
INSERT INTO `sys_oper_log` VALUES (135, '代码生成', 2, 'com.ruoyi.gen.controller.GenController.editSave()', 'PUT', 1, 'admin', NULL, '/gen', '127.0.0.1', '', '{\"businessName\":\"model\",\"className\":\"WeModel\",\"columns\":[{\"capJavaField\":\"Id\",\"columnComment\":\"主键\",\"columnId\":71,\"columnName\":\"id\",\"columnType\":\"bigint\",\"createBy\":\"admin\",\"createTime\":\"2025-09-14 10:46:14\",\"dictType\":\"\",\"edit\":false,\"htmlType\":\"input\",\"increment\":true,\"insert\":true,\"isIncrement\":\"1\",\"isInsert\":\"1\",\"isPk\":\"1\",\"isQuery\":\"1\",\"javaField\":\"id\",\"javaType\":\"Long\",\"list\":false,\"params\":{},\"pk\":true,\"query\":true,\"queryType\":\"EQ\",\"required\":false,\"sort\":1,\"superColumn\":false,\"tableId\":6,\"updateBy\":\"\",\"updateTime\":\"2025-09-14 11:13:53\",\"usableColumn\":false},{\"capJavaField\":\"Name\",\"columnComment\":\"模特名称\",\"columnId\":72,\"columnName\":\"name\",\"columnType\":\"varchar(255)\",\"createBy\":\"admin\",\"createTime\":\"2025-09-14 10:46:14\",\"dictType\":\"\",\"edit\":true,\"htmlType\":\"input\",\"increment\":false,\"insert\":true,\"isEdit\":\"1\",\"isIncrement\":\"0\",\"isInsert\":\"1\",\"isList\":\"1\",\"isPk\":\"0\",\"isQuery\":\"1\",\"javaField\":\"name\",\"javaType\":\"String\",\"list\":true,\"params\":{},\"pk\":false,\"query\":true,\"queryType\":\"LIKE\",\"required\":false,\"sort\":2,\"superColumn\":false,\"tableId\":6,\"updateBy\":\"\",\"updateTime\":\"2025-09-14 11:13:53\",\"usableColumn\":false},{\"capJavaField\":\"ModelUrl\",\"columnComment\":\"模特文件URL\",\"columnId\":73,\"columnName\":\"model_url\",\"columnType\":\"varchar(500)\",\"createBy\":\"admin\",\"createTime\":\"2025-09-14 10:46:14\",\"dictType\":\"\",\"edit\":true,\"htmlType\":\"textarea\",\"increment\":false,\"insert\":true,\"isEdit\":\"1\",\"isIncrement\":\"0\",\"isInsert\":\"1\",\"isList\":\"1\",\"isPk\":\"0\",\"isQuery\":\"1\",\"javaField\":\"modelUrl\",\"javaType\":\"String\",\"list\":true,\"params\":{},\"pk\":false,\"query\":true,\"queryType\":\"EQ\",\"required\":false,\"sort\":3,\"superColumn\":false,\"tableId\":6,\"updateBy\":\"\",\"updateTime\":\"2025-09-14 11:13:53\",\"usableColumn\":false},{\"capJavaField\":\"ModelWeId\",\"columnComment\":\"模特ID\",\"columnId\":74,\"columnName\":\"model_we_id\",\"columnType\":\"varchar(100)\",\"createBy\":\"admin\",\"createTime\":\"2025-09-14 10:46:14\",\"dictType\":\"\",\"edit\":true,\"htmlType\":\"input\",\"increment\":false,\"insert\":true,\"isEdit\":\"1\",\"isIncrement\":\"0\",\"isInsert\":\"1\"', '{\"msg\":\"操作成功\",\"code\":200}', 0, NULL, '2025-09-14 11:16:03', 89);
INSERT INTO `sys_oper_log` VALUES (136, '模特', 2, 'com.ruoyi.system.controller.WeModelController.edit()', 'PUT', 1, 'admin', NULL, '/model', '127.0.0.1', '', '{\"createBy\":\"\",\"createTime\":\"2025-09-14 11:08:30\",\"delFlag\":\"0\",\"id\":1,\"modelUrl\":\"https://ai-image.weshop.com/20250911_1_3c3602d7-777f-4655-98a1-78e4248a2e6d_1024x1280.png_crop512.jpeg\",\"modelWeId\":\"10000345929\",\"name\":\"bs2\",\"params\":{},\"type\":\"2\",\"updateBy\":\"\",\"updateTime\":\"2025-09-14 11:30:51\"}', '{\"msg\":\"操作成功\",\"code\":200}', 0, NULL, '2025-09-14 11:30:51', 20);
INSERT INTO `sys_oper_log` VALUES (137, '模特', 2, 'com.ruoyi.system.controller.WeModelController.edit()', 'PUT', 1, 'admin', NULL, '/model', '127.0.0.1', '', '{\"createBy\":\"\",\"createTime\":\"2025-09-14 11:08:30\",\"delFlag\":\"0\",\"id\":1,\"modelUrl\":\"https://ai-image.weshop.com/20250911_1_3c3602d7-777f-4655-98a1-78e4248a2e6d_1024x1280.png_crop512.jpeg\",\"modelWeId\":\"10000345929\",\"name\":\"bs2\",\"params\":{},\"type\":\"1\",\"updateBy\":\"\",\"updateTime\":\"2025-09-14 11:31:01\"}', '{\"msg\":\"操作成功\",\"code\":200}', 0, NULL, '2025-09-14 11:31:01', 22);
INSERT INTO `sys_oper_log` VALUES (138, '模特', 5, 'com.ruoyi.system.controller.WeModelController.export()', 'POST', 1, 'admin', NULL, '/model/export', '127.0.0.1', '', '{\"pageSize\":\"10\",\"type\":\"2\",\"pageNum\":\"1\"}', NULL, 0, NULL, '2025-09-14 11:31:26', 6924);
INSERT INTO `sys_oper_log` VALUES (139, '模特', 5, 'com.ruoyi.system.controller.WeModelController.export()', 'POST', 1, 'admin', NULL, '/model/export', '127.0.0.1', '', '{\"pageSize\":\"10\",\"pageNum\":\"1\"}', NULL, 0, NULL, '2025-09-14 11:31:38', 147);
INSERT INTO `sys_oper_log` VALUES (140, '代码生成', 6, 'com.ruoyi.gen.controller.GenController.importTableSave()', 'POST', 1, 'admin', NULL, '/gen/importTable', '127.0.0.1', '', '{\"tables\":\"we_back,we_cloth\"}', '{\"msg\":\"操作成功\",\"code\":200}', 0, NULL, '2025-09-14 11:33:41', 96);
INSERT INTO `sys_oper_log` VALUES (141, '代码生成', 2, 'com.ruoyi.gen.controller.GenController.editSave()', 'PUT', 1, 'admin', NULL, '/gen', '127.0.0.1', '', '{\"businessName\":\"cloth\",\"className\":\"WeCloth\",\"columns\":[{\"capJavaField\":\"Id\",\"columnComment\":\"主键\",\"columnId\":94,\"columnName\":\"id\",\"columnType\":\"bigint\",\"createBy\":\"admin\",\"createTime\":\"2025-09-14 11:33:41\",\"dictType\":\"\",\"edit\":false,\"htmlType\":\"input\",\"increment\":true,\"insert\":true,\"isIncrement\":\"1\",\"isInsert\":\"1\",\"isPk\":\"1\",\"isQuery\":\"1\",\"javaField\":\"id\",\"javaType\":\"Long\",\"list\":false,\"params\":{},\"pk\":true,\"query\":true,\"queryType\":\"EQ\",\"required\":false,\"sort\":1,\"superColumn\":false,\"tableId\":8,\"updateBy\":\"\",\"usableColumn\":false},{\"capJavaField\":\"Name\",\"columnComment\":\"服装名称\",\"columnId\":95,\"columnName\":\"name\",\"columnType\":\"varchar(255)\",\"createBy\":\"admin\",\"createTime\":\"2025-09-14 11:33:41\",\"dictType\":\"\",\"edit\":true,\"htmlType\":\"input\",\"increment\":false,\"insert\":true,\"isEdit\":\"1\",\"isIncrement\":\"0\",\"isInsert\":\"1\",\"isList\":\"1\",\"isPk\":\"0\",\"isQuery\":\"1\",\"javaField\":\"name\",\"javaType\":\"String\",\"list\":true,\"params\":{},\"pk\":false,\"query\":true,\"queryType\":\"LIKE\",\"required\":false,\"sort\":2,\"superColumn\":false,\"tableId\":8,\"updateBy\":\"\",\"usableColumn\":false},{\"capJavaField\":\"ClothUrl\",\"columnComment\":\"服装图片URL\",\"columnId\":96,\"columnName\":\"cloth_url\",\"columnType\":\"varchar(500)\",\"createBy\":\"admin\",\"createTime\":\"2025-09-14 11:33:41\",\"dictType\":\"\",\"edit\":true,\"htmlType\":\"textarea\",\"increment\":false,\"insert\":true,\"isEdit\":\"1\",\"isIncrement\":\"0\",\"isInsert\":\"1\",\"isList\":\"1\",\"isPk\":\"0\",\"isQuery\":\"1\",\"javaField\":\"clothUrl\",\"javaType\":\"String\",\"list\":true,\"params\":{},\"pk\":false,\"query\":true,\"queryType\":\"EQ\",\"required\":false,\"sort\":3,\"superColumn\":false,\"tableId\":8,\"updateBy\":\"\",\"usableColumn\":false},{\"capJavaField\":\"Type\",\"columnComment\":\"服装类型\",\"columnId\":97,\"columnName\":\"type\",\"columnType\":\"varchar(50)\",\"createBy\":\"admin\",\"createTime\":\"2025-09-14 11:33:41\",\"dictType\":\"brand_type\",\"edit\":true,\"htmlType\":\"select\",\"increment\":false,\"insert\":true,\"isEdit\":\"1\",\"isIncrement\":\"0\",\"isInsert\":\"1\",\"isList\":\"1\",\"isPk\":\"0\",\"isQuery\":\"1\",\"javaField\":\"type\",\"javaType\":\"String\",\"list\":true,\"params\":{},\"pk\":', '{\"msg\":\"操作成功\",\"code\":200}', 0, NULL, '2025-09-14 11:50:40', 53);
INSERT INTO `sys_oper_log` VALUES (142, '代码生成', 8, 'com.ruoyi.gen.controller.GenController.batchGenCode()', 'GET', 1, 'admin', NULL, '/gen/batchGenCode', '127.0.0.1', '', '{\"tables\":\"we_cloth\"}', NULL, 0, NULL, '2025-09-14 11:51:41', 155);
INSERT INTO `sys_oper_log` VALUES (143, '服装', 1, 'com.ruoyi.system.controller.WeClothController.add()', 'POST', 1, 'admin', NULL, '/cloth', '127.0.0.1', '', '{\"clothUrl\":\"blob:https://tcn7ub31uhhl.feishu.cn/0bd4a603-5042-442b-b202-55cb48827e5f\",\"createTime\":\"2025-09-14 15:04:42\",\"id\":1,\"name\":\"bsd4\",\"params\":{},\"type\":\"1\"}', '{\"msg\":\"操作成功\",\"code\":200}', 0, NULL, '2025-09-14 15:04:47', 373);
INSERT INTO `sys_oper_log` VALUES (144, '服装', 2, 'com.ruoyi.system.controller.WeClothController.edit()', 'PUT', 1, 'admin', NULL, '/cloth', '127.0.0.1', '', '{\"clothUrl\":\"https://tcn7ub31uhhl.feishu.cn/0bd4a603-5042-442b-b202-55cb48827e5f\",\"createBy\":\"\",\"createTime\":\"2025-09-14 15:04:43\",\"delFlag\":\"0\",\"id\":1,\"name\":\"bsd4\",\"params\":{},\"type\":\"1\",\"updateBy\":\"\",\"updateTime\":\"2025-09-14 15:08:22\"}', '{\"msg\":\"操作成功\",\"code\":200}', 0, NULL, '2025-09-14 15:08:22', 78);
INSERT INTO `sys_oper_log` VALUES (145, '服装', 2, 'com.ruoyi.system.controller.WeClothController.edit()', 'PUT', 1, 'admin', NULL, '/cloth', '127.0.0.1', '', '{\"clothUrl\":\"https://internal-api-drive-stream.feishu.cn/space/api/box/stream/download/preview/J9m2bzq0Vo6X82xhW57c0cd7nkb/?preview_type=16\",\"createBy\":\"\",\"createTime\":\"2025-09-14 15:04:43\",\"delFlag\":\"0\",\"id\":1,\"name\":\"bsd4\",\"params\":{},\"type\":\"1\",\"updateBy\":\"\",\"updateTime\":\"2025-09-14 15:09:24\"}', '{\"msg\":\"操作成功\",\"code\":200}', 0, NULL, '2025-09-14 15:09:24', 69);
INSERT INTO `sys_oper_log` VALUES (146, '服装', 2, 'com.ruoyi.system.controller.WeClothController.edit()', 'PUT', 1, 'admin', NULL, '/cloth', '127.0.0.1', '', '{\"clothUrl\":\"C:\\\\1qianjue\\\\test\\\\bsd4.jpg\",\"createBy\":\"\",\"createTime\":\"2025-09-14 15:04:43\",\"delFlag\":\"0\",\"id\":1,\"name\":\"bsd4\",\"params\":{},\"type\":\"1\",\"updateBy\":\"\",\"updateTime\":\"2025-09-14 15:18:23\"}', '{\"msg\":\"操作成功\",\"code\":200}', 0, NULL, '2025-09-14 15:18:23', 68);
INSERT INTO `sys_oper_log` VALUES (147, '服装', 2, 'com.ruoyi.system.controller.WeClothController.edit()', 'PUT', 1, 'admin', NULL, '/cloth', '127.0.0.1', '', '{\"clothUrl\":\"C:\\\\\\\\1qianjue\\\\\\\\test\\\\\\\\bsd4.jpg\",\"createBy\":\"\",\"createTime\":\"2025-09-14 15:04:43\",\"delFlag\":\"0\",\"id\":1,\"name\":\"bsd4\",\"params\":{},\"type\":\"1\",\"updateBy\":\"\",\"updateTime\":\"2025-09-14 15:18:40\"}', '{\"msg\":\"操作成功\",\"code\":200}', 0, NULL, '2025-09-14 15:18:40', 24);
INSERT INTO `sys_oper_log` VALUES (148, '服装', 2, 'com.ruoyi.system.controller.WeClothController.edit()', 'PUT', 1, 'admin', NULL, '/cloth', '127.0.0.1', '', '{\"clothUrl\":\"https://www.weshop.com/_next/image?url=https%3A%2F%2Fai-image.weshop.com%2F20250914_1_0aa2229d-c481-4390-8c9d-b2b3b3ae79d5_800x800.jpg&w=828&q=75\",\"createBy\":\"\",\"createTime\":\"2025-09-14 15:04:43\",\"delFlag\":\"0\",\"id\":1,\"name\":\"bsd4\",\"params\":{},\"type\":\"1\",\"updateBy\":\"\",\"updateTime\":\"2025-09-14 15:20:49\"}', '{\"msg\":\"操作成功\",\"code\":200}', 0, NULL, '2025-09-14 15:20:50', 98);
INSERT INTO `sys_oper_log` VALUES (149, '服装', 5, 'com.ruoyi.system.controller.WeClothController.export()', 'POST', 1, 'admin', NULL, '/cloth/export', '127.0.0.1', '', '{\"pageSize\":\"10\",\"pageNum\":\"1\"}', NULL, 0, NULL, '2025-09-14 15:21:35', 14868);
INSERT INTO `sys_oper_log` VALUES (150, '服装', 5, 'com.ruoyi.system.controller.WeClothController.export()', 'POST', 1, 'admin', NULL, '/cloth/export', '127.0.0.1', '', '{\"pageSize\":\"10\",\"pageNum\":\"1\"}', NULL, 0, NULL, '2025-09-14 15:21:51', 140);
INSERT INTO `sys_oper_log` VALUES (151, '代码生成', 2, 'com.ruoyi.gen.controller.GenController.editSave()', 'PUT', 1, 'admin', NULL, '/gen', '127.0.0.1', '', '{\"businessName\":\"back\",\"className\":\"WeBack\",\"columns\":[{\"capJavaField\":\"Id\",\"columnComment\":\"主键\",\"columnId\":82,\"columnName\":\"id\",\"columnType\":\"bigint\",\"createBy\":\"admin\",\"createTime\":\"2025-09-14 11:33:41\",\"dictType\":\"\",\"edit\":false,\"htmlType\":\"input\",\"increment\":true,\"insert\":true,\"isIncrement\":\"1\",\"isInsert\":\"1\",\"isPk\":\"1\",\"isQuery\":\"1\",\"javaField\":\"id\",\"javaType\":\"Long\",\"list\":false,\"params\":{},\"pk\":true,\"query\":true,\"queryType\":\"EQ\",\"required\":false,\"sort\":1,\"superColumn\":false,\"tableId\":7,\"updateBy\":\"\",\"usableColumn\":false},{\"capJavaField\":\"Name\",\"columnComment\":\"背景名称\",\"columnId\":83,\"columnName\":\"name\",\"columnType\":\"varchar(255)\",\"createBy\":\"admin\",\"createTime\":\"2025-09-14 11:33:41\",\"dictType\":\"\",\"edit\":true,\"htmlType\":\"input\",\"increment\":false,\"insert\":true,\"isEdit\":\"1\",\"isIncrement\":\"0\",\"isInsert\":\"1\",\"isList\":\"1\",\"isPk\":\"0\",\"isQuery\":\"1\",\"javaField\":\"name\",\"javaType\":\"String\",\"list\":true,\"params\":{},\"pk\":false,\"query\":true,\"queryType\":\"LIKE\",\"required\":false,\"sort\":2,\"superColumn\":false,\"tableId\":7,\"updateBy\":\"\",\"usableColumn\":false},{\"capJavaField\":\"BackUrl\",\"columnComment\":\"背景图片URL\",\"columnId\":84,\"columnName\":\"back_url\",\"columnType\":\"varchar(500)\",\"createBy\":\"admin\",\"createTime\":\"2025-09-14 11:33:41\",\"dictType\":\"\",\"edit\":true,\"htmlType\":\"textarea\",\"increment\":false,\"insert\":true,\"isEdit\":\"1\",\"isIncrement\":\"0\",\"isInsert\":\"1\",\"isList\":\"1\",\"isPk\":\"0\",\"isQuery\":\"1\",\"javaField\":\"backUrl\",\"javaType\":\"String\",\"list\":true,\"params\":{},\"pk\":false,\"query\":true,\"queryType\":\"EQ\",\"required\":false,\"sort\":3,\"superColumn\":false,\"tableId\":7,\"updateBy\":\"\",\"usableColumn\":false},{\"capJavaField\":\"BackWeId\",\"columnComment\":\"背景ID\",\"columnId\":85,\"columnName\":\"back_we_id\",\"columnType\":\"varchar(100)\",\"createBy\":\"admin\",\"createTime\":\"2025-09-14 11:33:41\",\"dictType\":\"\",\"edit\":true,\"htmlType\":\"input\",\"increment\":false,\"insert\":true,\"isEdit\":\"1\",\"isIncrement\":\"0\",\"isInsert\":\"1\",\"isList\":\"1\",\"isPk\":\"0\",\"isQuery\":\"1\",\"javaField\":\"backWeId\",\"javaType\":\"String\",\"list\":true,\"params\":{},\"pk\":f', '{\"msg\":\"操作成功\",\"code\":200}', 0, NULL, '2025-09-14 15:26:25', 154);
INSERT INTO `sys_oper_log` VALUES (152, '代码生成', 8, 'com.ruoyi.gen.controller.GenController.batchGenCode()', 'GET', 1, 'admin', NULL, '/gen/batchGenCode', '127.0.0.1', '', '{\"tables\":\"we_back\"}', NULL, 0, NULL, '2025-09-14 15:26:54', 419);
INSERT INTO `sys_oper_log` VALUES (153, '背景', 1, 'com.ruoyi.system.controller.WeBackController.add()', 'POST', 1, 'admin', NULL, '/back', '127.0.0.1', '', '{\"backUrl\":\"https://ai-image.weshop.com/20250911_1_b52b9ed0-37f1-495e-b0bc-1b37f3e9d689_848x1280.png\",\"backWeId\":\"10000345954\",\"createTime\":\"2025-09-14 15:43:05\",\"id\":1,\"name\":\"bsd1\",\"params\":{},\"promot\":\"模特的姿态展现出一种动态而自信的行走姿态，身体微微前倾，重心略向前移，表现出在雪地中稳健前行的动感。她的右腿向前跨出，膝盖微屈，脚掌稳稳踩在积雪上，留下清晰的足迹；左腿则自然向后伸展，保持平衡。双臂自然摆动，右手略微前伸，左手向后摆动，增强了行走时的协调感与节奏感。整体姿态流畅自然，透露出一种从容不迫、适应寒冷环境的优雅与力量感。她的头部略微抬起，目光坚定地望向前方，体现出专注与探索的神情，仿佛正迈向未知的雪域深处。整个姿态不仅展现了运动中的美感，也传递出与自然和谐共处的从容气质。\",\"type\":\"1\"}', '{\"msg\":\"操作成功\",\"code\":200}', 0, NULL, '2025-09-14 15:43:08', 528);
INSERT INTO `sys_oper_log` VALUES (154, '背景', 5, 'com.ruoyi.system.controller.WeBackController.export()', 'POST', 1, 'admin', NULL, '/back/export', '127.0.0.1', '', '{\"pageSize\":\"10\",\"pageNum\":\"1\"}', NULL, 0, NULL, '2025-09-14 15:49:38', 16606);
INSERT INTO `sys_oper_log` VALUES (155, '背景', 5, 'com.ruoyi.system.controller.WeBackController.export()', 'POST', 1, 'admin', NULL, '/back/export', '127.0.0.1', '', '{\"pageSize\":\"10\",\"pageNum\":\"1\"}', NULL, 0, NULL, '2025-09-14 15:49:38', 456);
INSERT INTO `sys_oper_log` VALUES (156, '代码生成', 6, 'com.ruoyi.gen.controller.GenController.importTableSave()', 'POST', 1, 'admin', NULL, '/gen/importTable', '127.0.0.1', '', '{\"tables\":\"we_look,we_ai_picture\"}', '{\"msg\":\"操作成功\",\"code\":200}', 0, NULL, '2025-09-14 15:51:33', 340);
INSERT INTO `sys_oper_log` VALUES (157, '代码生成', 2, 'com.ruoyi.gen.controller.GenController.editSave()', 'PUT', 1, 'admin', NULL, '/gen', '127.0.0.1', '', '{\"businessName\":\"look\",\"className\":\"WeLook\",\"columns\":[{\"capJavaField\":\"Id\",\"columnComment\":\"主键\",\"columnId\":120,\"columnName\":\"id\",\"columnType\":\"bigint\",\"createBy\":\"admin\",\"createTime\":\"2025-09-14 15:51:33\",\"dictType\":\"\",\"edit\":false,\"htmlType\":\"input\",\"increment\":true,\"insert\":true,\"isIncrement\":\"1\",\"isInsert\":\"1\",\"isPk\":\"1\",\"isQuery\":\"1\",\"javaField\":\"id\",\"javaType\":\"Long\",\"list\":false,\"params\":{},\"pk\":true,\"query\":true,\"queryType\":\"EQ\",\"required\":false,\"sort\":1,\"superColumn\":false,\"tableId\":10,\"updateBy\":\"\",\"usableColumn\":false},{\"capJavaField\":\"Name\",\"columnComment\":\"外观名称\",\"columnId\":121,\"columnName\":\"name\",\"columnType\":\"varchar(255)\",\"createBy\":\"admin\",\"createTime\":\"2025-09-14 15:51:33\",\"dictType\":\"\",\"edit\":true,\"htmlType\":\"input\",\"increment\":false,\"insert\":true,\"isEdit\":\"1\",\"isIncrement\":\"0\",\"isInsert\":\"1\",\"isList\":\"1\",\"isPk\":\"0\",\"isQuery\":\"1\",\"javaField\":\"name\",\"javaType\":\"String\",\"list\":true,\"params\":{},\"pk\":false,\"query\":true,\"queryType\":\"LIKE\",\"required\":false,\"sort\":2,\"superColumn\":false,\"tableId\":10,\"updateBy\":\"\",\"usableColumn\":false},{\"capJavaField\":\"LookUrl\",\"columnComment\":\"外观图片URL\",\"columnId\":122,\"columnName\":\"look_url\",\"columnType\":\"varchar(500)\",\"createBy\":\"admin\",\"createTime\":\"2025-09-14 15:51:33\",\"dictType\":\"\",\"edit\":true,\"htmlType\":\"textarea\",\"increment\":false,\"insert\":true,\"isEdit\":\"1\",\"isIncrement\":\"0\",\"isInsert\":\"1\",\"isList\":\"1\",\"isPk\":\"0\",\"isQuery\":\"1\",\"javaField\":\"lookUrl\",\"javaType\":\"String\",\"list\":true,\"params\":{},\"pk\":false,\"query\":true,\"queryType\":\"EQ\",\"required\":false,\"sort\":3,\"superColumn\":false,\"tableId\":10,\"updateBy\":\"\",\"usableColumn\":false},{\"capJavaField\":\"TaskId\",\"columnComment\":\"任务ID\",\"columnId\":123,\"columnName\":\"task_id\",\"columnType\":\"varchar(100)\",\"createBy\":\"admin\",\"createTime\":\"2025-09-14 15:51:33\",\"dictType\":\"\",\"edit\":true,\"htmlType\":\"input\",\"increment\":false,\"insert\":true,\"isEdit\":\"1\",\"isIncrement\":\"0\",\"isInsert\":\"1\",\"isList\":\"1\",\"isPk\":\"0\",\"isQuery\":\"1\",\"javaField\":\"taskId\",\"javaType\":\"String\",\"list\":true,\"params\":{},\"pk\":f', '{\"msg\":\"操作成功\",\"code\":200}', 0, NULL, '2025-09-14 15:54:26', 201);
INSERT INTO `sys_oper_log` VALUES (158, '代码生成', 8, 'com.ruoyi.gen.controller.GenController.batchGenCode()', 'GET', 1, 'admin', NULL, '/gen/batchGenCode', '127.0.0.1', '', '{\"tables\":\"we_look\"}', NULL, 0, NULL, '2025-09-14 15:55:10', 448);
INSERT INTO `sys_oper_log` VALUES (159, '模特', 2, 'com.ruoyi.system.controller.WeModelController.edit()', 'PUT', 1, 'admin', NULL, '/model', '127.0.0.1', '', '{\"createBy\":\"\",\"createTime\":\"2025-09-14 11:08:30\",\"delFlag\":\"0\",\"id\":1,\"modelUrl\":\"https://ai-image.weshop.com/20250911_1_3c3602d7-777f-4655-98a1-78e4248a2e6d_1024x1280.png_crop512.jpeg\",\"modelWeId\":\"10000345929\",\"name\":\"model2\",\"params\":{},\"type\":\"1\",\"updateBy\":\"\",\"updateTime\":\"2025-09-14 16:39:20\"}', '{\"msg\":\"操作成功\",\"code\":200}', 0, NULL, '2025-09-14 16:39:20', 126);
INSERT INTO `sys_oper_log` VALUES (160, '服装', 2, 'com.ruoyi.system.controller.WeClothController.edit()', 'PUT', 1, 'admin', NULL, '/cloth', '127.0.0.1', '', '{\"clothUrl\":\"https://www.weshop.com/_next/image?url=https%3A%2F%2Fai-image.weshop.com%2F20250914_1_0aa2229d-c481-4390-8c9d-b2b3b3ae79d5_800x800.jpg&w=828&q=75\",\"createBy\":\"\",\"createTime\":\"2025-09-14 15:04:43\",\"delFlag\":\"0\",\"id\":1,\"name\":\"cloth4\",\"params\":{},\"type\":\"1\",\"updateBy\":\"\",\"updateTime\":\"2025-09-14 16:39:37\"}', '{\"msg\":\"操作成功\",\"code\":200}', 0, NULL, '2025-09-14 16:39:37', 78);
INSERT INTO `sys_oper_log` VALUES (161, '背景', 2, 'com.ruoyi.system.controller.WeBackController.edit()', 'PUT', 1, 'admin', NULL, '/back', '127.0.0.1', '', '{\"backUrl\":\"https://ai-image.weshop.com/20250911_1_b52b9ed0-37f1-495e-b0bc-1b37f3e9d689_848x1280.png\",\"backWeId\":\"10000345954\",\"createBy\":\"\",\"createTime\":\"2025-09-14 15:43:06\",\"delFlag\":\"0\",\"id\":1,\"name\":\"back1\",\"params\":{},\"promot\":\"模特的姿态展现出一种动态而自信的行走姿态，身体微微前倾，重心略向前移，表现出在雪地中稳健前行的动感。她的右腿向前跨出，膝盖微屈，脚掌稳稳踩在积雪上，留下清晰的足迹；左腿则自然向后伸展，保持平衡。双臂自然摆动，右手略微前伸，左手向后摆动，增强了行走时的协调感与节奏感。整体姿态流畅自然，透露出一种从容不迫、适应寒冷环境的优雅与力量感。她的头部略微抬起，目光坚定地望向前方，体现出专注与探索的神情，仿佛正迈向未知的雪域深处。整个姿态不仅展现了运动中的美感，也传递出与自然和谐共处的从容气质。\",\"type\":\"1\",\"updateBy\":\"\",\"updateTime\":\"2025-09-14 16:39:54\"}', '{\"msg\":\"操作成功\",\"code\":200}', 0, NULL, '2025-09-14 16:39:54', 81);
INSERT INTO `sys_oper_log` VALUES (162, '外观', 1, 'com.ruoyi.system.controller.WeLookController.generateData()', 'POST', 1, 'admin', NULL, '/look/generateData', '127.0.0.1', '', '', '{\"msg\":\"生成成功，共新增1条数据\",\"code\":200}', 0, NULL, '2025-09-14 16:48:10', 29268);
INSERT INTO `sys_oper_log` VALUES (163, '代码生成', 3, 'com.ruoyi.gen.controller.GenController.remove()', 'DELETE', 1, 'admin', NULL, '/gen/10', '127.0.0.1', '', '[10]', '{\"msg\":\"操作成功\",\"code\":200}', 0, NULL, '2025-09-14 16:59:31', 83);
INSERT INTO `sys_oper_log` VALUES (164, '代码生成', 6, 'com.ruoyi.gen.controller.GenController.importTableSave()', 'POST', 1, 'admin', NULL, '/gen/importTable', '127.0.0.1', '', '{\"tables\":\"we_look\"}', '{\"msg\":\"操作成功\",\"code\":200}', 0, NULL, '2025-09-14 16:59:39', 238);
INSERT INTO `sys_oper_log` VALUES (165, '代码生成', 2, 'com.ruoyi.gen.controller.GenController.editSave()', 'PUT', 1, 'admin', NULL, '/gen', '127.0.0.1', '', '{\"businessName\":\"look\",\"className\":\"WeLook\",\"columns\":[{\"capJavaField\":\"Id\",\"columnComment\":\"主键\",\"columnId\":138,\"columnName\":\"id\",\"columnType\":\"bigint\",\"createBy\":\"admin\",\"createTime\":\"2025-09-14 16:59:39\",\"dictType\":\"\",\"edit\":false,\"htmlType\":\"input\",\"increment\":true,\"insert\":true,\"isIncrement\":\"1\",\"isInsert\":\"1\",\"isPk\":\"1\",\"isQuery\":\"1\",\"javaField\":\"id\",\"javaType\":\"Long\",\"list\":false,\"params\":{},\"pk\":true,\"query\":true,\"queryType\":\"EQ\",\"required\":false,\"sort\":1,\"superColumn\":false,\"tableId\":11,\"updateBy\":\"\",\"usableColumn\":false},{\"capJavaField\":\"Name\",\"columnComment\":\"外观名称\",\"columnId\":139,\"columnName\":\"name\",\"columnType\":\"varchar(255)\",\"createBy\":\"admin\",\"createTime\":\"2025-09-14 16:59:39\",\"dictType\":\"\",\"edit\":true,\"htmlType\":\"input\",\"increment\":false,\"insert\":true,\"isEdit\":\"1\",\"isIncrement\":\"0\",\"isInsert\":\"1\",\"isList\":\"1\",\"isPk\":\"0\",\"isQuery\":\"1\",\"javaField\":\"name\",\"javaType\":\"String\",\"list\":true,\"params\":{},\"pk\":false,\"query\":true,\"queryType\":\"LIKE\",\"required\":false,\"sort\":2,\"superColumn\":false,\"tableId\":11,\"updateBy\":\"\",\"usableColumn\":false},{\"capJavaField\":\"LookUrl\",\"columnComment\":\"外观图片URL\",\"columnId\":140,\"columnName\":\"look_url\",\"columnType\":\"varchar(500)\",\"createBy\":\"admin\",\"createTime\":\"2025-09-14 16:59:39\",\"dictType\":\"\",\"edit\":true,\"htmlType\":\"textarea\",\"increment\":false,\"insert\":true,\"isEdit\":\"1\",\"isIncrement\":\"0\",\"isInsert\":\"1\",\"isList\":\"1\",\"isPk\":\"0\",\"isQuery\":\"1\",\"javaField\":\"lookUrl\",\"javaType\":\"String\",\"list\":true,\"params\":{},\"pk\":false,\"query\":true,\"queryType\":\"EQ\",\"required\":false,\"sort\":3,\"superColumn\":false,\"tableId\":11,\"updateBy\":\"\",\"usableColumn\":false},{\"capJavaField\":\"TaskId\",\"columnComment\":\"任务ID\",\"columnId\":141,\"columnName\":\"task_id\",\"columnType\":\"varchar(100)\",\"createBy\":\"admin\",\"createTime\":\"2025-09-14 16:59:39\",\"dictType\":\"\",\"edit\":true,\"htmlType\":\"input\",\"increment\":false,\"insert\":true,\"isEdit\":\"1\",\"isIncrement\":\"0\",\"isInsert\":\"1\",\"isList\":\"1\",\"isPk\":\"0\",\"isQuery\":\"1\",\"javaField\":\"taskId\",\"javaType\":\"String\",\"list\":true,\"params\":{},\"pk\":f', '{\"msg\":\"操作成功\",\"code\":200}', 0, NULL, '2025-09-14 17:02:04', 191);
INSERT INTO `sys_oper_log` VALUES (166, '代码生成', 8, 'com.ruoyi.gen.controller.GenController.batchGenCode()', 'GET', 1, 'admin', NULL, '/gen/batchGenCode', '127.0.0.1', '', '{\"tables\":\"we_look\"}', NULL, 0, NULL, '2025-09-14 17:02:45', 433);
INSERT INTO `sys_oper_log` VALUES (167, '外观', 1, 'com.ruoyi.system.controller.WeLookController.generateData()', 'POST', 1, 'admin', NULL, '/look/generateData', '127.0.0.1', '', '', '{\"msg\":\"生成成功，共新增1条数据\",\"code\":200}', 0, NULL, '2025-09-14 17:21:03', 197);
INSERT INTO `sys_oper_log` VALUES (168, '外观', 1, 'com.ruoyi.system.controller.WeLookController.generateData()', 'POST', 1, 'admin', NULL, '/look/generateData', '127.0.0.1', '', '', '{\"msg\":\"生成成功，共新增0条数据\",\"code\":200}', 0, NULL, '2025-09-14 17:24:57', 2631);
INSERT INTO `sys_oper_log` VALUES (169, '外观', 1, 'com.ruoyi.system.controller.WeLookController.generateData()', 'POST', 1, 'admin', NULL, '/look/generateData', '127.0.0.1', '', '', '{\"msg\":\"生成成功，共新增0条数据\",\"code\":200}', 0, NULL, '2025-09-14 17:24:57', 11065);
INSERT INTO `sys_oper_log` VALUES (170, '外观', 3, 'com.ruoyi.system.controller.WeLookController.remove()', 'DELETE', 1, 'admin', NULL, '/look/1', '127.0.0.1', '', '[1]', '{\"msg\":\"操作成功\",\"code\":200}', 0, NULL, '2025-09-14 17:25:02', 63);
INSERT INTO `sys_oper_log` VALUES (171, '外观', 1, 'com.ruoyi.system.controller.WeLookController.generateData()', 'POST', 1, 'admin', NULL, '/look/generateData', '127.0.0.1', '', '', '{\"msg\":\"生成成功，共新增1条数据\",\"code\":200}', 0, NULL, '2025-09-14 17:25:11', 5047);
INSERT INTO `sys_oper_log` VALUES (172, '外观', 5, 'com.ruoyi.system.controller.WeLookController.export()', 'POST', 1, 'admin', NULL, '/look/export', '127.0.0.1', '', '{\"pageSize\":\"10\",\"pageNum\":\"1\"}', NULL, 0, NULL, '2025-09-14 17:26:41', 11677);
INSERT INTO `sys_oper_log` VALUES (173, '外观', 5, 'com.ruoyi.system.controller.WeLookController.export()', 'POST', 1, 'admin', NULL, '/look/export', '127.0.0.1', '', '{\"pageSize\":\"10\",\"pageNum\":\"1\"}', NULL, 0, NULL, '2025-09-14 17:26:41', 231);
INSERT INTO `sys_oper_log` VALUES (174, '代码生成', 2, 'com.ruoyi.gen.controller.GenController.editSave()', 'PUT', 1, 'admin', NULL, '/gen', '127.0.0.1', '', '{\"businessName\":\"picture\",\"className\":\"WeAiPicture\",\"columns\":[{\"capJavaField\":\"Id\",\"columnComment\":\"主键\",\"columnId\":104,\"columnName\":\"id\",\"columnType\":\"bigint\",\"createBy\":\"admin\",\"createTime\":\"2025-09-14 15:51:33\",\"dictType\":\"\",\"edit\":false,\"htmlType\":\"input\",\"increment\":true,\"insert\":true,\"isIncrement\":\"1\",\"isInsert\":\"1\",\"isPk\":\"1\",\"isQuery\":\"1\",\"javaField\":\"id\",\"javaType\":\"Long\",\"list\":false,\"params\":{},\"pk\":true,\"query\":true,\"queryType\":\"EQ\",\"required\":false,\"sort\":1,\"superColumn\":false,\"tableId\":9,\"updateBy\":\"\",\"usableColumn\":false},{\"capJavaField\":\"Name\",\"columnComment\":\"图片名称\",\"columnId\":105,\"columnName\":\"name\",\"columnType\":\"varchar(255)\",\"createBy\":\"admin\",\"createTime\":\"2025-09-14 15:51:33\",\"dictType\":\"\",\"edit\":true,\"htmlType\":\"input\",\"increment\":false,\"insert\":true,\"isEdit\":\"1\",\"isIncrement\":\"0\",\"isInsert\":\"1\",\"isList\":\"1\",\"isPk\":\"0\",\"isQuery\":\"1\",\"javaField\":\"name\",\"javaType\":\"String\",\"list\":true,\"params\":{},\"pk\":false,\"query\":true,\"queryType\":\"LIKE\",\"required\":false,\"sort\":2,\"superColumn\":false,\"tableId\":9,\"updateBy\":\"\",\"usableColumn\":false},{\"capJavaField\":\"AiUrl\",\"columnComment\":\"AI生成图片URL\",\"columnId\":106,\"columnName\":\"ai_url\",\"columnType\":\"varchar(500)\",\"createBy\":\"admin\",\"createTime\":\"2025-09-14 15:51:33\",\"dictType\":\"\",\"edit\":true,\"htmlType\":\"textarea\",\"increment\":false,\"insert\":true,\"isEdit\":\"1\",\"isIncrement\":\"0\",\"isInsert\":\"1\",\"isList\":\"1\",\"isPk\":\"0\",\"isQuery\":\"1\",\"javaField\":\"aiUrl\",\"javaType\":\"String\",\"list\":true,\"params\":{},\"pk\":false,\"query\":true,\"queryType\":\"EQ\",\"required\":false,\"sort\":3,\"superColumn\":false,\"tableId\":9,\"updateBy\":\"\",\"usableColumn\":false},{\"capJavaField\":\"TaskId\",\"columnComment\":\"任务ID\",\"columnId\":107,\"columnName\":\"task_id\",\"columnType\":\"varchar(100)\",\"createBy\":\"admin\",\"createTime\":\"2025-09-14 15:51:33\",\"dictType\":\"\",\"edit\":true,\"htmlType\":\"input\",\"increment\":false,\"insert\":true,\"isEdit\":\"1\",\"isIncrement\":\"0\",\"isInsert\":\"1\",\"isList\":\"1\",\"isPk\":\"0\",\"isQuery\":\"1\",\"javaField\":\"taskId\",\"javaType\":\"String\",\"list\":true,\"params\":{},\"pk\":', '{\"msg\":\"操作成功\",\"code\":200}', 0, NULL, '2025-09-14 17:37:28', 188);
INSERT INTO `sys_oper_log` VALUES (175, '代码生成', 8, 'com.ruoyi.gen.controller.GenController.batchGenCode()', 'GET', 1, 'admin', NULL, '/gen/batchGenCode', '127.0.0.1', '', '{\"tables\":\"we_ai_picture\"}', NULL, 0, NULL, '2025-09-14 17:39:00', 169);
INSERT INTO `sys_oper_log` VALUES (176, '外观', 2, 'com.ruoyi.system.controller.WeLookController.generateLooks()', 'POST', 1, 'admin', NULL, '/look/generateLooks', '127.0.0.1', '', '[2]', '{\"msg\":\"任务已提交，正在后台处理\",\"code\":200}', 0, NULL, '2025-09-14 20:52:59', 29462);
INSERT INTO `sys_oper_log` VALUES (177, '外观', 2, 'com.ruoyi.system.controller.WeLookController.generateLooks()', 'POST', 1, 'admin', NULL, '/look/generateLooks', '127.0.0.1', '', '[2]', '{\"msg\":\"任务已提交，正在后台处理\",\"code\":200}', 0, NULL, '2025-09-14 20:53:41', 24695);
INSERT INTO `sys_oper_log` VALUES (178, '外观', 2, 'com.ruoyi.system.controller.WeLookController.generateLooks()', 'POST', 1, 'admin', NULL, '/look/generateLooks', '127.0.0.1', '', '[2]', '{\"msg\":\"任务已提交，正在后台处理\",\"code\":200}', 0, NULL, '2025-09-14 20:55:11', 75953);
INSERT INTO `sys_oper_log` VALUES (179, '外观', 2, 'com.ruoyi.system.controller.WeLookController.generateLooks()', 'POST', 1, 'admin', NULL, '/look/generateLooks', '127.0.0.1', '', '[2]', '{\"msg\":\"任务已提交，正在后台处理\",\"code\":200}', 0, NULL, '2025-09-14 21:02:13', 26376);
INSERT INTO `sys_oper_log` VALUES (180, '外观', 2, 'com.ruoyi.system.controller.WeLookController.generateLooks()', 'POST', 1, 'admin', NULL, '/look/generateLooks', '127.0.0.1', '', '[2]', '{\"msg\":\"任务已提交，正在后台处理\",\"code\":200}', 0, NULL, '2025-09-14 21:08:35', 365905);
INSERT INTO `sys_oper_log` VALUES (181, '外观', 2, 'com.ruoyi.system.controller.WeLookController.generateLooks()', 'POST', 1, 'admin', NULL, '/look/generateLooks', '127.0.0.1', '', '[2]', '{\"msg\":\"任务已提交，正在后台处理\",\"code\":200}', 0, NULL, '2025-09-15 10:36:40', 259);
INSERT INTO `sys_oper_log` VALUES (182, '外观', 2, 'com.ruoyi.system.controller.WeLookController.generateAiImage()', 'POST', 1, 'admin', NULL, '/look/generateAiImage', '127.0.0.1', '', '[2]', '{\"msg\":\"AI图片生成任务已提交，正在后台处理\",\"code\":200}', 0, NULL, '2025-09-15 11:45:52', 20277);
INSERT INTO `sys_oper_log` VALUES (183, '外观', 2, 'com.ruoyi.system.controller.WeLookController.generateAiImage()', 'POST', 1, 'admin', NULL, '/look/generateAiImage', '127.0.0.1', '', '[2]', '{\"msg\":\"AI图片生成任务已提交，正在后台处理\",\"code\":200}', 0, NULL, '2025-09-15 13:06:22', 18572);
INSERT INTO `sys_oper_log` VALUES (184, '外观', 2, 'com.ruoyi.system.controller.WeLookController.generateAiImage()', 'POST', 1, 'admin', NULL, '/look/generateAiImage', '127.0.0.1', '', '[2]', '{\"msg\":\"AI图片生成任务已提交，正在后台处理\",\"code\":200}', 0, NULL, '2025-09-15 13:07:10', 25299);
INSERT INTO `sys_oper_log` VALUES (185, 'AI图片', 1, 'com.ruoyi.system.controller.WeAiPictureController.add()', 'POST', 1, 'admin', NULL, '/picture', '127.0.0.1', '', '{\"createTime\":\"2025-09-15 15:33:29\",\"dataStatus\":\"0\",\"id\":1,\"lookId\":2,\"lookUrl\":\"https://ai-image.weshop.com/20250911_1_73896607-735a-4ddf-8802-db99b6ca902e_528x758.png\",\"name\":\"cloth4+model2+back1\",\"params\":{},\"type\":\"1\"}', '{\"msg\":\"操作成功\",\"code\":200}', 0, NULL, '2025-09-15 15:33:30', 83);
INSERT INTO `sys_oper_log` VALUES (186, 'AI图片', 5, 'com.ruoyi.system.controller.WeAiPictureController.export()', 'POST', 1, 'admin', NULL, '/picture/export', '127.0.0.1', '', '{\"pageSize\":\"10\",\"pageNum\":\"1\"}', NULL, 0, NULL, '2025-09-15 15:38:54', 3719);
INSERT INTO `sys_oper_log` VALUES (187, '外观', 5, 'com.ruoyi.system.controller.WeLookController.export()', 'POST', 1, 'admin', NULL, '/look/export', '127.0.0.1', '', '{\"pageSize\":\"10\",\"pageNum\":\"1\"}', NULL, 0, NULL, '2025-09-15 19:37:55', 2907);
INSERT INTO `sys_oper_log` VALUES (188, 'AI图片', 5, 'com.ruoyi.system.controller.WeAiPictureController.export()', 'POST', 1, 'admin', NULL, '/picture/export', '127.0.0.1', '', '{\"pageSize\":\"10\",\"pageNum\":\"1\"}', NULL, 0, NULL, '2025-09-15 19:38:18', 4750);
INSERT INTO `sys_oper_log` VALUES (189, '外观', 1, 'com.ruoyi.system.controller.WeLookController.generateData()', 'POST', 1, 'admin', NULL, '/look/generateData', '127.0.0.1', '', '', '{\"msg\":\"生成成功，共新增1条数据\",\"code\":200}', 0, NULL, '2025-09-15 19:40:13', 63);
INSERT INTO `sys_oper_log` VALUES (190, '外观', 1, 'com.ruoyi.system.controller.WeLookController.generateData()', 'POST', 1, 'admin', NULL, '/look/generateData', '127.0.0.1', '', '', '{\"msg\":\"生成成功，共新增0条数据\",\"code\":200}', 0, NULL, '2025-09-15 19:43:17', 7743);
INSERT INTO `sys_oper_log` VALUES (191, '外观', 1, 'com.ruoyi.system.controller.WeLookController.generateData()', 'POST', 1, 'admin', NULL, '/look/generateData', '127.0.0.1', '', '', '{\"msg\":\"生成成功，共新增1条数据\",\"code\":200}', 0, NULL, '2025-09-15 19:44:03', 27418);
INSERT INTO `sys_oper_log` VALUES (192, '外观', 1, 'com.ruoyi.system.controller.WeLookController.generateData()', 'POST', 1, 'admin', NULL, '/look/generateData', '127.0.0.1', '', '', '{\"msg\":\"生成成功，共新增1条数据\",\"code\":200}', 0, NULL, '2025-09-15 19:52:46', 3265);
INSERT INTO `sys_oper_log` VALUES (193, '外观', 1, 'com.ruoyi.system.controller.WeLookController.generateData()', 'POST', 1, 'admin', NULL, '/look/generateData', '127.0.0.1', '', '', '{\"msg\":\"生成成功，共新增1条数据\",\"code\":200}', 0, NULL, '2025-09-16 08:48:52', 69);
INSERT INTO `sys_oper_log` VALUES (194, '外观', 2, 'com.ruoyi.system.controller.WeLookController.generateLooks()', 'POST', 1, 'admin', NULL, '/look/generateLooks', '127.0.0.1', '', '[6]', '{\"msg\":\"任务已提交，正在后台处理\",\"code\":200}', 0, NULL, '2025-09-16 08:53:32', 196814);
INSERT INTO `sys_oper_log` VALUES (195, '外观', 2, 'com.ruoyi.system.controller.WeLookController.generateLooks()', 'POST', 1, 'admin', NULL, '/look/generateLooks', '127.0.0.1', '', '[6]', '{\"msg\":\"任务已提交，正在后台处理\",\"code\":200}', 0, NULL, '2025-09-16 09:07:00', 39184);
INSERT INTO `sys_oper_log` VALUES (196, '字典类型', 1, 'com.ruoyi.system.controller.SysDictTypeController.add()', 'POST', 1, 'admin', NULL, '/dict/type', '127.0.0.1', '', '{\"createBy\":\"admin\",\"dictName\":\"品牌提示词\",\"dictType\":\"brand_promot\",\"params\":{},\"status\":\"0\"}', '{\"msg\":\"操作成功\",\"code\":200}', 0, NULL, '2025-09-16 09:42:38', 16);
INSERT INTO `sys_oper_log` VALUES (197, '字典类型', 3, 'com.ruoyi.system.controller.SysDictTypeController.remove()', 'DELETE', 1, 'admin', NULL, '/dict/type/102', '127.0.0.1', '', '[102]', '{\"msg\":\"操作成功\",\"code\":200}', 0, NULL, '2025-09-16 09:45:17', 29);
INSERT INTO `sys_oper_log` VALUES (198, 'AI图片', 5, 'com.ruoyi.system.controller.WeAiPictureController.export()', 'POST', 1, 'admin', NULL, '/picture/export', '127.0.0.1', '', '{\"pageSize\":\"10\",\"pageNum\":\"1\"}', NULL, 0, NULL, '2025-09-16 10:17:19', 3061);
INSERT INTO `sys_oper_log` VALUES (199, 'AI图片', 5, 'com.ruoyi.system.controller.WeAiPictureController.export()', 'POST', 1, 'admin', NULL, '/picture/export', '127.0.0.1', '', '{\"pageSize\":\"10\",\"pageNum\":\"1\"}', NULL, 0, NULL, '2025-09-16 10:43:48', 3197);
INSERT INTO `sys_oper_log` VALUES (200, 'AI图片', 5, 'com.ruoyi.system.controller.WeAiPictureController.export()', 'POST', 1, 'admin', NULL, '/picture/export', '127.0.0.1', '', '{\"pageSize\":\"10\",\"pageNum\":\"1\"}', NULL, 0, NULL, '2025-09-16 10:51:42', 3302);
INSERT INTO `sys_oper_log` VALUES (201, 'AI图片', 2, 'com.ruoyi.system.controller.WeAiPictureController.updateAuditStatus()', 'POST', 1, 'admin', NULL, '/picture/updateAuditStatus', '127.0.0.1', '', '', '{\"msg\":\"操作完成，成功更新 4 条记录，失败 0 条记录\",\"code\":200}', 0, NULL, '2025-09-16 13:33:57', 21110);
INSERT INTO `sys_oper_log` VALUES (202, 'AI图片', 5, 'com.ruoyi.system.controller.WeAiPictureController.export()', 'POST', 1, 'admin', NULL, '/picture/export', '127.0.0.1', '', '{\"pageSize\":\"10\",\"pageNum\":\"1\"}', NULL, 0, NULL, '2025-09-16 13:35:13', 965);
INSERT INTO `sys_oper_log` VALUES (203, 'AI图片', 5, 'com.ruoyi.system.controller.WeAiPictureController.export()', 'POST', 1, 'admin', NULL, '/picture/export', '127.0.0.1', '', '{\"pageSize\":\"10\",\"pageNum\":\"1\"}', NULL, 0, NULL, '2025-09-16 13:37:20', 3160);
INSERT INTO `sys_oper_log` VALUES (204, 'AI图片', 2, 'com.ruoyi.system.controller.WeAiPictureController.updateAuditStatus()', 'POST', 1, 'admin', NULL, '/picture/updateAuditStatus', '127.0.0.1', '', '', '{\"msg\":\"操作完成，成功更新 4 条记录，失败 0 条记录\",\"code\":200}', 0, NULL, '2025-09-16 13:38:04', 26869);
INSERT INTO `sys_oper_log` VALUES (205, 'AI图片', 2, 'com.ruoyi.system.controller.WeAiPictureController.updateAuditStatus()', 'POST', 1, 'admin', NULL, '/picture/updateAuditStatus', '127.0.0.1', '', '', '{\"msg\":\"操作完成，成功更新 4 条记录，失败 0 条记录\",\"code\":200}', 0, NULL, '2025-09-16 14:08:16', 1621550);
INSERT INTO `sys_oper_log` VALUES (206, 'AI图片', 2, 'com.ruoyi.system.controller.WeAiPictureController.updateAuditStatus()', 'POST', 1, 'admin', NULL, '/picture/updateAuditStatus', '127.0.0.1', '', '', '{\"msg\":\"操作完成，成功更新 4 条记录，失败 0 条记录\",\"code\":200}', 0, NULL, '2025-09-16 14:11:53', 13171);
INSERT INTO `sys_oper_log` VALUES (207, 'AI图片', 2, 'com.ruoyi.system.controller.WeAiPictureController.updateAuditStatus()', 'POST', 1, 'admin', NULL, '/picture/updateAuditStatus', '127.0.0.1', '', '', '{\"msg\":\"操作完成，成功更新 4 条记录，失败 0 条记录\",\"code\":200}', 0, NULL, '2025-09-16 14:13:53', 5213);
INSERT INTO `sys_oper_log` VALUES (208, 'AI图片', 2, 'com.ruoyi.system.controller.WeAiPictureController.updateAuditStatus()', 'POST', 1, 'admin', NULL, '/picture/updateAuditStatus', '127.0.0.1', '', '', '{\"msg\":\"操作完成，成功更新 4 条记录，失败 0 条记录\",\"code\":200}', 0, NULL, '2025-09-16 14:17:02', 147057);
INSERT INTO `sys_oper_log` VALUES (209, 'AI图片', 2, 'com.ruoyi.system.controller.WeAiPictureController.updateAuditStatus()', 'POST', 1, 'admin', NULL, '/picture/updateAuditStatus', '127.0.0.1', '', '', '{\"msg\":\"操作完成，成功更新 4 条记录，失败 0 条记录\",\"code\":200}', 0, NULL, '2025-09-16 14:18:18', 8126);
INSERT INTO `sys_oper_log` VALUES (210, 'AI图片', 5, 'com.ruoyi.system.controller.WeAiPictureController.export()', 'POST', 1, 'admin', NULL, '/picture/export', '127.0.0.1', '', '{\"pageSize\":\"10\",\"pageNum\":\"1\"}', NULL, 0, NULL, '2025-09-16 14:19:10', 1332);
INSERT INTO `sys_oper_log` VALUES (211, 'AI图片', 5, 'com.ruoyi.system.controller.WeAiPictureController.export()', 'POST', 1, 'admin', NULL, '/picture/export', '127.0.0.1', '', '{\"pageSize\":\"10\",\"pageNum\":\"1\"}', NULL, 0, NULL, '2025-09-16 14:25:04', 1974);
INSERT INTO `sys_oper_log` VALUES (212, 'AI图片', 2, 'com.ruoyi.system.controller.WeAiPictureController.updateAuditStatus()', 'POST', 1, 'admin', NULL, '/picture/updateAuditStatus', '127.0.0.1', '', '', '{\"msg\":\"操作完成，成功更新 4 条记录，失败 0 条记录\",\"code\":200}', 0, NULL, '2025-09-16 14:30:16', 5087);
INSERT INTO `sys_oper_log` VALUES (213, 'AI图片', 2, 'com.ruoyi.system.controller.WeAiPictureController.updateAuditStatus()', 'POST', 1, 'admin', NULL, '/picture/updateAuditStatus', '127.0.0.1', '', '', '{\"msg\":\"操作完成，成功更新 4 条记录，失败 0 条记录\",\"code\":200}', 0, NULL, '2025-09-16 14:34:08', 46);
INSERT INTO `sys_oper_log` VALUES (214, 'AI图片', 2, 'com.ruoyi.system.controller.WeAiPictureController.updateAuditStatus()', 'POST', 1, 'admin', NULL, '/picture/updateAuditStatus', '127.0.0.1', '', '', '{\"msg\":\"操作完成，成功更新 4 条记录，失败 0 条记录\",\"code\":200}', 0, NULL, '2025-09-16 14:46:28', 62);
INSERT INTO `sys_oper_log` VALUES (215, 'AI图片', 2, 'com.ruoyi.system.controller.WeAiPictureController.updateAuditStatus()', 'POST', 1, 'admin', NULL, '/picture/updateAuditStatus', '127.0.0.1', '', '', '{\"msg\":\"操作完成，成功更新 4 条记录，失败 0 条记录\",\"code\":200}', 0, NULL, '2025-09-16 14:47:09', 62);
INSERT INTO `sys_oper_log` VALUES (216, 'AI图片', 5, 'com.ruoyi.system.controller.WeAiPictureController.export()', 'POST', 1, 'admin', NULL, '/picture/export', '127.0.0.1', '', '{\"pageSize\":\"10\",\"pageNum\":\"1\"}', NULL, 0, NULL, '2025-09-16 14:50:09', 3138);
INSERT INTO `sys_oper_log` VALUES (217, 'AI图片', 2, 'com.ruoyi.system.controller.WeAiPictureController.updateAuditStatus()', 'POST', 1, 'admin', NULL, '/picture/updateAuditStatus', '127.0.0.1', '', '', '{\"msg\":\"操作完成，成功更新 4 条记录，失败 0 条记录\",\"code\":200}', 0, NULL, '2025-09-16 14:51:02', 839);
INSERT INTO `sys_oper_log` VALUES (218, 'AI图片', 5, 'com.ruoyi.system.controller.WeAiPictureController.export()', 'POST', 1, 'admin', NULL, '/picture/export', '127.0.0.1', '', '{\"pageSize\":\"10\",\"type\":\"2\",\"pageNum\":\"1\"}', NULL, 0, NULL, '2025-09-16 14:51:38', 59);
INSERT INTO `sys_oper_log` VALUES (219, '模特', 3, 'com.ruoyi.system.controller.WeModelController.remove()', 'DELETE', 1, 'admin', NULL, '/model/1', '127.0.0.1', '', '[1]', '{\"msg\":\"操作成功\",\"code\":200}', 0, NULL, '2025-09-16 14:53:31', 17);
INSERT INTO `sys_oper_log` VALUES (220, '服装', 3, 'com.ruoyi.system.controller.WeClothController.remove()', 'DELETE', 1, 'admin', NULL, '/cloth/1', '127.0.0.1', '', '[1]', '{\"msg\":\"操作成功\",\"code\":200}', 0, NULL, '2025-09-16 14:53:36', 6);
INSERT INTO `sys_oper_log` VALUES (221, '背景', 3, 'com.ruoyi.system.controller.WeBackController.remove()', 'DELETE', 1, 'admin', NULL, '/back/1', '127.0.0.1', '', '[1]', '{\"msg\":\"操作成功\",\"code\":200}', 0, NULL, '2025-09-16 14:53:43', 7);
INSERT INTO `sys_oper_log` VALUES (222, '外观', 3, 'com.ruoyi.system.controller.WeLookController.remove()', 'DELETE', 1, 'admin', NULL, '/look/6', '127.0.0.1', '', '[6]', '{\"msg\":\"操作成功\",\"code\":200}', 0, NULL, '2025-09-16 14:54:09', 5);
INSERT INTO `sys_oper_log` VALUES (223, 'AI图片', 3, 'com.ruoyi.system.controller.WeAiPictureController.remove()', 'DELETE', 1, 'admin', NULL, '/picture/2,3,4,5', '127.0.0.1', '', '[2,3,4,5]', '{\"msg\":\"操作成功\",\"code\":200}', 0, NULL, '2025-09-16 14:54:26', 7);
INSERT INTO `sys_oper_log` VALUES (224, '服装', 1, 'com.ruoyi.system.controller.WeClothController.add()', 'POST', 1, 'admin', NULL, '/cloth', '127.0.0.1', '', '{\"clothUrl\":\"http://t2oo80zmt.hb-bkt.clouddn.com/pic/cloth3.jpg\",\"createTime\":\"2025-09-17 09:52:26\",\"id\":1,\"name\":\"bsd3\",\"params\":{},\"type\":\"1\"}', '{\"msg\":\"操作成功\",\"code\":200}', 0, NULL, '2025-09-17 09:52:27', 115);
INSERT INTO `sys_oper_log` VALUES (225, '服装', 1, 'com.ruoyi.system.controller.WeClothController.add()', 'POST', 1, 'admin', NULL, '/cloth', '127.0.0.1', '', '{\"clothUrl\":\"http://t2oo80zmt.hb-bkt.clouddn.com/pic/cloth4.jpg\",\"createTime\":\"2025-09-17 09:52:53\",\"id\":2,\"name\":\"bsd4\",\"params\":{},\"type\":\"1\"}', '{\"msg\":\"操作成功\",\"code\":200}', 0, NULL, '2025-09-17 09:52:54', 8);
INSERT INTO `sys_oper_log` VALUES (226, '外观', 1, 'com.ruoyi.system.controller.WeLookController.generateData()', 'POST', 1, 'admin', NULL, '/look/generateData', '127.0.0.1', '', '', '{\"msg\":\"生成成功，共新增164条数据\",\"code\":200}', 0, NULL, '2025-09-17 10:02:37', 23685);
INSERT INTO `sys_oper_log` VALUES (227, '背景', 1, 'com.ruoyi.system.controller.WeBackController.generateModelAndBack()', 'POST', 1, 'admin', NULL, '/back/generate', '127.0.0.1', '', '{\"success\":true,\"code\":\"0\",\"msg\":\"操作成功\",\"data\":{\"agentVersion\":\"v1.0\",\"fashionModels\":[{\"id\":6060241,\"image\":\"https://ai-image.weshop.com/43c9122d-fa09-48bc-af14-71515f795a2a_566x544.png_crop512.jpeg\",\"name\":\"心悠\",\"profile\":{\"nationality\":\"中国\",\"priceDescription\":\"额外消耗5算力点/张\",\"style\":\"文艺清冷\"},\"tags\":[{\"id\":1002003,\"name\":\"微笑\"},{\"id\":1002005,\"name\":\"单纯\"},{\"id\":1002006,\"name\":\"气质\"},{\"id\":1002007,\"name\":\"大笑\"},{\"id\":1002008,\"name\":\"婴儿\"},{\"id\":1002009,\"name\":\"青年\"},{\"id\":1002010,\"name\":\"老年\"},{\"id\":1002011,\"name\":\"背面\"},{\"id\":1002014,\"name\":\"优雅\"},{\"id\":1002015,\"name\":\"大童\"},{\"id\":1002016,\"name\":\"儿童\"},{\"id\":1002018,\"name\":\"少年\"},{\"id\":1002019,\"name\":\"中年\"},{\"id\":1002020,\"name\":\"时尚高冷\"},{\"id\":1002030,\"name\":\"站着\"},{\"id\":1002031,\"name\":\"坐着\"},{\"id\":1002032,\"name\":\"躺着\"}],\"type\":\"AI\"},{\"id\":6060242,\"image\":\"https://ai-image.weshop.com/d3b8fd8c-c15c-47da-b73b-2cc0810f216f_384x342.png_crop512.jpeg\",\"name\":\"千雅\",\"profile\":{\"nationality\":\"中国\",\"priceDescription\":\"额外消耗5算力点/张\",\"style\":\"甜美\"},\"tags\":[{\"id\":1002003,\"name\":\"微笑\"},{\"id\":1002005,\"name\":\"单纯\"},{\"id\":1002006,\"name\":\"气质\"},{\"id\":1002007,\"name\":\"大笑\"},{\"id\":1002008,\"name\":\"婴儿\"},{\"id\":1002009,\"name\":\"青年\"},{\"id\":1002010,\"name\":\"老年\"},{\"id\":1002011,\"name\":\"背面\"},{\"id\":1002014,\"name\":\"优雅\"},{\"id\":1002015,\"name\":\"大童\"},{\"id\":1002016,\"name\":\"儿童\"},{\"id\":1002018,\"name\":\"少年\"},{\"id\":1002019,\"name\":\"中年\"},{\"id\":1002020,\"name\":\"时尚高冷\"},{\"id\":1002030,\"name\":\"站着\"},{\"id\":1002031,\"name\":\"坐着\"},{\"id\":1002032,\"name\":\"躺着\"}],\"type\":\"AI\"},{\"id\":6060240,\"image\":\"https://ai-image.weshop.com/d2547c93-b6b8-4001-9280-9bcf8b374549_768x880.png_crop512.jpeg\",\"name\":\"悠悠\",\"profile\":{\"nationality\":\"中国\",\"priceDescription\":\"额外消耗5算力点/张\",\"style\":\"甜美\"},\"tags\":[{\"id\":1002003,\"name\":\"微笑\"},{\"id\":1002005,\"name\":\"单纯\"},{\"id\":1002006,\"name\":\"气质\"},{\"id\":1002007,\"name\":\"大笑\"},{\"id\":1002008,\"name\":\"婴儿\"},{\"id\":1002009,\"name\":\"青年\"},{\"id\":1002010,\"name\":\"老年\"},{\"id\":1002011,\"name\":\"背面\"},{\"id\":1002014,\"name\":\"优雅\"},{\"id\":1002015,\"name\":\"大童\"},{\"id\":1002016,\"name\":\"儿童\"},{\"id\":1002018,\"name\":\"少年\"},{\"id\":1', '{\"msg\":\"生成成功，新增背景0条，新增模特0条\",\"code\":200}', 0, NULL, '2025-09-17 10:05:27', 21000);
INSERT INTO `sys_oper_log` VALUES (228, '外观', 1, 'com.ruoyi.system.controller.WeLookController.generateData()', 'POST', 1, 'admin', NULL, '/look/generateData', '127.0.0.1', '', '', '{\"msg\":\"生成成功，共新增0条数据\",\"code\":200}', 0, NULL, '2025-09-17 10:06:19', 7243);
INSERT INTO `sys_oper_log` VALUES (229, '背景', 2, 'com.ruoyi.system.controller.WeBackController.updatePrompts()', 'POST', 1, 'admin', NULL, '/back/updatePrompts', '127.0.0.1', '', '', '{\"msg\":\"更新失败：null\",\"code\":500}', 0, NULL, '2025-09-17 11:27:29', 2600);
INSERT INTO `sys_oper_log` VALUES (230, '背景', 2, 'com.ruoyi.system.controller.WeBackController.updatePrompts()', 'POST', 1, 'admin', NULL, '/back/updatePrompts', '127.0.0.1', '', '', '{\"msg\":\"更新失败：null\",\"code\":500}', 0, NULL, '2025-09-17 11:27:43', 56);
INSERT INTO `sys_oper_log` VALUES (231, '背景', 2, 'com.ruoyi.system.controller.WeBackController.updatePrompts()', 'POST', 1, 'admin', NULL, '/back/updatePrompts', '127.0.0.1', '', '', '{\"msg\":\"更新失败：null\",\"code\":500}', 0, NULL, '2025-09-17 11:28:50', 1432);
INSERT INTO `sys_oper_log` VALUES (232, '背景', 2, 'com.ruoyi.system.controller.WeBackController.updatePrompts()', 'POST', 1, 'admin', NULL, '/back/updatePrompts', '127.0.0.1', '', '', '{\"msg\":\"更新失败：null\",\"code\":500}', 0, NULL, '2025-09-17 11:29:50', 26204);
INSERT INTO `sys_oper_log` VALUES (233, '背景', 2, 'com.ruoyi.system.controller.WeBackController.updatePrompts()', 'POST', 1, 'admin', NULL, '/back/updatePrompts', '127.0.0.1', '', '', '{\"msg\":\"更新失败：null\",\"code\":500}', 0, NULL, '2025-09-17 11:31:29', 13828);
INSERT INTO `sys_oper_log` VALUES (234, '背景', 2, 'com.ruoyi.system.controller.WeBackController.updatePrompts()', 'POST', 1, 'admin', NULL, '/back/updatePrompts', '127.0.0.1', '', '', '{\"msg\":\"更新失败：null\",\"code\":500}', 0, NULL, '2025-09-17 11:34:34', 9203);
INSERT INTO `sys_oper_log` VALUES (235, '背景', 2, 'com.ruoyi.system.controller.WeBackController.updatePrompts()', 'POST', 1, 'admin', NULL, '/back/updatePrompts', '127.0.0.1', '', '', '{\"msg\":\"Excel文件解析失败: null\",\"code\":500}', 0, NULL, '2025-09-17 11:39:25', 2553);
INSERT INTO `sys_oper_log` VALUES (236, '背景', 2, 'com.ruoyi.system.controller.WeBackController.updatePrompts()', 'POST', 1, 'admin', NULL, '/back/updatePrompts', '127.0.0.1', '', '', '{\"msg\":\"更新成功，共更新 0 条数据，以下为错误信息：\\n第2行: 处理记录时发生错误: null\\n第3行: 处理记录时发生错误: null\\n第4行: 处理记录时发生错误: null\\n第5行: 处理记录时发生错误: null\\n第6行: 处理记录时发生错误: null\\n第7行: 处理记录时发生错误: null\\n第8行: 处理记录时发生错误: null\\n第9行: 处理记录时发生错误: null\\n第10行: 处理记录时发生错误: null\\n第11行: 处理记录时发生错误: null\\n第12行: 处理记录时发生错误: null\\n第13行: 处理记录时发生错误: null\\n第14行: 处理记录时发生错误: null\\n第15行: 处理记录时发生错误: null\\n第16行: 处理记录时发生错误: null\\n第17行: 处理记录时发生错误: null\\n第18行: 处理记录时发生错误: null\\n第19行: 处理记录时发生错误: null\\n第20行: 处理记录时发生错误: null\\n第21行: 处理记录时发生错误: null\\n第22行: 处理记录时发生错误: null\\n第23行: 处理记录时发生错误: null\\n第24行: 处理记录时发生错误: null\\n第25行: 处理记录时发生错误: null\\n第26行: 处理记录时发生错误: null\\n第27行: 处理记录时发生错误: null\\n第28行: 处理记录时发生错误: null\\n第29行: 处理记录时发生错误: null\\n第30行: 处理记录时发生错误: null\\n第31行: 处理记录时发生错误: null\\n第32行: 处理记录时发生错误: null\\n第33行: 处理记录时发生错误: null\\n第34行: 处理记录时发生错误: null\\n第35行: 处理记录时发生错误: null\\n第36行: 处理记录时发生错误: null\\n第37行: 处理记录时发生错误: null\\n第38行: 处理记录时发生错误: null\\n第39行: 处理记录时发生错误: null\\n第40行: 处理记录时发生错误: null\\n第41行: 处理记录时发生错误: null\\n第42行: 处理记录时发生错误: null\\n第43行: 处理记录时发生错误: null\\n第44行: 处理记录时发生错误: null\\n第45行: 处理记录时发生错误: null\\n第46行: 处理记录时发生错误: null\\n第47行: 处理记录时发生错误: null\\n第48行: 处理记录时发生错误: null\\n第49行: 处理记录时发生错误: null\\n第50行: 处理记录时发生错误: null\",\"code\":200}', 0, NULL, '2025-09-17 13:08:43', 16156);
INSERT INTO `sys_oper_log` VALUES (237, '背景', 5, 'com.ruoyi.system.controller.WeBackController.export()', 'POST', 1, 'admin', NULL, '/back/export', '127.0.0.1', '', '{\"pageSize\":\"10\",\"pageNum\":\"1\"}', NULL, 0, NULL, '2025-09-17 13:09:30', 1521);
INSERT INTO `sys_oper_log` VALUES (238, '背景', 2, 'com.ruoyi.system.controller.WeBackController.updatePrompts()', 'POST', 1, 'admin', NULL, '/back/updatePrompts', '127.0.0.1', '', '', '{\"msg\":\"更新成功，共更新 0 条数据，以下为错误信息：\\n第2行: 处理记录时发生错误: null\\n第3行: 处理记录时发生错误: null\\n第4行: 处理记录时发生错误: null\\n第5行: 处理记录时发生错误: null\\n第6行: 处理记录时发生错误: null\\n第7行: 处理记录时发生错误: null\\n第8行: 处理记录时发生错误: null\\n第9行: 处理记录时发生错误: null\\n第10行: 处理记录时发生错误: null\\n第11行: 处理记录时发生错误: null\\n第12行: 处理记录时发生错误: null\\n第13行: 处理记录时发生错误: null\\n第14行: 处理记录时发生错误: null\\n第15行: 处理记录时发生错误: null\\n第16行: 处理记录时发生错误: null\\n第17行: 处理记录时发生错误: null\\n第18行: 处理记录时发生错误: null\\n第19行: 处理记录时发生错误: null\\n第20行: 处理记录时发生错误: null\\n第21行: 处理记录时发生错误: null\\n第22行: 处理记录时发生错误: null\\n第23行: 处理记录时发生错误: null\\n第24行: 处理记录时发生错误: null\\n第25行: 处理记录时发生错误: null\\n第26行: 处理记录时发生错误: null\\n第27行: 处理记录时发生错误: null\\n第28行: 处理记录时发生错误: null\\n第29行: 处理记录时发生错误: null\\n第30行: 处理记录时发生错误: null\\n第31行: 处理记录时发生错误: null\\n第32行: 处理记录时发生错误: null\\n第33行: 处理记录时发生错误: null\\n第34行: 处理记录时发生错误: null\\n第35行: 处理记录时发生错误: null\\n第36行: 处理记录时发生错误: null\\n第37行: 处理记录时发生错误: null\\n第38行: 处理记录时发生错误: null\\n第39行: 处理记录时发生错误: null\\n第40行: 处理记录时发生错误: null\\n第41行: 处理记录时发生错误: null\\n第42行: 处理记录时发生错误: null\\n第43行: 处理记录时发生错误: null\\n第44行: 处理记录时发生错误: null\\n第45行: 处理记录时发生错误: null\\n第46行: 处理记录时发生错误: null\\n第47行: 处理记录时发生错误: null\\n第48行: 处理记录时发生错误: null\\n第49行: 处理记录时发生错误: null\\n第50行: 处理记录时发生错误: null\",\"code\":200}', 0, NULL, '2025-09-17 13:11:20', 29877);
INSERT INTO `sys_oper_log` VALUES (239, '背景', 5, 'com.ruoyi.system.controller.WeBackController.export()', 'POST', 1, 'admin', NULL, '/back/export', '127.0.0.1', '', '{\"pageSize\":\"10\",\"pageNum\":\"5\"}', NULL, 0, NULL, '2025-09-17 13:21:24', 980);
INSERT INTO `sys_oper_log` VALUES (240, '服装', 1, 'com.ruoyi.system.controller.WeClothController.add()', 'POST', 1, 'admin', NULL, '/cloth', '127.0.0.1', '', '{\"clothUrl\":\"http://t2oo80zmt.hb-bkt.clouddn.com/pic/cloth1.jpg\",\"createTime\":\"2025-09-17 13:26:57\",\"id\":3,\"name\":\"cloth1\",\"params\":{},\"type\":\"1\"}', '{\"msg\":\"操作成功\",\"code\":200}', 0, NULL, '2025-09-17 13:26:57', 18);
INSERT INTO `sys_oper_log` VALUES (241, '外观', 1, 'com.ruoyi.system.controller.WeLookController.generateData()', 'POST', 1, 'admin', NULL, '/look/generateData', '127.0.0.1', '', '', '{\"msg\":\"生成成功，共新增82条数据\",\"code\":200}', 0, NULL, '2025-09-17 13:27:24', 473);
INSERT INTO `sys_oper_log` VALUES (242, '外观', 2, 'com.ruoyi.system.controller.WeLookController.generateAiImage()', 'POST', 1, 'admin', NULL, '/look/generateAiImage', '127.0.0.1', '', '[165,166]', '{\"msg\":\"AI图片生成任务已提交，正在后台处理\",\"code\":200}', 0, NULL, '2025-09-17 13:43:31', 68679);
INSERT INTO `sys_oper_log` VALUES (243, '外观', 2, 'com.ruoyi.system.controller.WeLookController.generateLooks()', 'POST', 1, 'admin', NULL, '/look/generateLooks', '127.0.0.1', '', '[165,166,167,168,169,170,171,172,173,174]', '{\"msg\":\"任务已提交，正在后台处理\",\"code\":200}', 0, NULL, '2025-09-17 13:52:28', 1428216);
INSERT INTO `sys_oper_log` VALUES (244, '外观', 2, 'com.ruoyi.system.controller.WeLookController.generateLooks()', 'POST', 1, 'admin', NULL, '/look/generateLooks', '127.0.0.1', '', '[83,84,85]', '{\"msg\":\"任务已提交，正在后台处理\",\"code\":200}', 0, NULL, '2025-09-17 14:02:31', 51);
INSERT INTO `sys_oper_log` VALUES (245, '外观', 2, 'com.ruoyi.system.controller.WeLookController.generateLooks()', 'POST', 1, 'admin', NULL, '/look/generateLooks', '127.0.0.1', '', '[86,87,88,89,90,91,92]', '{\"msg\":\"任务已提交，正在后台处理\",\"code\":200}', 0, NULL, '2025-09-17 14:05:16', 35);
INSERT INTO `sys_oper_log` VALUES (246, '外观', 2, 'com.ruoyi.system.controller.WeLookController.generateAiImage()', 'POST', 1, 'admin', NULL, '/look/generateAiImage', '127.0.0.1', '', '[167,168,169,170,171,172,173,174]', '{\"msg\":\"AI图片生成任务已提交，正在后台处理\",\"code\":200}', 0, NULL, '2025-09-17 14:08:36', 263053);
INSERT INTO `sys_oper_log` VALUES (247, '外观', 2, 'com.ruoyi.system.controller.WeLookController.generateLooks()', 'POST', 1, 'admin', NULL, '/look/generateLooks', '127.0.0.1', '', '[1,2,3,4,5,6,7,8,9,10]', '{\"msg\":\"任务已提交，正在后台处理\",\"code\":200}', 0, NULL, '2025-09-17 14:11:56', 22);
INSERT INTO `sys_oper_log` VALUES (248, '外观', 2, 'com.ruoyi.system.controller.WeLookController.generateAiImage()', 'POST', 1, 'admin', NULL, '/look/generateAiImage', '127.0.0.1', '', '[83,84,85,86,87,88,89,90,91,92]', '{\"msg\":\"AI图片生成任务已提交，正在后台处理\",\"code\":200}', 0, NULL, '2025-09-17 14:14:40', 229734);
INSERT INTO `sys_oper_log` VALUES (249, '外观', 2, 'com.ruoyi.system.controller.WeLookController.generateAiImage()', 'POST', 1, 'admin', NULL, '/look/generateAiImage', '127.0.0.1', '', '[89,83]', '{\"msg\":\"AI图片生成任务已提交，正在后台处理\",\"code\":200}', 0, NULL, '2025-09-17 14:20:27', 492);
INSERT INTO `sys_oper_log` VALUES (250, '外观', 2, 'com.ruoyi.system.controller.WeLookController.generateAiImage()', 'POST', 1, 'admin', NULL, '/look/generateAiImage', '127.0.0.1', '', '[1,2,3,4,5,6,7,8,9,10]', '{\"msg\":\"AI图片生成任务已提交，正在后台处理\",\"code\":200}', 0, NULL, '2025-09-17 14:26:19', 192389);
INSERT INTO `sys_oper_log` VALUES (251, '外观', 2, 'com.ruoyi.system.controller.WeLookController.generateAiImage()', 'POST', 1, 'admin', NULL, '/look/generateAiImage', '127.0.0.1', '', '[10]', '{\"msg\":\"AI图片生成任务已提交，正在后台处理\",\"code\":200}', 0, NULL, '2025-09-17 14:27:34', 209);
INSERT INTO `sys_oper_log` VALUES (252, '外观', 2, 'com.ruoyi.system.controller.WeLookController.generateAiImage()', 'POST', 1, 'admin', NULL, '/look/generateAiImage', '127.0.0.1', '', '[7]', '{\"msg\":\"AI图片生成任务已提交，正在后台处理\",\"code\":200}', 0, NULL, '2025-09-17 14:29:05', 265);
INSERT INTO `sys_oper_log` VALUES (253, '外观', 2, 'com.ruoyi.system.controller.WeLookController.generateAiImage()', 'POST', 1, 'admin', NULL, '/look/generateAiImage', '127.0.0.1', '', '[10]', '{\"msg\":\"AI图片生成任务已提交，正在后台处理\",\"code\":200}', 0, NULL, '2025-09-17 14:29:42', 222);
INSERT INTO `sys_oper_log` VALUES (254, 'AI图片', 5, 'com.ruoyi.system.controller.WeAiPictureController.export()', 'POST', 1, 'admin', NULL, '/picture/export', '127.0.0.1', '', '{\"pageSize\":\"10\",\"dataStatus\":\"0\",\"pageNum\":\"1\"}', NULL, 0, NULL, '2025-09-17 14:37:02', 9759);
INSERT INTO `sys_oper_log` VALUES (255, 'AI图片', 5, 'com.ruoyi.system.controller.WeAiPictureController.export()', 'POST', 1, 'admin', NULL, '/picture/export', '127.0.0.1', '', '{\"pageSize\":\"10\",\"pageNum\":\"1\"}', NULL, 0, NULL, '2025-09-17 14:37:57', 193);
INSERT INTO `sys_oper_log` VALUES (256, '服装', 1, 'com.ruoyi.system.controller.WeClothController.add()', 'POST', 1, 'admin', NULL, '/cloth', '127.0.0.1', '', '{\"clothUrl\":\"http://t2oo80zmt.hb-bkt.clouddn.com/pic/tan3d1.png\",\"createTime\":\"2025-09-17 15:09:06\",\"id\":4,\"name\":\"tan3d1\",\"params\":{},\"type\":\"2\"}', '{\"msg\":\"操作成功\",\"code\":200}', 0, NULL, '2025-09-17 15:09:06', 51);
INSERT INTO `sys_oper_log` VALUES (257, '服装', 1, 'com.ruoyi.system.controller.WeClothController.add()', 'POST', 1, 'admin', NULL, '/cloth', '127.0.0.1', '', '{\"clothUrl\":\"http://t2oo80zmt.hb-bkt.clouddn.com/pic/tan3d2.png\",\"createTime\":\"2025-09-17 15:09:55\",\"id\":5,\"name\":\"tan3d2\",\"params\":{},\"type\":\"2\"}', '{\"msg\":\"操作成功\",\"code\":200}', 0, NULL, '2025-09-17 15:09:55', 38);
INSERT INTO `sys_oper_log` VALUES (258, '服装', 1, 'com.ruoyi.system.controller.WeClothController.add()', 'POST', 1, 'admin', NULL, '/cloth', '127.0.0.1', '', '{\"clothUrl\":\"http://t2oo80zmt.hb-bkt.clouddn.com/pic/tan3d3.png\",\"createTime\":\"2025-09-17 15:10:18\",\"id\":6,\"name\":\"tan3d3\",\"params\":{},\"type\":\"2\"}', '{\"msg\":\"操作成功\",\"code\":200}', 0, NULL, '2025-09-17 15:10:18', 40);
INSERT INTO `sys_oper_log` VALUES (259, '服装', 1, 'com.ruoyi.system.controller.WeClothController.add()', 'POST', 1, 'admin', NULL, '/cloth', '127.0.0.1', '', '{\"clothUrl\":\"http://t2oo80zmt.hb-bkt.clouddn.com/pic/tan3d4.png\",\"createTime\":\"2025-09-17 15:10:48\",\"id\":7,\"name\":\"tan3d4\",\"params\":{},\"type\":\"2\"}', '{\"msg\":\"操作成功\",\"code\":200}', 0, NULL, '2025-09-17 15:10:48', 9);
INSERT INTO `sys_oper_log` VALUES (260, '外观', 1, 'com.ruoyi.system.controller.WeLookController.generateData()', 'POST', 1, 'admin', NULL, '/look/generateData', '127.0.0.1', '', '', '{\"msg\":\"生成成功，共新增32条数据\",\"code\":200}', 0, NULL, '2025-09-17 15:11:51', 803);
INSERT INTO `sys_oper_log` VALUES (261, '外观', 2, 'com.ruoyi.system.controller.WeLookController.generateLooks()', 'POST', 1, 'admin', NULL, '/look/generateLooks', '127.0.0.1', '', '[247,248,249,250,251,252,253,254,255,256]', '{\"msg\":\"任务已提交，正在后台处理\",\"code\":200}', 0, NULL, '2025-09-17 15:13:02', 18);
INSERT INTO `sys_oper_log` VALUES (262, '外观', 2, 'com.ruoyi.system.controller.WeLookController.generateLooks()', 'POST', 1, 'admin', NULL, '/look/generateLooks', '127.0.0.1', '', '[257,258]', '{\"msg\":\"任务已提交，正在后台处理\",\"code\":200}', 0, NULL, '2025-09-17 15:15:10', 1);
INSERT INTO `sys_oper_log` VALUES (263, '外观', 2, 'com.ruoyi.system.controller.WeLookController.generateLooks()', 'POST', 1, 'admin', NULL, '/look/generateLooks', '127.0.0.1', '', '[263,264,265,266]', '{\"msg\":\"任务已提交，正在后台处理\",\"code\":200}', 0, NULL, '2025-09-17 15:15:48', 8);
INSERT INTO `sys_oper_log` VALUES (264, '外观', 2, 'com.ruoyi.system.controller.WeLookController.generateLooks()', 'POST', 1, 'admin', NULL, '/look/generateLooks', '127.0.0.1', '', '[271,272,273,274]', '{\"msg\":\"任务已提交，正在后台处理\",\"code\":200}', 0, NULL, '2025-09-17 15:16:10', 9);
INSERT INTO `sys_oper_log` VALUES (265, 'AI图片', 3, 'com.ruoyi.system.controller.WeAiPictureController.remove()', 'DELETE', 1, 'admin', NULL, '/picture/101,102,103,104', '127.0.0.1', '', '[101,102,103,104]', '{\"msg\":\"操作成功\",\"code\":200}', 0, NULL, '2025-09-17 15:55:15', 89);
INSERT INTO `sys_oper_log` VALUES (266, '背景', 2, 'com.ruoyi.system.controller.WeBackController.edit()', 'PUT', 1, 'admin', NULL, '/back', '127.0.0.1', '', '{\"backUrl\":\"https://ai-image.weshop.com/20250908_1_6242fdf7-19b2-405e-a986-06aae5fd9ecb_632x840.jpg_width256.webp\",\"backWeId\":\"10000341765\",\"createBy\":\"\",\"createTime\":\"2025-09-16 18:18:19\",\"delFlag\":\"0\",\"id\":1,\"name\":\"tan22\",\"params\":{},\"promot\":\"画面中，一位女子站在一处建筑的拱门下，身体靠墙。背景有拱形的石质门框，旁边摆放着一盆绿色的植物，地面是由石板铺成的台阶，整体场景营造出一种复古、优雅的氛围。\",\"type\":\"2\",\"updateBy\":\"\",\"updateTime\":\"2025-09-17 16:17:17\"}', '{\"msg\":\"操作成功\",\"code\":200}', 0, NULL, '2025-09-17 16:17:17', 108);
INSERT INTO `sys_oper_log` VALUES (267, '背景', 2, 'com.ruoyi.system.controller.WeBackController.edit()', 'PUT', 1, 'admin', NULL, '/back', '127.0.0.1', '', '{\"backUrl\":\"https://ai-image.weshop.com/20250909_1_f0567e85-aec5-40d2-ab54-d083e69aa6e2_1080x1512.png_width256.webp\",\"backWeId\":\"10000343269\",\"createBy\":\"\",\"createTime\":\"2025-09-16 18:18:20\",\"delFlag\":\"0\",\"id\":7,\"name\":\"tan27\",\"params\":{},\"promot\":\"画面中，一位女子站在街边的红绿灯旁，双腿交叉站立，一只手自然下垂，另一只手放在身后。背景是灰色的墙壁，墙上爬满了开着粉色花朵的藤蔓植物，旁边有一个黑色的交通信号灯，地面是灰色的石板路，整体场景营造出一种都市与自然结合的氛围。\",\"type\":\"2\",\"updateBy\":\"\",\"updateTime\":\"2025-09-17 16:18:03\"}', '{\"msg\":\"操作成功\",\"code\":200}', 0, NULL, '2025-09-17 16:18:03', 7);
INSERT INTO `sys_oper_log` VALUES (268, '背景', 2, 'com.ruoyi.system.controller.WeBackController.edit()', 'PUT', 1, 'admin', NULL, '/back', '127.0.0.1', '', '{\"backUrl\":\"https://ai-image.weshop.com/20250909_1_23b24b1f-5e64-4b27-aacf-40704de7cfa2_736x976.png_width256.webp\",\"backWeId\":\"10000343270\",\"createBy\":\"\",\"createTime\":\"2025-09-16 18:18:20\",\"delFlag\":\"0\",\"id\":6,\"name\":\"tan28\",\"params\":{},\"promot\":\"画面中，一位女子站在海边的岩石上，一只手抬起放在额头上。背景是广阔的蓝色大海和晴朗的天空，天空中飘着几朵白云，整体场景营造出一种清新、浪漫的氛围。\",\"type\":\"2\",\"updateBy\":\"\",\"updateTime\":\"2025-09-17 16:18:55\"}', '{\"msg\":\"操作成功\",\"code\":200}', 0, NULL, '2025-09-17 16:18:55', 5);
INSERT INTO `sys_oper_log` VALUES (269, '背景', 2, 'com.ruoyi.system.controller.WeBackController.edit()', 'PUT', 1, 'admin', NULL, '/back', '127.0.0.1', '', '{\"backUrl\":\"https://ai-image.weshop.com/20250909_1_55d7b7cc-e105-4740-8a85-dbdbcc86d811_736x976.png_width256.webp\",\"backWeId\":\"10000343898\",\"createBy\":\"\",\"createTime\":\"2025-09-16 18:18:20\",\"delFlag\":\"0\",\"id\":8,\"name\":\"tan49\",\"params\":{},\"promot\":\"图中展现了一处海滨场景。人物坐在沙滩的蓝色毯子上，手里拿着墨镜，身旁有草编包、海星等物品。背景里，是广阔的海面，海浪轻轻拍打着沙滩，天空湛蓝，整体氛围清新自然，充满了海滨的闲适与美好。\",\"type\":\"2\",\"updateBy\":\"\",\"updateTime\":\"2025-09-17 16:19:19\"}', '{\"msg\":\"操作成功\",\"code\":200}', 0, NULL, '2025-09-17 16:19:19', 6);
INSERT INTO `sys_oper_log` VALUES (270, '背景', 2, 'com.ruoyi.system.controller.WeBackController.edit()', 'PUT', 1, 'admin', NULL, '/back', '127.0.0.1', '', '{\"backUrl\":\"https://ai-image.weshop.com/20250909_1_c8f3df8d-2be8-4993-9ec1-3e0e5f3b396d_736x1304.png_width256.webp\",\"backWeId\":\"10000343903\",\"createBy\":\"\",\"createTime\":\"2025-09-16 18:18:19\",\"delFlag\":\"0\",\"id\":5,\"name\":\"tan54\",\"params\":{},\"promot\":\"一位女子戴着墨镜，坐在带有日文标识的船上。她双臂交叉，身旁放着一个浅色的包。背景是开阔的海面，海水呈现出澄澈的蓝色，远处是连绵的青山，天空湛蓝，飘着几朵白云，整体画面给人一种清新、惬意的感觉，仿佛正处于一段舒适的海上旅程中。\",\"type\":\"2\",\"updateBy\":\"\",\"updateTime\":\"2025-09-17 16:19:46\"}', '{\"msg\":\"操作成功\",\"code\":200}', 0, NULL, '2025-09-17 16:19:46', 7);
INSERT INTO `sys_oper_log` VALUES (271, '背景', 2, 'com.ruoyi.system.controller.WeBackController.edit()', 'PUT', 1, 'admin', NULL, '/back', '127.0.0.1', '', '{\"backUrl\":\"https://ai-image.weshop.com/20250909_1_d3f6c449-ee04-4d99-9647-9e22bb3f4421_1080x1080.png_width256.webp\",\"backWeId\":\"10000343910\",\"createBy\":\"\",\"createTime\":\"2025-09-16 18:18:19\",\"delFlag\":\"0\",\"id\":4,\"name\":\"tan59\",\"params\":{},\"promot\":\"这是一幅充满夏日海滨风情的画面。画面中，一位女子站在沙滩上，她戴着白色墨镜，双手高举，一只手还提着一个草编包，姿态欢快。她身旁有一个木质路标，上面有蓝色和白色的指示牌，标注着 “LAS RANAS 59 Km”“PAPAYA PL 0.3 km” 等字样。远处是蔚蓝的大海，海浪轻轻拍打着沙滩，天空澄澈湛蓝，飘着几朵白云，整体氛围轻松惬意，尽显海滨度假的悠闲与美好。\",\"type\":\"2\",\"updateBy\":\"\",\"updateTime\":\"2025-09-17 16:20:00\"}', '{\"msg\":\"操作成功\",\"code\":200}', 0, NULL, '2025-09-17 16:20:00', 5);
INSERT INTO `sys_oper_log` VALUES (272, '背景', 2, 'com.ruoyi.system.controller.WeBackController.edit()', 'PUT', 1, 'admin', NULL, '/back', '127.0.0.1', '', '{\"backUrl\":\"https://ai-image.weshop.com/20250909_1_2fa75298-c220-4c56-bb77-eee71e22586f_720x896.png_width256.webp\",\"backWeId\":\"10000344097\",\"createBy\":\"\",\"createTime\":\"2025-09-16 18:18:19\",\"delFlag\":\"0\",\"id\":3,\"name\":\"tan90\",\"params\":{},\"promot\":\"画面中，一位女子在海边的沙滩上侧身行走。背景是广阔的海面，海浪轻轻拍打着沙滩，远处的天空澄澈，沙滩上布满自然的脚印，右侧远处还有树木点缀，整体场景静谧悠然，充满海滨的悠闲惬意氛围。\",\"type\":\"2\",\"updateBy\":\"\",\"updateTime\":\"2025-09-17 16:20:26\"}', '{\"msg\":\"操作成功\",\"code\":200}', 0, NULL, '2025-09-17 16:20:26', 8);
INSERT INTO `sys_oper_log` VALUES (273, '背景', 2, 'com.ruoyi.system.controller.WeBackController.edit()', 'PUT', 1, 'admin', NULL, '/back', '127.0.0.1', '', '{\"backUrl\":\"https://ai-image.weshop.com/20250909_1_b4e7a4fc-3d76-4593-9aca-c2ddb18e27b6_1024x1280.png_width256.webp\",\"backWeId\":\"10000344115\",\"createBy\":\"\",\"createTime\":\"2025-09-16 18:18:19\",\"delFlag\":\"0\",\"id\":2,\"name\":\"tan96\",\"params\":{},\"promot\":\"画面展现的是海边景致，天空呈淡蓝色，略带云层。海面波涛汹涌，白色的浪花不断翻涌、拍向岸边，其间还露出一些礁石。浅棕色的沙滩上，海浪涌来形成白色的泡沫，整体氛围清新又充满自然的动感，营造出惬意的海边氛围。\",\"type\":\"2\",\"updateBy\":\"\",\"updateTime\":\"2025-09-17 16:20:39\"}', '{\"msg\":\"操作成功\",\"code\":200}', 0, NULL, '2025-09-17 16:20:39', 7);
INSERT INTO `sys_oper_log` VALUES (274, '外观', 2, 'com.ruoyi.system.controller.WeLookController.generateAiImage()', 'POST', 1, 'admin', NULL, '/look/generateAiImage', '127.0.0.1', '', '[247,248,249]', '{\"msg\":\"AI图片生成任务已提交，正在后台处理\",\"code\":200}', 0, NULL, '2025-09-17 16:23:03', 109432);
INSERT INTO `sys_oper_log` VALUES (275, '外观', 2, 'com.ruoyi.system.controller.WeLookController.generateAiImage()', 'POST', 1, 'admin', NULL, '/look/generateAiImage', '127.0.0.1', '', '[251,252,253,254,255,256,257,258,263,264,265,266,271,272,273,274,250]', '{\"msg\":\"AI图片生成任务已提交，正在后台处理\",\"code\":200}', 0, NULL, '2025-09-17 16:36:21', 603545);
INSERT INTO `sys_oper_log` VALUES (276, 'AI图片', 5, 'com.ruoyi.system.controller.WeAiPictureController.export()', 'POST', 1, 'admin', NULL, '/picture/export', '127.0.0.1', '', '{\"pageSize\":\"10\",\"type\":\"2\",\"pageNum\":\"1\"}', NULL, 0, NULL, '2025-09-17 16:37:02', 3124);
INSERT INTO `sys_oper_log` VALUES (277, 'AI图片', 2, 'com.ruoyi.system.controller.WeAiPictureController.updateAuditStatus()', 'POST', 1, 'admin', NULL, '/picture/updateAuditStatus', '127.0.0.1', '', '', '{\"msg\":\"操作完成，成功更新 80 条记录，失败 0 条记录\",\"code\":200}', 0, NULL, '2025-09-18 09:14:16', 1746);
INSERT INTO `sys_oper_log` VALUES (278, '背景', 1, 'com.ruoyi.system.controller.WeBackController.generateModelAndBack()', 'POST', 1, 'admin', NULL, '/back/generate', '127.0.0.1', '', '{}', '{\"msg\":\"生成失败：缺少\'data\'数据\",\"code\":500}', 0, NULL, '2025-09-18 09:18:29', 46426);
INSERT INTO `sys_oper_log` VALUES (279, '背景', 1, 'com.ruoyi.system.controller.WeBackController.generateModelAndBack()', 'POST', 1, 'admin', NULL, '/back/generate', '127.0.0.1', '', '{}', '{\"msg\":\"生成失败：缺少\'data\'数据\",\"code\":500}', 0, NULL, '2025-09-18 09:18:35', 2915);
INSERT INTO `sys_oper_log` VALUES (280, 'AI图片', 2, 'com.ruoyi.system.controller.WeAiPictureController.updateAuditStatus()', 'POST', 1, 'admin', NULL, '/picture/updateAuditStatus', '127.0.0.1', '', '', '{\"msg\":\"操作完成，成功更新 100 条记录，失败 0 条记录\",\"code\":200}', 0, NULL, '2025-09-18 09:27:17', 1911);
INSERT INTO `sys_oper_log` VALUES (281, '外观', 5, 'com.ruoyi.system.controller.WeLookController.export()', 'POST', 1, 'admin', NULL, '/look/export', '127.0.0.1', '', '{\"pageSize\":\"50\",\"type\":\"1\",\"pageNum\":\"5\"}', NULL, 0, NULL, '2025-09-18 09:40:37', 1715);
INSERT INTO `sys_oper_log` VALUES (282, '外观', 5, 'com.ruoyi.system.controller.WeLookController.export()', 'POST', 1, 'admin', NULL, '/look/export', '127.0.0.1', '', '{\"pageSize\":\"50\",\"type\":\"1\",\"pageNum\":\"5\"}', NULL, 0, NULL, '2025-09-18 09:43:17', 1709);
INSERT INTO `sys_oper_log` VALUES (283, '外观', 5, 'com.ruoyi.system.controller.WeLookController.export()', 'POST', 1, 'admin', NULL, '/look/export', '127.0.0.1', '', '{\"pageSize\":\"50\",\"type\":\"1\",\"pageNum\":\"5\"}', NULL, 0, NULL, '2025-09-18 09:46:03', 2858);
INSERT INTO `sys_oper_log` VALUES (284, '外观', 5, 'com.ruoyi.system.controller.WeLookController.export()', 'POST', 1, 'admin', NULL, '/look/export', '127.0.0.1', '', '{\"pageSize\":\"50\",\"type\":\"1\",\"pageNum\":\"5\"}', NULL, 0, NULL, '2025-09-18 09:48:23', 1797);
INSERT INTO `sys_oper_log` VALUES (285, '外观', 5, 'com.ruoyi.system.controller.WeLookController.export()', 'POST', 1, 'admin', NULL, '/look/export', '127.0.0.1', '', '{\"pageSize\":\"50\",\"type\":\"1\",\"pageNum\":\"5\"}', NULL, 0, NULL, '2025-09-18 09:58:20', 2796);
INSERT INTO `sys_oper_log` VALUES (286, 'AI图片', 5, 'com.ruoyi.system.controller.WeAiPictureController.export()', 'POST', 1, 'admin', NULL, '/picture/export', '127.0.0.1', '', '{\"pageSize\":\"50\",\"dataStatus\":\"1\",\"type\":\"2\",\"pageNum\":\"1\"}', NULL, 0, NULL, '2025-09-18 10:08:33', 321);
INSERT INTO `sys_oper_log` VALUES (287, '外观', 5, 'com.ruoyi.system.controller.WeLookController.export()', 'POST', 1, 'admin', NULL, '/look/export', '127.0.0.1', '', '{\"pageSize\":\"50\",\"type\":\"2\",\"pageNum\":\"1\"}', NULL, 0, NULL, '2025-09-18 10:09:31', 82);
INSERT INTO `sys_oper_log` VALUES (288, '外观', 2, 'com.ruoyi.system.controller.WeLookController.generateLooks()', 'POST', 1, 'admin', NULL, '/look/generateLooks', '127.0.0.1', '', '[11,12,13,14,15,16,17,18,19,20]', '{\"msg\":\"任务已提交，正在后台处理\",\"code\":200}', 0, NULL, '2025-09-18 10:12:43', 33);
INSERT INTO `sys_oper_log` VALUES (289, '外观', 2, 'com.ruoyi.system.controller.WeLookController.generateLooks()', 'POST', 1, 'admin', NULL, '/look/generateLooks', '127.0.0.1', '', '[21,22,23,24,25,26,27,28,29,30]', '{\"msg\":\"任务已提交，正在后台处理\",\"code\":200}', 0, NULL, '2025-09-18 10:13:27', 13);
INSERT INTO `sys_oper_log` VALUES (290, '外观', 2, 'com.ruoyi.system.controller.WeLookController.generateLooks()', 'POST', 1, 'admin', NULL, '/look/generateLooks', '127.0.0.1', '', '[31,32,33,34,35,36,37,38,39,40]', '{\"msg\":\"任务已提交，正在后台处理\",\"code\":200}', 0, NULL, '2025-09-18 10:14:02', 14);
INSERT INTO `sys_oper_log` VALUES (291, '外观', 3, 'com.ruoyi.system.controller.WeLookController.remove()', 'DELETE', 1, 'admin', NULL, '/look/44,126,208', '127.0.0.1', '', '[44,126,208]', '{\"msg\":\"操作成功\",\"code\":200}', 0, NULL, '2025-09-18 13:24:31', 17);
INSERT INTO `sys_oper_log` VALUES (292, '外观', 3, 'com.ruoyi.system.controller.WeLookController.remove()', 'DELETE', 1, 'admin', NULL, '/look/46,128,210', '127.0.0.1', '', '[46,128,210]', '{\"msg\":\"操作成功\",\"code\":200}', 0, NULL, '2025-09-18 13:25:23', 5);
INSERT INTO `sys_oper_log` VALUES (293, '外观', 2, 'com.ruoyi.system.controller.WeLookController.generateLooks()', 'POST', 1, 'admin', NULL, '/look/generateLooks', '127.0.0.1', '', '[93,94,95,96,97,98,99,100,101,102]', '{\"msg\":\"任务已提交，正在后台处理\",\"code\":200}', 0, NULL, '2025-09-18 13:30:42', 12);
INSERT INTO `sys_oper_log` VALUES (294, '外观', 2, 'com.ruoyi.system.controller.WeLookController.generateLooks()', 'POST', 1, 'admin', NULL, '/look/generateLooks', '127.0.0.1', '', '[124,125,127,129,130,131,132,133,134]', '{\"msg\":\"任务已提交，正在后台处理\",\"code\":200}', 0, NULL, '2025-09-18 13:31:31', 12);
INSERT INTO `sys_oper_log` VALUES (295, '外观', 2, 'com.ruoyi.system.controller.WeLookController.generateLooks()', 'POST', 1, 'admin', NULL, '/look/generateLooks', '127.0.0.1', '', '[135,136,137,138,139,140,141,142,143]', '{\"msg\":\"任务已提交，正在后台处理\",\"code\":200}', 0, NULL, '2025-09-18 13:31:41', 7);
INSERT INTO `sys_oper_log` VALUES (296, '外观', 2, 'com.ruoyi.system.controller.WeLookController.generateLooks()', 'POST', 1, 'admin', NULL, '/look/generateLooks', '127.0.0.1', '', '[175,176,177,178,179,180,181,182,183,184]', '{\"msg\":\"任务已提交，正在后台处理\",\"code\":200}', 0, NULL, '2025-09-18 13:32:15', 12);
INSERT INTO `sys_oper_log` VALUES (297, '外观', 2, 'com.ruoyi.system.controller.WeLookController.generateLooks()', 'POST', 1, 'admin', NULL, '/look/generateLooks', '127.0.0.1', '', '[206,207,209,211,212,213,214,215,216]', '{\"msg\":\"任务已提交，正在后台处理\",\"code\":200}', 0, NULL, '2025-09-18 13:32:42', 10);
INSERT INTO `sys_oper_log` VALUES (298, '外观', 2, 'com.ruoyi.system.controller.WeLookController.generateLooks()', 'POST', 1, 'admin', NULL, '/look/generateLooks', '127.0.0.1', '', '[217,218,219,220,221,222,223,224,225]', '{\"msg\":\"任务已提交，正在后台处理\",\"code\":200}', 0, NULL, '2025-09-18 13:32:54', 7);
INSERT INTO `sys_oper_log` VALUES (299, '外观', 2, 'com.ruoyi.system.controller.WeLookController.generateAiImage()', 'POST', 1, 'admin', NULL, '/look/generateAiImage', '127.0.0.1', '', '[11,12,13,14,15,16,17,18,19,20]', '{\"msg\":\"AI图片生成任务已提交，正在后台处理\",\"code\":200}', 0, NULL, '2025-09-18 13:33:58', 391090);
INSERT INTO `sys_oper_log` VALUES (300, '外观', 2, 'com.ruoyi.system.controller.WeLookController.generateAiImage()', 'POST', 1, 'admin', NULL, '/look/generateAiImage', '127.0.0.1', '', '[21,22,23,24,25,26,27,28,29,30]', '{\"msg\":\"AI图片生成任务已提交，正在后台处理\",\"code\":200}', 0, NULL, '2025-09-18 13:36:54', 507166);
INSERT INTO `sys_oper_log` VALUES (301, '外观', 2, 'com.ruoyi.system.controller.WeLookController.generateAiImage()', 'POST', 1, 'admin', NULL, '/look/generateAiImage', '127.0.0.1', '', '[31,32,33,34,35,36,37,38,39,40]', '{\"msg\":\"AI图片生成任务已提交，正在后台处理\",\"code\":200}', 0, NULL, '2025-09-18 13:40:35', 686487);
INSERT INTO `sys_oper_log` VALUES (302, '外观', 2, 'com.ruoyi.system.controller.WeLookController.generateAiImage()', 'POST', 1, 'admin', NULL, '/look/generateAiImage', '127.0.0.1', '', '[124,125,127,129,130,131,132,133,134]', '{\"msg\":\"AI图片生成任务已提交，正在后台处理\",\"code\":200}', 0, NULL, '2025-09-18 13:49:00', 851777);
INSERT INTO `sys_oper_log` VALUES (303, '外观', 2, 'com.ruoyi.system.controller.WeLookController.generateAiImage()', 'POST', 1, 'admin', NULL, '/look/generateAiImage', '127.0.0.1', '', '[93,94,95,96,97,98,99,100,101,102]', '{\"msg\":\"AI图片生成任务已提交，正在后台处理\",\"code\":200}', 0, NULL, '2025-09-18 13:52:35', 1102212);
INSERT INTO `sys_oper_log` VALUES (304, '外观', 2, 'com.ruoyi.system.controller.WeLookController.generateAiImage()', 'POST', 1, 'admin', NULL, '/look/generateAiImage', '127.0.0.1', '', '[135,136,137,138,139,140,141,142,143]', '{\"msg\":\"AI图片生成任务已提交，正在后台处理\",\"code\":200}', 0, NULL, '2025-09-18 13:52:45', 1021158);
INSERT INTO `sys_oper_log` VALUES (305, '外观', 2, 'com.ruoyi.system.controller.WeLookController.generateAiImage()', 'POST', 1, 'admin', NULL, '/look/generateAiImage', '127.0.0.1', '', '[175,176,177,178,179,180,181,182,183,184]', '{\"msg\":\"AI图片生成任务已提交，正在后台处理\",\"code\":200}', 0, NULL, '2025-09-18 13:56:47', 1137067);
INSERT INTO `sys_oper_log` VALUES (306, '外观', 2, 'com.ruoyi.system.controller.WeLookController.generateLooks()', 'POST', 1, 'admin', NULL, '/look/generateLooks', '127.0.0.1', '', '[215,216]', '{\"msg\":\"任务已提交，正在后台处理\",\"code\":200}', 0, NULL, '2025-09-18 14:01:03', 4);
INSERT INTO `sys_oper_log` VALUES (307, '外观', 2, 'com.ruoyi.system.controller.WeLookController.generateLooks()', 'POST', 1, 'admin', NULL, '/look/generateLooks', '127.0.0.1', '', '[218,220,224,225]', '{\"msg\":\"任务已提交，正在后台处理\",\"code\":200}', 0, NULL, '2025-09-18 14:01:39', 4);
INSERT INTO `sys_oper_log` VALUES (308, '外观', 2, 'com.ruoyi.system.controller.WeLookController.generateAiImage()', 'POST', 1, 'admin', NULL, '/look/generateAiImage', '127.0.0.1', '', '[206,207,209,211,212,213,214,215,216]', '{\"msg\":\"AI图片生成任务已提交，正在后台处理\",\"code\":200}', 0, NULL, '2025-09-18 14:09:59', 384236);
INSERT INTO `sys_oper_log` VALUES (309, '外观', 2, 'com.ruoyi.system.controller.WeLookController.generateAiImage()', 'POST', 1, 'admin', NULL, '/look/generateAiImage', '127.0.0.1', '', '[217,218,219,220,221,222,223,224,225]', '{\"msg\":\"AI图片生成任务已提交，正在后台处理\",\"code\":200}', 0, NULL, '2025-09-18 14:12:21', 445006);
INSERT INTO `sys_oper_log` VALUES (310, 'AI图片', 5, 'com.ruoyi.system.controller.WeAiPictureController.export()', 'POST', 1, 'admin', NULL, '/picture/export', '127.0.0.1', '', '{\"pageSize\":\"10\",\"dataStatus\":\"0\",\"type\":\"1\",\"pageNum\":\"1\"}', NULL, 0, NULL, '2025-09-18 14:30:41', 160);
INSERT INTO `sys_oper_log` VALUES (311, 'AI图片', 5, 'com.ruoyi.system.controller.WeAiPictureController.export()', 'POST', 1, 'admin', NULL, '/picture/export', '127.0.0.1', '', '{\"pageSize\":\"10\",\"dataStatus\":\"0\",\"type\":\"1\",\"pageNum\":\"1\"}', NULL, 0, NULL, '2025-09-18 14:34:03', 3801);
INSERT INTO `sys_oper_log` VALUES (312, '外观', 2, 'com.ruoyi.system.controller.WeLookController.generateLooks()', 'POST', 1, 'admin', NULL, '/look/generateLooks', '127.0.0.1', '', '[259,260,261,262]', '{\"msg\":\"任务已提交，正在后台处理\",\"code\":200}', 0, NULL, '2025-09-18 14:40:36', 25);
INSERT INTO `sys_oper_log` VALUES (313, '外观', 2, 'com.ruoyi.system.controller.WeLookController.generateLooks()', 'POST', 1, 'admin', NULL, '/look/generateLooks', '127.0.0.1', '', '[267,268,269,270,275,276,277,278]', '{\"msg\":\"任务已提交，正在后台处理\",\"code\":200}', 0, NULL, '2025-09-18 14:40:52', 15);
INSERT INTO `sys_oper_log` VALUES (314, '外观', 2, 'com.ruoyi.system.controller.WeLookController.generateAiImage()', 'POST', 1, 'admin', NULL, '/look/generateAiImage', '127.0.0.1', '', '[259,260,261,262]', '{\"msg\":\"AI图片生成任务已提交，正在后台处理\",\"code\":200}', 0, NULL, '2025-09-18 14:56:02', 144174);
INSERT INTO `sys_oper_log` VALUES (315, '外观', 2, 'com.ruoyi.system.controller.WeLookController.generateAiImage()', 'POST', 1, 'admin', NULL, '/look/generateAiImage', '127.0.0.1', '', '[267,268,269,270]', '{\"msg\":\"AI图片生成任务已提交，正在后台处理\",\"code\":200}', 0, NULL, '2025-09-18 14:57:59', 234280);
INSERT INTO `sys_oper_log` VALUES (316, '外观', 2, 'com.ruoyi.system.controller.WeLookController.generateAiImage()', 'POST', 1, 'admin', NULL, '/look/generateAiImage', '127.0.0.1', '', '[275,276,277,278]', '{\"msg\":\"AI图片生成任务已提交，正在后台处理\",\"code\":200}', 0, NULL, '2025-09-18 14:58:35', 244302);
INSERT INTO `sys_oper_log` VALUES (317, 'AI图片', 5, 'com.ruoyi.system.controller.WeAiPictureController.export()', 'POST', 1, 'admin', NULL, '/picture/export', '127.0.0.1', '', '{\"pageSize\":\"10\",\"dataStatus\":\"0\",\"type\":\"2\",\"pageNum\":\"1\"}', NULL, 0, NULL, '2025-09-18 14:59:17', 3974);

-- ----------------------------
-- Table structure for sys_post
-- ----------------------------
DROP TABLE IF EXISTS `sys_post`;
CREATE TABLE `sys_post`  (
  `post_id` bigint NOT NULL AUTO_INCREMENT COMMENT '岗位ID',
  `post_code` varchar(64) CHARACTER SET utf8mb4 COLLATE utf8mb4_general_ci NOT NULL COMMENT '岗位编码',
  `post_name` varchar(50) CHARACTER SET utf8mb4 COLLATE utf8mb4_general_ci NOT NULL COMMENT '岗位名称',
  `post_sort` int NOT NULL COMMENT '显示顺序',
  `status` char(1) CHARACTER SET utf8mb4 COLLATE utf8mb4_general_ci NOT NULL COMMENT '状态（0正常 1停用）',
  `create_by` varchar(64) CHARACTER SET utf8mb4 COLLATE utf8mb4_general_ci NULL DEFAULT '' COMMENT '创建者',
  `create_time` datetime NULL DEFAULT NULL COMMENT '创建时间',
  `update_by` varchar(64) CHARACTER SET utf8mb4 COLLATE utf8mb4_general_ci NULL DEFAULT '' COMMENT '更新者',
  `update_time` datetime NULL DEFAULT NULL COMMENT '更新时间',
  `remark` varchar(500) CHARACTER SET utf8mb4 COLLATE utf8mb4_general_ci NULL DEFAULT NULL COMMENT '备注',
  PRIMARY KEY (`post_id`) USING BTREE
) ENGINE = InnoDB AUTO_INCREMENT = 5 CHARACTER SET = utf8mb4 COLLATE = utf8mb4_general_ci COMMENT = '岗位信息表' ROW_FORMAT = DYNAMIC;

-- ----------------------------
-- Records of sys_post
-- ----------------------------
INSERT INTO `sys_post` VALUES (1, 'ceo', '董事长', 1, '0', 'admin', '2025-09-13 16:40:16', '', NULL, '');
INSERT INTO `sys_post` VALUES (2, 'se', '项目经理', 2, '0', 'admin', '2025-09-13 16:40:16', '', NULL, '');
INSERT INTO `sys_post` VALUES (3, 'hr', '人力资源', 3, '0', 'admin', '2025-09-13 16:40:16', '', NULL, '');
INSERT INTO `sys_post` VALUES (4, 'user', '普通员工', 4, '0', 'admin', '2025-09-13 16:40:16', '', NULL, '');

-- ----------------------------
-- Table structure for sys_role
-- ----------------------------
DROP TABLE IF EXISTS `sys_role`;
CREATE TABLE `sys_role`  (
  `role_id` bigint NOT NULL AUTO_INCREMENT COMMENT '角色ID',
  `role_name` varchar(30) CHARACTER SET utf8mb4 COLLATE utf8mb4_general_ci NOT NULL COMMENT '角色名称',
  `role_key` varchar(100) CHARACTER SET utf8mb4 COLLATE utf8mb4_general_ci NOT NULL COMMENT '角色权限字符串',
  `role_sort` int NOT NULL COMMENT '显示顺序',
  `data_scope` char(1) CHARACTER SET utf8mb4 COLLATE utf8mb4_general_ci NULL DEFAULT '1' COMMENT '数据范围（1：全部数据权限 2：自定数据权限 3：本部门数据权限 4：本部门及以下数据权限）',
  `menu_check_strictly` tinyint(1) NULL DEFAULT 1 COMMENT '菜单树选择项是否关联显示',
  `dept_check_strictly` tinyint(1) NULL DEFAULT 1 COMMENT '部门树选择项是否关联显示',
  `status` char(1) CHARACTER SET utf8mb4 COLLATE utf8mb4_general_ci NOT NULL COMMENT '角色状态（0正常 1停用）',
  `del_flag` char(1) CHARACTER SET utf8mb4 COLLATE utf8mb4_general_ci NULL DEFAULT '0' COMMENT '删除标志（0代表存在 2代表删除）',
  `create_by` varchar(64) CHARACTER SET utf8mb4 COLLATE utf8mb4_general_ci NULL DEFAULT '' COMMENT '创建者',
  `create_time` datetime NULL DEFAULT NULL COMMENT '创建时间',
  `update_by` varchar(64) CHARACTER SET utf8mb4 COLLATE utf8mb4_general_ci NULL DEFAULT '' COMMENT '更新者',
  `update_time` datetime NULL DEFAULT NULL COMMENT '更新时间',
  `remark` varchar(500) CHARACTER SET utf8mb4 COLLATE utf8mb4_general_ci NULL DEFAULT NULL COMMENT '备注',
  PRIMARY KEY (`role_id`) USING BTREE
) ENGINE = InnoDB AUTO_INCREMENT = 100 CHARACTER SET = utf8mb4 COLLATE = utf8mb4_general_ci COMMENT = '角色信息表' ROW_FORMAT = DYNAMIC;

-- ----------------------------
-- Records of sys_role
-- ----------------------------
INSERT INTO `sys_role` VALUES (1, '超级管理员', 'admin', 1, '1', 1, 1, '0', '0', 'admin', '2025-09-13 16:40:16', '', NULL, '超级管理员');
INSERT INTO `sys_role` VALUES (2, '普通角色', 'common', 2, '2', 1, 1, '0', '0', 'admin', '2025-09-13 16:40:16', '', NULL, '普通角色');

-- ----------------------------
-- Table structure for sys_role_dept
-- ----------------------------
DROP TABLE IF EXISTS `sys_role_dept`;
CREATE TABLE `sys_role_dept`  (
  `role_id` bigint NOT NULL COMMENT '角色ID',
  `dept_id` bigint NOT NULL COMMENT '部门ID',
  PRIMARY KEY (`role_id`, `dept_id`) USING BTREE
) ENGINE = InnoDB CHARACTER SET = utf8mb4 COLLATE = utf8mb4_general_ci COMMENT = '角色和部门关联表' ROW_FORMAT = DYNAMIC;

-- ----------------------------
-- Records of sys_role_dept
-- ----------------------------
INSERT INTO `sys_role_dept` VALUES (2, 100);
INSERT INTO `sys_role_dept` VALUES (2, 101);
INSERT INTO `sys_role_dept` VALUES (2, 105);

-- ----------------------------
-- Table structure for sys_role_menu
-- ----------------------------
DROP TABLE IF EXISTS `sys_role_menu`;
CREATE TABLE `sys_role_menu`  (
  `role_id` bigint NOT NULL COMMENT '角色ID',
  `menu_id` bigint NOT NULL COMMENT '菜单ID',
  PRIMARY KEY (`role_id`, `menu_id`) USING BTREE
) ENGINE = InnoDB CHARACTER SET = utf8mb4 COLLATE = utf8mb4_general_ci COMMENT = '角色和菜单关联表' ROW_FORMAT = DYNAMIC;

-- ----------------------------
-- Records of sys_role_menu
-- ----------------------------
INSERT INTO `sys_role_menu` VALUES (2, 1);
INSERT INTO `sys_role_menu` VALUES (2, 2);
INSERT INTO `sys_role_menu` VALUES (2, 3);
INSERT INTO `sys_role_menu` VALUES (2, 4);
INSERT INTO `sys_role_menu` VALUES (2, 100);
INSERT INTO `sys_role_menu` VALUES (2, 101);
INSERT INTO `sys_role_menu` VALUES (2, 102);
INSERT INTO `sys_role_menu` VALUES (2, 103);
INSERT INTO `sys_role_menu` VALUES (2, 104);
INSERT INTO `sys_role_menu` VALUES (2, 105);
INSERT INTO `sys_role_menu` VALUES (2, 106);
INSERT INTO `sys_role_menu` VALUES (2, 107);
INSERT INTO `sys_role_menu` VALUES (2, 108);
INSERT INTO `sys_role_menu` VALUES (2, 109);
INSERT INTO `sys_role_menu` VALUES (2, 110);
INSERT INTO `sys_role_menu` VALUES (2, 111);
INSERT INTO `sys_role_menu` VALUES (2, 112);
INSERT INTO `sys_role_menu` VALUES (2, 113);
INSERT INTO `sys_role_menu` VALUES (2, 114);
INSERT INTO `sys_role_menu` VALUES (2, 115);
INSERT INTO `sys_role_menu` VALUES (2, 116);
INSERT INTO `sys_role_menu` VALUES (2, 500);
INSERT INTO `sys_role_menu` VALUES (2, 501);
INSERT INTO `sys_role_menu` VALUES (2, 1000);
INSERT INTO `sys_role_menu` VALUES (2, 1001);
INSERT INTO `sys_role_menu` VALUES (2, 1002);
INSERT INTO `sys_role_menu` VALUES (2, 1003);
INSERT INTO `sys_role_menu` VALUES (2, 1004);
INSERT INTO `sys_role_menu` VALUES (2, 1005);
INSERT INTO `sys_role_menu` VALUES (2, 1006);
INSERT INTO `sys_role_menu` VALUES (2, 1007);
INSERT INTO `sys_role_menu` VALUES (2, 1008);
INSERT INTO `sys_role_menu` VALUES (2, 1009);
INSERT INTO `sys_role_menu` VALUES (2, 1010);
INSERT INTO `sys_role_menu` VALUES (2, 1011);
INSERT INTO `sys_role_menu` VALUES (2, 1012);
INSERT INTO `sys_role_menu` VALUES (2, 1013);
INSERT INTO `sys_role_menu` VALUES (2, 1014);
INSERT INTO `sys_role_menu` VALUES (2, 1015);
INSERT INTO `sys_role_menu` VALUES (2, 1016);
INSERT INTO `sys_role_menu` VALUES (2, 1017);
INSERT INTO `sys_role_menu` VALUES (2, 1018);
INSERT INTO `sys_role_menu` VALUES (2, 1019);
INSERT INTO `sys_role_menu` VALUES (2, 1020);
INSERT INTO `sys_role_menu` VALUES (2, 1021);
INSERT INTO `sys_role_menu` VALUES (2, 1022);
INSERT INTO `sys_role_menu` VALUES (2, 1023);
INSERT INTO `sys_role_menu` VALUES (2, 1024);
INSERT INTO `sys_role_menu` VALUES (2, 1025);
INSERT INTO `sys_role_menu` VALUES (2, 1026);
INSERT INTO `sys_role_menu` VALUES (2, 1027);
INSERT INTO `sys_role_menu` VALUES (2, 1028);
INSERT INTO `sys_role_menu` VALUES (2, 1029);
INSERT INTO `sys_role_menu` VALUES (2, 1030);
INSERT INTO `sys_role_menu` VALUES (2, 1031);
INSERT INTO `sys_role_menu` VALUES (2, 1032);
INSERT INTO `sys_role_menu` VALUES (2, 1033);
INSERT INTO `sys_role_menu` VALUES (2, 1034);
INSERT INTO `sys_role_menu` VALUES (2, 1035);
INSERT INTO `sys_role_menu` VALUES (2, 1036);
INSERT INTO `sys_role_menu` VALUES (2, 1037);
INSERT INTO `sys_role_menu` VALUES (2, 1038);
INSERT INTO `sys_role_menu` VALUES (2, 1039);
INSERT INTO `sys_role_menu` VALUES (2, 1040);
INSERT INTO `sys_role_menu` VALUES (2, 1041);
INSERT INTO `sys_role_menu` VALUES (2, 1042);
INSERT INTO `sys_role_menu` VALUES (2, 1043);
INSERT INTO `sys_role_menu` VALUES (2, 1044);
INSERT INTO `sys_role_menu` VALUES (2, 1045);
INSERT INTO `sys_role_menu` VALUES (2, 1046);
INSERT INTO `sys_role_menu` VALUES (2, 1047);
INSERT INTO `sys_role_menu` VALUES (2, 1048);
INSERT INTO `sys_role_menu` VALUES (2, 1049);
INSERT INTO `sys_role_menu` VALUES (2, 1050);
INSERT INTO `sys_role_menu` VALUES (2, 1051);
INSERT INTO `sys_role_menu` VALUES (2, 1052);
INSERT INTO `sys_role_menu` VALUES (2, 1053);
INSERT INTO `sys_role_menu` VALUES (2, 1054);
INSERT INTO `sys_role_menu` VALUES (2, 1055);
INSERT INTO `sys_role_menu` VALUES (2, 1056);
INSERT INTO `sys_role_menu` VALUES (2, 1057);
INSERT INTO `sys_role_menu` VALUES (2, 1058);
INSERT INTO `sys_role_menu` VALUES (2, 1059);
INSERT INTO `sys_role_menu` VALUES (2, 1060);

-- ----------------------------
-- Table structure for sys_user
-- ----------------------------
DROP TABLE IF EXISTS `sys_user`;
CREATE TABLE `sys_user`  (
  `user_id` bigint NOT NULL AUTO_INCREMENT COMMENT '用户ID',
  `dept_id` bigint NULL DEFAULT NULL COMMENT '部门ID',
  `user_name` varchar(30) CHARACTER SET utf8mb4 COLLATE utf8mb4_general_ci NOT NULL COMMENT '用户账号',
  `nick_name` varchar(30) CHARACTER SET utf8mb4 COLLATE utf8mb4_general_ci NOT NULL COMMENT '用户昵称',
  `user_type` varchar(2) CHARACTER SET utf8mb4 COLLATE utf8mb4_general_ci NULL DEFAULT '00' COMMENT '用户类型（00系统用户）',
  `email` varchar(50) CHARACTER SET utf8mb4 COLLATE utf8mb4_general_ci NULL DEFAULT '' COMMENT '用户邮箱',
  `phonenumber` varchar(11) CHARACTER SET utf8mb4 COLLATE utf8mb4_general_ci NULL DEFAULT '' COMMENT '手机号码',
  `sex` char(1) CHARACTER SET utf8mb4 COLLATE utf8mb4_general_ci NULL DEFAULT '0' COMMENT '用户性别（0男 1女 2未知）',
  `avatar` varchar(100) CHARACTER SET utf8mb4 COLLATE utf8mb4_general_ci NULL DEFAULT '' COMMENT '头像地址',
  `password` varchar(100) CHARACTER SET utf8mb4 COLLATE utf8mb4_general_ci NULL DEFAULT '' COMMENT '密码',
  `status` char(1) CHARACTER SET utf8mb4 COLLATE utf8mb4_general_ci NULL DEFAULT '0' COMMENT '账号状态（0正常 1停用）',
  `del_flag` char(1) CHARACTER SET utf8mb4 COLLATE utf8mb4_general_ci NULL DEFAULT '0' COMMENT '删除标志（0代表存在 2代表删除）',
  `login_ip` varchar(128) CHARACTER SET utf8mb4 COLLATE utf8mb4_general_ci NULL DEFAULT '' COMMENT '最后登录IP',
  `login_date` datetime NULL DEFAULT NULL COMMENT '最后登录时间',
  `pwd_update_date` datetime NULL DEFAULT NULL COMMENT '密码最后更新时间',
  `create_by` varchar(64) CHARACTER SET utf8mb4 COLLATE utf8mb4_general_ci NULL DEFAULT '' COMMENT '创建者',
  `create_time` datetime NULL DEFAULT NULL COMMENT '创建时间',
  `update_by` varchar(64) CHARACTER SET utf8mb4 COLLATE utf8mb4_general_ci NULL DEFAULT '' COMMENT '更新者',
  `update_time` datetime NULL DEFAULT NULL COMMENT '更新时间',
  `remark` varchar(500) CHARACTER SET utf8mb4 COLLATE utf8mb4_general_ci NULL DEFAULT NULL COMMENT '备注',
  PRIMARY KEY (`user_id`) USING BTREE
) ENGINE = InnoDB AUTO_INCREMENT = 100 CHARACTER SET = utf8mb4 COLLATE = utf8mb4_general_ci COMMENT = '用户信息表' ROW_FORMAT = DYNAMIC;

-- ----------------------------
-- Records of sys_user
-- ----------------------------
INSERT INTO `sys_user` VALUES (1, 103, 'admin', '若依', '00', 'ry@163.com', '15888888888', '1', '', '$2a$10$7JB720yubVSZvUI0rEqK/.VqGOZTH.ulu33dHOiBE8ByOhJIrdAu2', '0', '0', '127.0.0.1', '2025-09-18 09:08:44', '2025-09-13 16:40:16', 'admin', '2025-09-13 16:40:16', '', '2025-09-14 11:04:51', '管理员');
INSERT INTO `sys_user` VALUES (2, 105, 'ry', '若依', '00', 'ry@qq.com', '15666666666', '1', '', '$2a$10$7JB720yubVSZvUI0rEqK/.VqGOZTH.ulu33dHOiBE8ByOhJIrdAu2', '0', '0', '127.0.0.1', '2025-09-13 16:40:16', '2025-09-13 16:40:16', 'admin', '2025-09-13 16:40:16', '', NULL, '测试员');

-- ----------------------------
-- Table structure for sys_user_post
-- ----------------------------
DROP TABLE IF EXISTS `sys_user_post`;
CREATE TABLE `sys_user_post`  (
  `user_id` bigint NOT NULL COMMENT '用户ID',
  `post_id` bigint NOT NULL COMMENT '岗位ID',
  PRIMARY KEY (`user_id`, `post_id`) USING BTREE
) ENGINE = InnoDB CHARACTER SET = utf8mb4 COLLATE = utf8mb4_general_ci COMMENT = '用户与岗位关联表' ROW_FORMAT = DYNAMIC;

-- ----------------------------
-- Records of sys_user_post
-- ----------------------------
INSERT INTO `sys_user_post` VALUES (1, 1);
INSERT INTO `sys_user_post` VALUES (2, 2);

-- ----------------------------
-- Table structure for sys_user_role
-- ----------------------------
DROP TABLE IF EXISTS `sys_user_role`;
CREATE TABLE `sys_user_role`  (
  `user_id` bigint NOT NULL COMMENT '用户ID',
  `role_id` bigint NOT NULL COMMENT '角色ID',
  PRIMARY KEY (`user_id`, `role_id`) USING BTREE
) ENGINE = InnoDB CHARACTER SET = utf8mb4 COLLATE = utf8mb4_general_ci COMMENT = '用户和角色关联表' ROW_FORMAT = DYNAMIC;

-- ----------------------------
-- Records of sys_user_role
-- ----------------------------
INSERT INTO `sys_user_role` VALUES (1, 1);
INSERT INTO `sys_user_role` VALUES (2, 2);

-- ----------------------------
-- Table structure for we_ai_picture
-- ----------------------------
DROP TABLE IF EXISTS `we_ai_picture`;
CREATE TABLE `we_ai_picture`  (
  `id` bigint NOT NULL AUTO_INCREMENT COMMENT '主键',
  `name` varchar(255) CHARACTER SET utf8mb4 COLLATE utf8mb4_general_ci NULL DEFAULT NULL COMMENT '图片名称',
  `ai_url` varchar(500) CHARACTER SET utf8mb4 COLLATE utf8mb4_general_ci NULL DEFAULT NULL COMMENT 'AI生成图片URL',
  `task_id` varchar(100) CHARACTER SET utf8mb4 COLLATE utf8mb4_general_ci NULL DEFAULT NULL COMMENT '任务ID',
  `execute_id` varchar(100) CHARACTER SET utf8mb4 COLLATE utf8mb4_general_ci NULL DEFAULT NULL COMMENT '执行ID',
  `type` varchar(50) CHARACTER SET utf8mb4 COLLATE utf8mb4_general_ci NULL DEFAULT NULL COMMENT '图片类型',
  `look_id` bigint NULL DEFAULT NULL COMMENT '关联we_look表的主键',
  `look_url` varchar(500) CHARACTER SET utf8mb4 COLLATE utf8mb4_general_ci NULL DEFAULT NULL COMMENT '外观图片URL',
  `pid` bigint NULL DEFAULT NULL COMMENT '父id',
  `data_status` char(1) CHARACTER SET utf8mb4 COLLATE utf8mb4_general_ci NULL DEFAULT '0' COMMENT '状态（0,1,2）',
  `del_flag` char(1) CHARACTER SET utf8mb4 COLLATE utf8mb4_general_ci NULL DEFAULT '0' COMMENT '删除标志（0代表存在 2代表删除）',
  `create_by` varchar(64) CHARACTER SET utf8mb4 COLLATE utf8mb4_general_ci NULL DEFAULT '' COMMENT '创建者',
  `create_time` datetime NULL DEFAULT NULL COMMENT '创建时间',
  `update_by` varchar(64) CHARACTER SET utf8mb4 COLLATE utf8mb4_general_ci NULL DEFAULT '' COMMENT '更新者',
  `update_time` datetime NULL DEFAULT NULL COMMENT '更新时间',
  `remark` varchar(500) CHARACTER SET utf8mb4 COLLATE utf8mb4_general_ci NULL DEFAULT NULL COMMENT '备注',
  PRIMARY KEY (`id`) USING BTREE
) ENGINE = InnoDB AUTO_INCREMENT = 537 CHARACTER SET = utf8mb4 COLLATE = utf8mb4_general_ci COMMENT = 'AI图片表' ROW_FORMAT = DYNAMIC;

-- ----------------------------
-- Records of we_ai_picture
-- ----------------------------
INSERT INTO `we_ai_picture` VALUES (1, '1+cloth1+bsd1+bsd49', 'https://ai-image.weshop.com/20250917_1_51836343-7d85-4410-baea-1da7a34f4151_1360x2048.png', '68ca4a3fcdf25c6b459ad183', '68ca4a3f7af440cb455c4214', '1', 165, 'https://ai-image.weshop.com/20250917_1_a633af99-6443-42d1-9fad-63d2961136c5_1208x1859.png', NULL, '2', '0', '', '2025-09-17 13:42:59', '', '2025-09-18 09:27:17', NULL);
INSERT INTO `we_ai_picture` VALUES (2, '1+cloth1+bsd1+bsd49', 'https://ai-image.weshop.com/20250917_1_dc0337c1-ae54-4b95-93ec-7b981321ca54_1360x2048.png', '68ca4a3fcdf25c6b459ad183', '68ca4a3f7af440cb455c4214', '1', 165, 'https://ai-image.weshop.com/20250917_1_a633af99-6443-42d1-9fad-63d2961136c5_1208x1859.png', NULL, '1', '0', '', '2025-09-17 13:42:59', '', '2025-09-18 09:27:17', NULL);
INSERT INTO `we_ai_picture` VALUES (3, '1+cloth1+bsd1+bsd49', 'https://ai-image.weshop.com/20250917_1_40a90008-816b-442a-940f-b16ab1161294_1360x2048.png', '68ca4a3fcdf25c6b459ad183', '68ca4a3f7af440cb455c4214', '1', 165, 'https://ai-image.weshop.com/20250917_1_a633af99-6443-42d1-9fad-63d2961136c5_1208x1859.png', NULL, '1', '0', '', '2025-09-17 13:42:59', '', '2025-09-18 09:27:17', NULL);
INSERT INTO `we_ai_picture` VALUES (4, '1+cloth1+bsd1+bsd49', 'https://ai-image.weshop.com/20250917_1_a748d18d-77b2-4ad0-b51b-825586988a4b_1360x2048.png', '68ca4a3fcdf25c6b459ad183', '68ca4a3f7af440cb455c4214', '1', 165, 'https://ai-image.weshop.com/20250917_1_a633af99-6443-42d1-9fad-63d2961136c5_1208x1859.png', NULL, '1', '0', '', '2025-09-17 13:42:59', '', '2025-09-18 09:27:17', NULL);
INSERT INTO `we_ai_picture` VALUES (5, '1+cloth1+bsd1+bsd50', 'https://ai-image.weshop.com/20250917_1_951a50ad-4a17-4a5e-b12c-986aca3dc9f0_1360x2048.png', '68ca4a647af440cb455c4233', '68ca4a64cdf25c6b459ad192', '1', 166, 'https://ai-image.weshop.com/20250917_1_89e4f5ef-c16a-4e1f-988e-130d91a57010_1328x1927.png', NULL, '1', '0', '', '2025-09-17 13:43:31', '', '2025-09-18 09:27:17', NULL);
INSERT INTO `we_ai_picture` VALUES (6, '1+cloth1+bsd1+bsd50', 'https://ai-image.weshop.com/20250917_1_b0313f71-4cb8-4c4a-8571-1c061f012e7d_1360x2048.png', '68ca4a647af440cb455c4233', '68ca4a64cdf25c6b459ad192', '1', 166, 'https://ai-image.weshop.com/20250917_1_89e4f5ef-c16a-4e1f-988e-130d91a57010_1328x1927.png', NULL, '1', '0', '', '2025-09-17 13:43:31', '', '2025-09-18 09:27:17', NULL);
INSERT INTO `we_ai_picture` VALUES (7, '1+cloth1+bsd1+bsd50', 'https://ai-image.weshop.com/20250917_1_a51a598e-2e1a-4d11-a7b8-a71993201742_1360x2048.png', '68ca4a647af440cb455c4233', '68ca4a64cdf25c6b459ad192', '1', 166, 'https://ai-image.weshop.com/20250917_1_89e4f5ef-c16a-4e1f-988e-130d91a57010_1328x1927.png', NULL, '1', '0', '', '2025-09-17 13:43:31', '', '2025-09-18 09:27:17', NULL);
INSERT INTO `we_ai_picture` VALUES (8, '1+cloth1+bsd1+bsd50', 'https://ai-image.weshop.com/20250917_1_823bf409-b270-4536-8f3e-df681f424ab0_1360x2048.png', '68ca4a647af440cb455c4233', '68ca4a64cdf25c6b459ad192', '1', 166, 'https://ai-image.weshop.com/20250917_1_89e4f5ef-c16a-4e1f-988e-130d91a57010_1328x1927.png', NULL, '2', '0', '', '2025-09-17 13:43:31', '', '2025-09-18 09:27:17', NULL);
INSERT INTO `we_ai_picture` VALUES (9, '1+cloth1+bsd1+bsd48', 'https://ai-image.weshop.com/20250917_1_d922ed5b-25c5-40fb-a317-f1255da250f3_1488x2048.png', '68ca4f5dcdf25c6b459ad274', '68ca4f5e7af440cb455c4303', '1', 167, 'https://ai-image.weshop.com/20250917_1_62888c00-f71d-463a-ad0d-10f49a301e44_1208x1679.png', NULL, '2', '0', '', '2025-09-17 14:04:45', '', '2025-09-18 09:27:17', NULL);
INSERT INTO `we_ai_picture` VALUES (10, '1+cloth1+bsd1+bsd48', 'https://ai-image.weshop.com/20250917_1_fbdf6789-47e0-42b2-983b-7f1a9bb47665_1488x2048.png', '68ca4f5dcdf25c6b459ad274', '68ca4f5e7af440cb455c4303', '1', 167, 'https://ai-image.weshop.com/20250917_1_62888c00-f71d-463a-ad0d-10f49a301e44_1208x1679.png', NULL, '2', '0', '', '2025-09-17 14:04:45', '', '2025-09-18 09:27:17', NULL);
INSERT INTO `we_ai_picture` VALUES (11, '1+cloth1+bsd1+bsd48', 'https://ai-image.weshop.com/20250917_1_13cbd7f9-1005-4c4e-a419-39d8dc0144c3_1488x2048.png', '68ca4f5dcdf25c6b459ad274', '68ca4f5e7af440cb455c4303', '1', 167, 'https://ai-image.weshop.com/20250917_1_62888c00-f71d-463a-ad0d-10f49a301e44_1208x1679.png', NULL, '2', '0', '', '2025-09-17 14:04:45', '', '2025-09-18 09:27:17', NULL);
INSERT INTO `we_ai_picture` VALUES (12, '1+cloth1+bsd1+bsd48', 'https://ai-image.weshop.com/20250917_1_4434f1bb-9a2b-4cfc-9192-3f4beb0056f7_1488x2048.png', '68ca4f5dcdf25c6b459ad274', '68ca4f5e7af440cb455c4303', '1', 167, 'https://ai-image.weshop.com/20250917_1_62888c00-f71d-463a-ad0d-10f49a301e44_1208x1679.png', NULL, '2', '0', '', '2025-09-17 14:04:45', '', '2025-09-18 09:27:17', NULL);
INSERT INTO `we_ai_picture` VALUES (13, '1+cloth1+bsd1+bsd47', 'https://ai-image.weshop.com/20250917_1_1a253205-3a95-4568-9b5e-146761a66dd7_1592x2048.png', '68ca4f7d7af440cb455c430d', '68ca4f7e7af440cb455c430e', '1', 168, 'https://ai-image.weshop.com/20250917_1_d098414c-b144-4475-b721-081dafb178ea_1192x1519.png', NULL, '1', '0', '', '2025-09-17 14:05:23', '', '2025-09-18 09:27:17', NULL);
INSERT INTO `we_ai_picture` VALUES (14, '1+cloth1+bsd1+bsd47', 'https://ai-image.weshop.com/20250917_1_012dd89b-d887-4740-823d-69747c2c53b7_1592x2048.png', '68ca4f7d7af440cb455c430d', '68ca4f7e7af440cb455c430e', '1', 168, 'https://ai-image.weshop.com/20250917_1_d098414c-b144-4475-b721-081dafb178ea_1192x1519.png', NULL, '1', '0', '', '2025-09-17 14:05:23', '', '2025-09-18 09:27:17', NULL);
INSERT INTO `we_ai_picture` VALUES (15, '1+cloth1+bsd1+bsd47', 'https://ai-image.weshop.com/20250917_1_7089e59a-9f8a-4e52-8b52-89b17e95408c_1592x2048.png', '68ca4f7d7af440cb455c430d', '68ca4f7e7af440cb455c430e', '1', 168, 'https://ai-image.weshop.com/20250917_1_d098414c-b144-4475-b721-081dafb178ea_1192x1519.png', NULL, '2', '0', '', '2025-09-17 14:05:23', '', '2025-09-18 09:27:17', NULL);
INSERT INTO `we_ai_picture` VALUES (16, '1+cloth1+bsd1+bsd47', 'https://ai-image.weshop.com/20250917_1_8b8d1047-0649-46c1-9fa8-9e8bb0d62ac4_1592x2048.png', '68ca4f7d7af440cb455c430d', '68ca4f7e7af440cb455c430e', '1', 168, 'https://ai-image.weshop.com/20250917_1_d098414c-b144-4475-b721-081dafb178ea_1192x1519.png', NULL, '2', '0', '', '2025-09-17 14:05:23', '', '2025-09-18 09:27:17', NULL);
INSERT INTO `we_ai_picture` VALUES (17, '1+cloth1+bsd1+bsd46', 'https://ai-image.weshop.com/20250917_1_a8bf7878-9fc7-40d5-9834-2c7fb7e5453a_1488x2048.png', '68ca4fa3cdf25c6b459ad293', '68ca4fa37af440cb455c4333', '1', 169, 'https://ai-image.weshop.com/20250917_1_98b4cace-9fe3-4649-ac10-020968cb7e5b_1400x1919.png', NULL, '1', '0', '', '2025-09-17 14:05:55', '', '2025-09-18 09:27:17', NULL);
INSERT INTO `we_ai_picture` VALUES (18, '1+cloth1+bsd1+bsd46', 'https://ai-image.weshop.com/20250917_1_2c14454e-284e-4917-9933-1f560a7dd03f_1488x2048.png', '68ca4fa3cdf25c6b459ad293', '68ca4fa37af440cb455c4333', '1', 169, 'https://ai-image.weshop.com/20250917_1_98b4cace-9fe3-4649-ac10-020968cb7e5b_1400x1919.png', NULL, '2', '0', '', '2025-09-17 14:05:55', '', '2025-09-18 09:27:17', NULL);
INSERT INTO `we_ai_picture` VALUES (19, '1+cloth1+bsd1+bsd46', 'https://ai-image.weshop.com/20250917_1_6314fea8-bf12-447e-9b3a-1c428a5eae7e_1488x2048.png', '68ca4fa3cdf25c6b459ad293', '68ca4fa37af440cb455c4333', '1', 169, 'https://ai-image.weshop.com/20250917_1_98b4cace-9fe3-4649-ac10-020968cb7e5b_1400x1919.png', NULL, '2', '0', '', '2025-09-17 14:05:55', '', '2025-09-18 09:27:17', NULL);
INSERT INTO `we_ai_picture` VALUES (20, '1+cloth1+bsd1+bsd46', 'https://ai-image.weshop.com/20250917_1_b8c999f5-7517-4f11-9a8a-79fbb7247210_1488x2048.png', '68ca4fa3cdf25c6b459ad293', '68ca4fa37af440cb455c4333', '1', 169, 'https://ai-image.weshop.com/20250917_1_98b4cace-9fe3-4649-ac10-020968cb7e5b_1400x1919.png', NULL, '1', '0', '', '2025-09-17 14:05:55', '', '2025-09-18 09:27:17', NULL);
INSERT INTO `we_ai_picture` VALUES (21, '1+cloth1+bsd1+bsd44', 'https://ai-image.weshop.com/20250917_1_c20649a6-0e44-4324-9480-f5346ce8052a_1488x2048.png', '68ca4fc4cdf25c6b459ad2a4', '68ca4fc47af440cb455c4342', '1', 170, 'https://ai-image.weshop.com/20250917_1_22885cd0-2e62-4935-bc89-8e3015075f1f_1312x1833.png', NULL, '2', '0', '', '2025-09-17 14:06:27', '', '2025-09-18 09:27:17', NULL);
INSERT INTO `we_ai_picture` VALUES (22, '1+cloth1+bsd1+bsd44', 'https://ai-image.weshop.com/20250917_1_7ef858b2-4b27-49e1-b6f3-34d2002a16c1_1488x2048.png', '68ca4fc4cdf25c6b459ad2a4', '68ca4fc47af440cb455c4342', '1', 170, 'https://ai-image.weshop.com/20250917_1_22885cd0-2e62-4935-bc89-8e3015075f1f_1312x1833.png', NULL, '2', '0', '', '2025-09-17 14:06:27', '', '2025-09-18 09:27:17', NULL);
INSERT INTO `we_ai_picture` VALUES (23, '1+cloth1+bsd1+bsd44', 'https://ai-image.weshop.com/20250917_1_f646fd58-8e21-4b26-826a-93e1722bdf46_1488x2048.png', '68ca4fc4cdf25c6b459ad2a4', '68ca4fc47af440cb455c4342', '1', 170, 'https://ai-image.weshop.com/20250917_1_22885cd0-2e62-4935-bc89-8e3015075f1f_1312x1833.png', NULL, '1', '0', '', '2025-09-17 14:06:27', '', '2025-09-18 09:27:17', NULL);
INSERT INTO `we_ai_picture` VALUES (24, '1+cloth1+bsd1+bsd44', 'https://ai-image.weshop.com/20250917_1_5b5961f1-160b-4b8d-84da-60f695a0d6aa_1488x2048.png', '68ca4fc4cdf25c6b459ad2a4', '68ca4fc47af440cb455c4342', '1', 170, 'https://ai-image.weshop.com/20250917_1_22885cd0-2e62-4935-bc89-8e3015075f1f_1312x1833.png', NULL, '1', '0', '', '2025-09-17 14:06:27', '', '2025-09-18 09:27:17', NULL);
INSERT INTO `we_ai_picture` VALUES (25, '1+cloth1+bsd1+bsd42', 'https://ai-image.weshop.com/20250917_1_4454ce0e-eda9-4a7b-8937-c68ad31a4380_1168x2048.png', '68ca4fe47af440cb455c4355', '68ca4fe4cdf25c6b459ad2bd', '1', 171, 'https://ai-image.weshop.com/20250917_1_f67d1e78-6a8f-4029-82fe-09b2c15615a4_1136x1946.png', NULL, '2', '0', '', '2025-09-17 14:06:59', '', '2025-09-18 09:27:17', NULL);
INSERT INTO `we_ai_picture` VALUES (26, '1+cloth1+bsd1+bsd42', 'https://ai-image.weshop.com/20250917_1_3d51d642-edf3-4247-baff-ac52e21b0ca0_1168x2048.png', '68ca4fe47af440cb455c4355', '68ca4fe4cdf25c6b459ad2bd', '1', 171, 'https://ai-image.weshop.com/20250917_1_f67d1e78-6a8f-4029-82fe-09b2c15615a4_1136x1946.png', NULL, '2', '0', '', '2025-09-17 14:06:59', '', '2025-09-18 09:27:17', NULL);
INSERT INTO `we_ai_picture` VALUES (27, '1+cloth1+bsd1+bsd42', 'https://ai-image.weshop.com/20250917_1_c6939b2f-ce2e-4e5a-aaac-eb47d365f71c_1168x2048.png', '68ca4fe47af440cb455c4355', '68ca4fe4cdf25c6b459ad2bd', '1', 171, 'https://ai-image.weshop.com/20250917_1_f67d1e78-6a8f-4029-82fe-09b2c15615a4_1136x1946.png', NULL, '2', '0', '', '2025-09-17 14:06:59', '', '2025-09-18 09:27:17', NULL);
INSERT INTO `we_ai_picture` VALUES (28, '1+cloth1+bsd1+bsd42', 'https://ai-image.weshop.com/20250917_1_8f8c5427-0872-43cc-8cde-00787e37c7d2_1168x2048.png', '68ca4fe47af440cb455c4355', '68ca4fe4cdf25c6b459ad2bd', '1', 171, 'https://ai-image.weshop.com/20250917_1_f67d1e78-6a8f-4029-82fe-09b2c15615a4_1136x1946.png', NULL, '2', '0', '', '2025-09-17 14:06:59', '', '2025-09-18 09:27:17', NULL);
INSERT INTO `we_ai_picture` VALUES (29, '1+cloth1+bsd1+bsd40', 'https://ai-image.weshop.com/20250917_1_e9ae79b9-74d8-4d15-9603-a577f959195e_1360x2048.png', '68ca5004cdf25c6b459ad2ca', '68ca5004cdf25c6b459ad2cb', '1', 172, 'https://ai-image.weshop.com/20250917_1_f414af95-bdae-4cab-9956-b06b8f3681bb_1256x1828.png', NULL, '1', '0', '', '2025-09-17 14:07:32', '', '2025-09-18 09:27:17', NULL);
INSERT INTO `we_ai_picture` VALUES (30, '1+cloth1+bsd1+bsd40', 'https://ai-image.weshop.com/20250917_1_bf113878-23f6-43a3-94cd-a21ddb6cbfb3_1360x2048.png', '68ca5004cdf25c6b459ad2ca', '68ca5004cdf25c6b459ad2cb', '1', 172, 'https://ai-image.weshop.com/20250917_1_f414af95-bdae-4cab-9956-b06b8f3681bb_1256x1828.png', NULL, '1', '0', '', '2025-09-17 14:07:32', '', '2025-09-18 09:27:17', NULL);
INSERT INTO `we_ai_picture` VALUES (31, '1+cloth1+bsd1+bsd40', 'https://ai-image.weshop.com/20250917_1_fb0aaf24-7d8e-4d51-84f1-6492a7a53072_1360x2048.png', '68ca5004cdf25c6b459ad2ca', '68ca5004cdf25c6b459ad2cb', '1', 172, 'https://ai-image.weshop.com/20250917_1_f414af95-bdae-4cab-9956-b06b8f3681bb_1256x1828.png', NULL, '2', '0', '', '2025-09-17 14:07:32', '', '2025-09-18 09:27:17', NULL);
INSERT INTO `we_ai_picture` VALUES (32, '1+cloth1+bsd1+bsd40', 'https://ai-image.weshop.com/20250917_1_8c63d5a3-7b75-42c3-b4fc-273568e5009b_1360x2048.png', '68ca5004cdf25c6b459ad2ca', '68ca5004cdf25c6b459ad2cb', '1', 172, 'https://ai-image.weshop.com/20250917_1_f414af95-bdae-4cab-9956-b06b8f3681bb_1256x1828.png', NULL, '1', '0', '', '2025-09-17 14:07:32', '', '2025-09-18 09:27:17', NULL);
INSERT INTO `we_ai_picture` VALUES (33, '1+cloth1+bsd1+bsd39', 'https://ai-image.weshop.com/20250917_1_56007741-95e3-4cb9-a6a1-60fe4d1bf59d_1592x2048.png', '68ca5024cdf25c6b459ad2de', '68ca50247af440cb455c4362', '1', 173, 'https://ai-image.weshop.com/20250917_1_44b21c9e-44f0-4341-8e01-1dd98d8a3560_1200x1599.png', NULL, '1', '0', '', '2025-09-17 14:08:04', '', '2025-09-18 09:27:17', NULL);
INSERT INTO `we_ai_picture` VALUES (34, '1+cloth1+bsd1+bsd39', 'https://ai-image.weshop.com/20250917_1_e94819dd-13b6-46c7-9224-e232b9ec10ec_1592x2048.png', '68ca5024cdf25c6b459ad2de', '68ca50247af440cb455c4362', '1', 173, 'https://ai-image.weshop.com/20250917_1_44b21c9e-44f0-4341-8e01-1dd98d8a3560_1200x1599.png', NULL, '1', '0', '', '2025-09-17 14:08:04', '', '2025-09-18 09:27:17', NULL);
INSERT INTO `we_ai_picture` VALUES (35, '1+cloth1+bsd1+bsd39', 'https://ai-image.weshop.com/20250917_1_601b5ebf-1e8b-4aa2-a096-be1aba9e4862_1592x2048.png', '68ca5024cdf25c6b459ad2de', '68ca50247af440cb455c4362', '1', 173, 'https://ai-image.weshop.com/20250917_1_44b21c9e-44f0-4341-8e01-1dd98d8a3560_1200x1599.png', NULL, '1', '0', '', '2025-09-17 14:08:04', '', '2025-09-18 09:27:17', NULL);
INSERT INTO `we_ai_picture` VALUES (36, '1+cloth1+bsd1+bsd39', 'https://ai-image.weshop.com/20250917_1_8d799249-532f-4607-ac5c-fe7a90b2c60b_1592x2048.png', '68ca5024cdf25c6b459ad2de', '68ca50247af440cb455c4362', '1', 173, 'https://ai-image.weshop.com/20250917_1_44b21c9e-44f0-4341-8e01-1dd98d8a3560_1200x1599.png', NULL, '1', '0', '', '2025-09-17 14:08:04', '', '2025-09-18 09:27:17', NULL);
INSERT INTO `we_ai_picture` VALUES (37, '1+cloth1+bsd1+bsd38', 'https://ai-image.weshop.com/20250917_1_352bd284-601c-4da9-a69f-4a3b3c33d6e7_1488x2048.png', '68ca5044cdf25c6b459ad2e0', '68ca5044cdf25c6b459ad2e1', '1', 174, 'https://ai-image.weshop.com/20250917_1_42bdec4d-f619-460a-97bb-587563d7e9fb_936x1327.png', NULL, '1', '0', '', '2025-09-17 14:08:36', '', '2025-09-18 09:27:17', NULL);
INSERT INTO `we_ai_picture` VALUES (38, '1+cloth1+bsd1+bsd38', 'https://ai-image.weshop.com/20250917_1_7518b680-8ed6-4955-83e2-d0b94f3c9e29_1488x2048.png', '68ca5044cdf25c6b459ad2e0', '68ca5044cdf25c6b459ad2e1', '1', 174, 'https://ai-image.weshop.com/20250917_1_42bdec4d-f619-460a-97bb-587563d7e9fb_936x1327.png', NULL, '1', '0', '', '2025-09-17 14:08:36', '', '2025-09-18 09:27:17', NULL);
INSERT INTO `we_ai_picture` VALUES (39, '1+cloth1+bsd1+bsd38', 'https://ai-image.weshop.com/20250917_1_377bc737-35df-4b4b-9178-7f4b2c0b62b7_1488x2048.png', '68ca5044cdf25c6b459ad2e0', '68ca5044cdf25c6b459ad2e1', '1', 174, 'https://ai-image.weshop.com/20250917_1_42bdec4d-f619-460a-97bb-587563d7e9fb_936x1327.png', NULL, '1', '0', '', '2025-09-17 14:08:36', '', '2025-09-18 09:27:17', NULL);
INSERT INTO `we_ai_picture` VALUES (40, '1+cloth1+bsd1+bsd38', 'https://ai-image.weshop.com/20250917_1_ffac9b2f-9878-45cb-a176-6a0376f58fdc_1488x2048.png', '68ca5044cdf25c6b459ad2e0', '68ca5044cdf25c6b459ad2e1', '1', 174, 'https://ai-image.weshop.com/20250917_1_42bdec4d-f619-460a-97bb-587563d7e9fb_936x1327.png', NULL, '1', '0', '', '2025-09-17 14:08:36', '', '2025-09-18 09:27:17', NULL);
INSERT INTO `we_ai_picture` VALUES (41, '1+bsd4+bsd1+bsd50', 'https://ai-image.weshop.com/20250917_1_d3a25809-2052-4364-b9df-ef35a9218e12_1360x2048.png', '68ca50ebcdf25c6b459ad301', '68ca50eb7af440cb455c439c', '1', 84, 'https://ai-image.weshop.com/20250917_1_819c2bbb-07c7-4fb3-a721-5be1622bf1df_544x799.png', NULL, '1', '0', '', '2025-09-17 14:11:18', '', '2025-09-18 09:27:17', NULL);
INSERT INTO `we_ai_picture` VALUES (42, '1+bsd4+bsd1+bsd50', 'https://ai-image.weshop.com/20250917_1_91c1d4ba-84ec-419b-9e16-25bca062b4ec_1360x2048.png', '68ca50ebcdf25c6b459ad301', '68ca50eb7af440cb455c439c', '1', 84, 'https://ai-image.weshop.com/20250917_1_819c2bbb-07c7-4fb3-a721-5be1622bf1df_544x799.png', NULL, '1', '0', '', '2025-09-17 14:11:18', '', '2025-09-18 09:27:17', NULL);
INSERT INTO `we_ai_picture` VALUES (43, '1+bsd4+bsd1+bsd50', 'https://ai-image.weshop.com/20250917_1_afecc5ea-68fc-449a-8b36-3a93911d69cc_1360x2048.png', '68ca50ebcdf25c6b459ad301', '68ca50eb7af440cb455c439c', '1', 84, 'https://ai-image.weshop.com/20250917_1_819c2bbb-07c7-4fb3-a721-5be1622bf1df_544x799.png', NULL, '1', '0', '', '2025-09-17 14:11:18', '', '2025-09-18 09:27:17', NULL);
INSERT INTO `we_ai_picture` VALUES (44, '1+bsd4+bsd1+bsd50', 'https://ai-image.weshop.com/20250917_1_7ffe880a-49f4-483b-93a2-0d93f000e067_1360x2048.png', '68ca50ebcdf25c6b459ad301', '68ca50eb7af440cb455c439c', '1', 84, 'https://ai-image.weshop.com/20250917_1_819c2bbb-07c7-4fb3-a721-5be1622bf1df_544x799.png', NULL, '1', '0', '', '2025-09-17 14:11:18', '', '2025-09-18 09:27:17', NULL);
INSERT INTO `we_ai_picture` VALUES (45, '1+bsd4+bsd1+bsd48', 'https://ai-image.weshop.com/20250917_1_0ec312b5-efe6-4137-be08-5d53e79209cf_1488x2048.png', '68ca51057af440cb455c43a6', '68ca5105cdf25c6b459ad302', '1', 85, 'https://ai-image.weshop.com/20250917_1_60fcc50b-88b2-42f7-8ace-72233ee72351_560x789.png', NULL, '1', '0', '', '2025-09-17 14:11:44', '', '2025-09-18 09:27:17', NULL);
INSERT INTO `we_ai_picture` VALUES (46, '1+bsd4+bsd1+bsd48', 'https://ai-image.weshop.com/20250917_1_7bf9106f-2221-47b6-9a14-f6bccdbd66a9_1488x2048.png', '68ca51057af440cb455c43a6', '68ca5105cdf25c6b459ad302', '1', 85, 'https://ai-image.weshop.com/20250917_1_60fcc50b-88b2-42f7-8ace-72233ee72351_560x789.png', NULL, '1', '0', '', '2025-09-17 14:11:44', '', '2025-09-18 09:27:17', NULL);
INSERT INTO `we_ai_picture` VALUES (47, '1+bsd4+bsd1+bsd48', 'https://ai-image.weshop.com/20250917_1_95abcaaa-1fc2-4474-93f7-d6ee27e05b00_1488x2048.png', '68ca51057af440cb455c43a6', '68ca5105cdf25c6b459ad302', '1', 85, 'https://ai-image.weshop.com/20250917_1_60fcc50b-88b2-42f7-8ace-72233ee72351_560x789.png', NULL, '2', '0', '', '2025-09-17 14:11:44', '', '2025-09-18 09:27:17', NULL);
INSERT INTO `we_ai_picture` VALUES (48, '1+bsd4+bsd1+bsd48', 'https://ai-image.weshop.com/20250917_1_5d1ada49-3af2-49e6-8d76-e87d7d7fbb04_1488x2048.png', '68ca51057af440cb455c43a6', '68ca5105cdf25c6b459ad302', '1', 85, 'https://ai-image.weshop.com/20250917_1_60fcc50b-88b2-42f7-8ace-72233ee72351_560x789.png', NULL, '2', '0', '', '2025-09-17 14:11:44', '', '2025-09-18 09:27:17', NULL);
INSERT INTO `we_ai_picture` VALUES (49, '1+bsd4+bsd1+bsd47', 'https://ai-image.weshop.com/20250917_1_898edc9e-6276-4ad1-bb9f-a50c9d8752c7_1592x2048.png', '68ca51207af440cb455c43b0', '68ca5120cdf25c6b459ad30e', '1', 86, 'https://ai-image.weshop.com/20250917_1_b527a90d-a9b4-4c8e-9181-a2e17ee0e035_600x760.png', NULL, '1', '0', '', '2025-09-17 14:12:11', '', '2025-09-18 09:27:17', NULL);
INSERT INTO `we_ai_picture` VALUES (50, '1+bsd4+bsd1+bsd47', 'https://ai-image.weshop.com/20250917_1_b25fa592-edc5-47d1-93db-080754b4e8a2_1592x2048.png', '68ca51207af440cb455c43b0', '68ca5120cdf25c6b459ad30e', '1', 86, 'https://ai-image.weshop.com/20250917_1_b527a90d-a9b4-4c8e-9181-a2e17ee0e035_600x760.png', NULL, '1', '0', '', '2025-09-17 14:12:11', '', '2025-09-18 09:27:17', NULL);
INSERT INTO `we_ai_picture` VALUES (51, '1+bsd4+bsd1+bsd47', 'https://ai-image.weshop.com/20250917_1_af582d92-0c3e-4af8-928f-36a8cd95a029_1592x2048.png', '68ca51207af440cb455c43b0', '68ca5120cdf25c6b459ad30e', '1', 86, 'https://ai-image.weshop.com/20250917_1_b527a90d-a9b4-4c8e-9181-a2e17ee0e035_600x760.png', NULL, '1', '0', '', '2025-09-17 14:12:11', '', '2025-09-18 09:27:17', NULL);
INSERT INTO `we_ai_picture` VALUES (52, '1+bsd4+bsd1+bsd47', 'https://ai-image.weshop.com/20250917_1_1acc1ead-a2b5-45d3-bcd9-e0df4da7264e_1592x2048.png', '68ca51207af440cb455c43b0', '68ca5120cdf25c6b459ad30e', '1', 86, 'https://ai-image.weshop.com/20250917_1_b527a90d-a9b4-4c8e-9181-a2e17ee0e035_600x760.png', NULL, '1', '0', '', '2025-09-17 14:12:11', '', '2025-09-18 09:27:17', NULL);
INSERT INTO `we_ai_picture` VALUES (53, '1+bsd4+bsd1+bsd46', 'https://ai-image.weshop.com/20250917_1_2b316789-d443-4659-9a2c-59ef819c86ab_1488x2048.png', '68ca513acdf25c6b459ad34f', '68ca513acdf25c6b459ad350', '1', 87, 'https://ai-image.weshop.com/20250917_1_961cfc37-8ad1-4930-af8f-49f6cce3f31b_584x795.png', NULL, '2', '0', '', '2025-09-17 14:12:42', '', '2025-09-18 09:27:17', NULL);
INSERT INTO `we_ai_picture` VALUES (54, '1+bsd4+bsd1+bsd46', 'https://ai-image.weshop.com/20250917_1_404489d5-4f61-4e61-8fb8-8615d31e7ae1_1488x2048.png', '68ca513acdf25c6b459ad34f', '68ca513acdf25c6b459ad350', '1', 87, 'https://ai-image.weshop.com/20250917_1_961cfc37-8ad1-4930-af8f-49f6cce3f31b_584x795.png', NULL, '2', '0', '', '2025-09-17 14:12:42', '', '2025-09-18 09:27:17', NULL);
INSERT INTO `we_ai_picture` VALUES (55, '1+bsd4+bsd1+bsd46', 'https://ai-image.weshop.com/20250917_1_99c4a1ba-b8aa-448b-bb14-d86ec1169733_1488x2048.png', '68ca513acdf25c6b459ad34f', '68ca513acdf25c6b459ad350', '1', 87, 'https://ai-image.weshop.com/20250917_1_961cfc37-8ad1-4930-af8f-49f6cce3f31b_584x795.png', NULL, '2', '0', '', '2025-09-17 14:12:42', '', '2025-09-18 09:27:17', NULL);
INSERT INTO `we_ai_picture` VALUES (56, '1+bsd4+bsd1+bsd46', 'https://ai-image.weshop.com/20250917_1_f5cf98c1-d4b6-45eb-a298-1f3900223db1_1488x2048.png', '68ca513acdf25c6b459ad34f', '68ca513acdf25c6b459ad350', '1', 87, 'https://ai-image.weshop.com/20250917_1_961cfc37-8ad1-4930-af8f-49f6cce3f31b_584x795.png', NULL, '2', '0', '', '2025-09-17 14:12:42', '', '2025-09-18 09:27:17', NULL);
INSERT INTO `we_ai_picture` VALUES (57, '1+bsd4+bsd1+bsd44', 'https://ai-image.weshop.com/20250917_1_8bc05b24-7617-47f2-a9e7-7dd90422ff40_1488x2048.png', '68ca51597af440cb455c43e6', '68ca5159cdf25c6b459ad372', '1', 88, 'https://ai-image.weshop.com/20250917_1_d538ddb0-9d30-49b6-ac05-9a6e64e34cd7_528x740.png', NULL, '2', '0', '', '2025-09-17 14:13:13', '', '2025-09-18 09:27:17', NULL);
INSERT INTO `we_ai_picture` VALUES (58, '1+bsd4+bsd1+bsd44', 'https://ai-image.weshop.com/20250917_1_c94fb45a-437e-45d3-9bc3-4c68fb596713_1488x2048.png', '68ca51597af440cb455c43e6', '68ca5159cdf25c6b459ad372', '1', 88, 'https://ai-image.weshop.com/20250917_1_d538ddb0-9d30-49b6-ac05-9a6e64e34cd7_528x740.png', NULL, '1', '0', '', '2025-09-17 14:13:13', '', '2025-09-18 09:27:17', NULL);
INSERT INTO `we_ai_picture` VALUES (59, '1+bsd4+bsd1+bsd44', 'https://ai-image.weshop.com/20250917_1_7414e9aa-f219-4214-868a-1c1e278f41c3_1488x2048.png', '68ca51597af440cb455c43e6', '68ca5159cdf25c6b459ad372', '1', 88, 'https://ai-image.weshop.com/20250917_1_d538ddb0-9d30-49b6-ac05-9a6e64e34cd7_528x740.png', NULL, '2', '0', '', '2025-09-17 14:13:13', '', '2025-09-18 09:27:17', NULL);
INSERT INTO `we_ai_picture` VALUES (60, '1+bsd4+bsd1+bsd44', 'https://ai-image.weshop.com/20250917_1_1ff9e3fe-919d-4342-9d30-433789f7620d_1488x2048.png', '68ca51597af440cb455c43e6', '68ca5159cdf25c6b459ad372', '1', 88, 'https://ai-image.weshop.com/20250917_1_d538ddb0-9d30-49b6-ac05-9a6e64e34cd7_528x740.png', NULL, '2', '0', '', '2025-09-17 14:13:13', '', '2025-09-18 09:27:17', NULL);
INSERT INTO `we_ai_picture` VALUES (61, '1+bsd4+bsd1+bsd40', 'https://ai-image.weshop.com/20250917_1_14905493-5f34-40b9-b217-eb0109f57b37_1360x2048.png', '68ca5178cdf25c6b459ad37f', '68ca51787af440cb455c43ed', '1', 90, 'https://ai-image.weshop.com/20250917_1_39abb664-73fc-4a70-9983-4c79899e251f_528x773.png', NULL, '1', '0', '', '2025-09-17 14:13:39', '', '2025-09-18 09:27:17', NULL);
INSERT INTO `we_ai_picture` VALUES (62, '1+bsd4+bsd1+bsd40', 'https://ai-image.weshop.com/20250917_1_4ac89af0-1ead-4327-8f96-9e871f3e7292_1360x2048.png', '68ca5178cdf25c6b459ad37f', '68ca51787af440cb455c43ed', '1', 90, 'https://ai-image.weshop.com/20250917_1_39abb664-73fc-4a70-9983-4c79899e251f_528x773.png', NULL, '1', '0', '', '2025-09-17 14:13:39', '', '2025-09-18 09:27:17', NULL);
INSERT INTO `we_ai_picture` VALUES (63, '1+bsd4+bsd1+bsd40', 'https://ai-image.weshop.com/20250917_1_35509362-6743-427d-857a-e04b2e4f78e0_1360x2048.png', '68ca5178cdf25c6b459ad37f', '68ca51787af440cb455c43ed', '1', 90, 'https://ai-image.weshop.com/20250917_1_39abb664-73fc-4a70-9983-4c79899e251f_528x773.png', NULL, '1', '0', '', '2025-09-17 14:13:39', '', '2025-09-18 09:27:17', NULL);
INSERT INTO `we_ai_picture` VALUES (64, '1+bsd4+bsd1+bsd40', 'https://ai-image.weshop.com/20250917_1_0ea905e5-0aba-40f3-ac4b-7c807d940371_1360x2048.png', '68ca5178cdf25c6b459ad37f', '68ca51787af440cb455c43ed', '1', 90, 'https://ai-image.weshop.com/20250917_1_39abb664-73fc-4a70-9983-4c79899e251f_528x773.png', NULL, '1', '0', '', '2025-09-17 14:13:39', '', '2025-09-18 09:27:17', NULL);
INSERT INTO `we_ai_picture` VALUES (65, '1+bsd4+bsd1+bsd39', 'https://ai-image.weshop.com/20250917_1_e0f8445f-32c7-4f2a-ad86-681c2c169630_1592x2048.png', '68ca5192cdf25c6b459ad39d', '68ca51927af440cb455c4419', '1', 91, 'https://ai-image.weshop.com/20250917_1_b446ee3e-eba6-4cd9-ae56-0a31980ee07a_592x790.png', NULL, '2', '0', '', '2025-09-17 14:14:05', '', '2025-09-18 09:27:17', NULL);
INSERT INTO `we_ai_picture` VALUES (66, '1+bsd4+bsd1+bsd39', 'https://ai-image.weshop.com/20250917_1_a0408de3-bbd9-43af-8941-7d9cb10c16da_1592x2048.png', '68ca5192cdf25c6b459ad39d', '68ca51927af440cb455c4419', '1', 91, 'https://ai-image.weshop.com/20250917_1_b446ee3e-eba6-4cd9-ae56-0a31980ee07a_592x790.png', NULL, '1', '0', '', '2025-09-17 14:14:05', '', '2025-09-18 09:27:17', NULL);
INSERT INTO `we_ai_picture` VALUES (67, '1+bsd4+bsd1+bsd39', 'https://ai-image.weshop.com/20250917_1_85c0c910-e592-4d58-bcee-0bf16e2a9d2e_1592x2048.png', '68ca5192cdf25c6b459ad39d', '68ca51927af440cb455c4419', '1', 91, 'https://ai-image.weshop.com/20250917_1_b446ee3e-eba6-4cd9-ae56-0a31980ee07a_592x790.png', NULL, '1', '0', '', '2025-09-17 14:14:05', '', '2025-09-18 09:27:17', NULL);
INSERT INTO `we_ai_picture` VALUES (68, '1+bsd4+bsd1+bsd39', 'https://ai-image.weshop.com/20250917_1_2ff5ee37-afba-4e71-a983-30034307031e_1592x2048.png', '68ca5192cdf25c6b459ad39d', '68ca51927af440cb455c4419', '1', 91, 'https://ai-image.weshop.com/20250917_1_b446ee3e-eba6-4cd9-ae56-0a31980ee07a_592x790.png', NULL, '1', '0', '', '2025-09-17 14:14:05', '', '2025-09-18 09:27:17', NULL);
INSERT INTO `we_ai_picture` VALUES (69, '1+bsd4+bsd1+bsd38', 'https://ai-image.weshop.com/20250917_1_c63ef811-1194-4085-ada7-32bcdc976053_1488x2048.png', '68ca51ac7af440cb455c4435', '68ca51accdf25c6b459ad3a4', '1', 92, 'https://ai-image.weshop.com/20250917_1_8c14bee6-3bed-4419-8f80-3f6095f4ab52_560x798.png', NULL, '1', '0', '', '2025-09-17 14:14:41', '', '2025-09-18 09:27:17', NULL);
INSERT INTO `we_ai_picture` VALUES (70, '1+bsd4+bsd1+bsd38', 'https://ai-image.weshop.com/20250917_1_dbc08def-9288-4563-a52e-2e55e3771579_1488x2048.png', '68ca51ac7af440cb455c4435', '68ca51accdf25c6b459ad3a4', '1', 92, 'https://ai-image.weshop.com/20250917_1_8c14bee6-3bed-4419-8f80-3f6095f4ab52_560x798.png', NULL, '1', '0', '', '2025-09-17 14:14:41', '', '2025-09-18 09:27:17', NULL);
INSERT INTO `we_ai_picture` VALUES (71, '1+bsd4+bsd1+bsd38', 'https://ai-image.weshop.com/20250917_1_62cb5e48-c601-444c-97f7-3d1838ac1961_1488x2048.png', '68ca51ac7af440cb455c4435', '68ca51accdf25c6b459ad3a4', '1', 92, 'https://ai-image.weshop.com/20250917_1_8c14bee6-3bed-4419-8f80-3f6095f4ab52_560x798.png', NULL, '2', '0', '', '2025-09-17 14:14:41', '', '2025-09-18 09:27:17', NULL);
INSERT INTO `we_ai_picture` VALUES (72, '1+bsd4+bsd1+bsd38', 'https://ai-image.weshop.com/20250917_1_3889fe0f-eec3-4334-afc0-8793664a413b_1488x2048.png', '68ca51ac7af440cb455c4435', '68ca51accdf25c6b459ad3a4', '1', 92, 'https://ai-image.weshop.com/20250917_1_8c14bee6-3bed-4419-8f80-3f6095f4ab52_560x798.png', NULL, '2', '0', '', '2025-09-17 14:14:41', '', '2025-09-18 09:27:17', NULL);
INSERT INTO `we_ai_picture` VALUES (73, '1+bsd3+bsd1+bsd50', 'https://ai-image.weshop.com/20250917_1_c8a4a9a5-889c-44e6-a857-f852b00ee4d5_1360x2048.png', '68ca53cb7af440cb455c4517', '68ca53cbcdf25c6b459ad485', '1', 2, 'https://ai-image.weshop.com/20250917_1_732bd62e-2269-4851-a268-1afddfeca83b_568x830.png', NULL, '1', '0', '', '2025-09-17 14:23:35', '', '2025-09-18 09:27:17', NULL);
INSERT INTO `we_ai_picture` VALUES (74, '1+bsd3+bsd1+bsd50', 'https://ai-image.weshop.com/20250917_1_0f9fb05d-b916-4916-8284-c4ed911bcbe0_1360x2048.png', '68ca53cb7af440cb455c4517', '68ca53cbcdf25c6b459ad485', '1', 2, 'https://ai-image.weshop.com/20250917_1_732bd62e-2269-4851-a268-1afddfeca83b_568x830.png', NULL, '2', '0', '', '2025-09-17 14:23:35', '', '2025-09-18 09:27:17', NULL);
INSERT INTO `we_ai_picture` VALUES (75, '1+bsd3+bsd1+bsd50', 'https://ai-image.weshop.com/20250917_1_9a18f276-5b2b-4ddf-957d-027f3347998b_1360x2048.png', '68ca53cb7af440cb455c4517', '68ca53cbcdf25c6b459ad485', '1', 2, 'https://ai-image.weshop.com/20250917_1_732bd62e-2269-4851-a268-1afddfeca83b_568x830.png', NULL, '2', '0', '', '2025-09-17 14:23:35', '', '2025-09-18 09:27:17', NULL);
INSERT INTO `we_ai_picture` VALUES (76, '1+bsd3+bsd1+bsd50', 'https://ai-image.weshop.com/20250917_1_8300e1bb-f1ea-46c4-a687-be3be765f443_1360x2048.png', '68ca53cb7af440cb455c4517', '68ca53cbcdf25c6b459ad485', '1', 2, 'https://ai-image.weshop.com/20250917_1_732bd62e-2269-4851-a268-1afddfeca83b_568x830.png', NULL, '1', '0', '', '2025-09-17 14:23:35', '', '2025-09-18 09:27:17', NULL);
INSERT INTO `we_ai_picture` VALUES (77, '1+bsd3+bsd1+bsd48', 'https://ai-image.weshop.com/20250917_1_480b1f69-d128-4e04-ba01-95f960e6e9f3_1488x2048.png', '68ca53e67af440cb455c451a', '68ca53e6cdf25c6b459ad49d', '1', 3, 'https://ai-image.weshop.com/20250917_1_6f3266e6-ddc8-4582-b683-0e485a4a2c88_592x813.png', NULL, '1', '0', '', '2025-09-17 14:24:01', '', '2025-09-18 09:27:17', NULL);
INSERT INTO `we_ai_picture` VALUES (78, '1+bsd3+bsd1+bsd48', 'https://ai-image.weshop.com/20250917_1_ac1e6aa7-2546-467f-b2e3-504b9d59e356_1488x2048.png', '68ca53e67af440cb455c451a', '68ca53e6cdf25c6b459ad49d', '1', 3, 'https://ai-image.weshop.com/20250917_1_6f3266e6-ddc8-4582-b683-0e485a4a2c88_592x813.png', NULL, '1', '0', '', '2025-09-17 14:24:01', '', '2025-09-18 09:27:17', NULL);
INSERT INTO `we_ai_picture` VALUES (79, '1+bsd3+bsd1+bsd48', 'https://ai-image.weshop.com/20250917_1_993103cd-c884-449a-b97f-8317a11064e1_1488x2048.png', '68ca53e67af440cb455c451a', '68ca53e6cdf25c6b459ad49d', '1', 3, 'https://ai-image.weshop.com/20250917_1_6f3266e6-ddc8-4582-b683-0e485a4a2c88_592x813.png', NULL, '1', '0', '', '2025-09-17 14:24:01', '', '2025-09-18 09:27:17', NULL);
INSERT INTO `we_ai_picture` VALUES (80, '1+bsd3+bsd1+bsd48', 'https://ai-image.weshop.com/20250917_1_cc1aa15f-61fa-4314-9335-f17553fadf2a_1488x2048.png', '68ca53e67af440cb455c451a', '68ca53e6cdf25c6b459ad49d', '1', 3, 'https://ai-image.weshop.com/20250917_1_6f3266e6-ddc8-4582-b683-0e485a4a2c88_592x813.png', NULL, '1', '0', '', '2025-09-17 14:24:01', '', '2025-09-18 09:27:17', NULL);
INSERT INTO `we_ai_picture` VALUES (81, '1+bsd3+bsd1+bsd47', 'https://ai-image.weshop.com/20250917_1_f7184126-4816-4244-b8c4-4f08a042aa56_1592x2048.png', '68ca54007af440cb455c451c', '68ca5401cdf25c6b459ad4a7', '1', 4, 'https://ai-image.weshop.com/20250917_1_10c21c43-f31c-4196-badf-f02355ad0c30_544x695.png', NULL, '1', '0', '', '2025-09-17 14:24:27', '', '2025-09-18 09:27:17', NULL);
INSERT INTO `we_ai_picture` VALUES (82, '1+bsd3+bsd1+bsd47', 'https://ai-image.weshop.com/20250917_1_48f25c21-ef39-4d90-ac1e-7be45b3eb7be_1592x2048.png', '68ca54007af440cb455c451c', '68ca5401cdf25c6b459ad4a7', '1', 4, 'https://ai-image.weshop.com/20250917_1_10c21c43-f31c-4196-badf-f02355ad0c30_544x695.png', NULL, '2', '0', '', '2025-09-17 14:24:28', '', '2025-09-18 09:27:17', NULL);
INSERT INTO `we_ai_picture` VALUES (83, '1+bsd3+bsd1+bsd47', 'https://ai-image.weshop.com/20250917_1_4f4d612b-953a-4807-b2fa-0ebb3ea2917e_1592x2048.png', '68ca54007af440cb455c451c', '68ca5401cdf25c6b459ad4a7', '1', 4, 'https://ai-image.weshop.com/20250917_1_10c21c43-f31c-4196-badf-f02355ad0c30_544x695.png', NULL, '2', '0', '', '2025-09-17 14:24:28', '', '2025-09-18 09:27:17', NULL);
INSERT INTO `we_ai_picture` VALUES (84, '1+bsd3+bsd1+bsd47', 'https://ai-image.weshop.com/20250917_1_c2c93da6-5806-4ffa-9beb-d78fb4dbf4d1_1592x2048.png', '68ca54007af440cb455c451c', '68ca5401cdf25c6b459ad4a7', '1', 4, 'https://ai-image.weshop.com/20250917_1_10c21c43-f31c-4196-badf-f02355ad0c30_544x695.png', NULL, '2', '0', '', '2025-09-17 14:24:28', '', '2025-09-18 09:27:17', NULL);
INSERT INTO `we_ai_picture` VALUES (85, '1+bsd3+bsd1+bsd46', 'https://ai-image.weshop.com/20250917_1_ad75f715-83e7-4c66-873d-e834d851126f_1488x2048.png', '68ca541b7af440cb455c4531', '68ca541bcdf25c6b459ad4b4', '1', 5, 'https://ai-image.weshop.com/20250917_1_eb8e95c1-462f-47d1-9303-f77e364392e6_592x807.png', NULL, '1', '0', '', '2025-09-17 14:24:54', '', '2025-09-18 09:27:17', NULL);
INSERT INTO `we_ai_picture` VALUES (86, '1+bsd3+bsd1+bsd46', 'https://ai-image.weshop.com/20250917_1_72158c56-f33b-4dfa-8d9c-3261fc255f0e_1488x2048.png', '68ca541b7af440cb455c4531', '68ca541bcdf25c6b459ad4b4', '1', 5, 'https://ai-image.weshop.com/20250917_1_eb8e95c1-462f-47d1-9303-f77e364392e6_592x807.png', NULL, '2', '0', '', '2025-09-17 14:24:54', '', '2025-09-18 09:27:17', NULL);
INSERT INTO `we_ai_picture` VALUES (87, '1+bsd3+bsd1+bsd46', 'https://ai-image.weshop.com/20250917_1_6f076316-3928-4bef-a4f9-61a2304b69c2_1488x2048.png', '68ca541b7af440cb455c4531', '68ca541bcdf25c6b459ad4b4', '1', 5, 'https://ai-image.weshop.com/20250917_1_eb8e95c1-462f-47d1-9303-f77e364392e6_592x807.png', NULL, '2', '0', '', '2025-09-17 14:24:54', '', '2025-09-18 09:27:17', NULL);
INSERT INTO `we_ai_picture` VALUES (88, '1+bsd3+bsd1+bsd46', 'https://ai-image.weshop.com/20250917_1_83324e2b-a18d-41b9-b6ab-5ffdeed948a7_1488x2048.png', '68ca541b7af440cb455c4531', '68ca541bcdf25c6b459ad4b4', '1', 5, 'https://ai-image.weshop.com/20250917_1_eb8e95c1-462f-47d1-9303-f77e364392e6_592x807.png', NULL, '2', '0', '', '2025-09-17 14:24:54', '', '2025-09-18 09:27:17', NULL);
INSERT INTO `we_ai_picture` VALUES (89, '1+bsd3+bsd1+bsd44', 'https://ai-image.weshop.com/20250917_1_48b152e4-7f5b-4cfd-828a-0d0a4966ea16_1488x2048.png', '68ca5436cdf25c6b459ad4c2', '68ca54367af440cb455c4532', '1', 6, 'https://ai-image.weshop.com/20250917_1_90467f05-c5f4-4306-8156-2822fbd84a37_544x769.png', NULL, '1', '0', '', '2025-09-17 14:25:21', '', '2025-09-18 09:27:17', NULL);
INSERT INTO `we_ai_picture` VALUES (90, '1+bsd3+bsd1+bsd44', 'https://ai-image.weshop.com/20250917_1_54bce721-c122-422c-9b19-70030db53bc7_1488x2048.png', '68ca5436cdf25c6b459ad4c2', '68ca54367af440cb455c4532', '1', 6, 'https://ai-image.weshop.com/20250917_1_90467f05-c5f4-4306-8156-2822fbd84a37_544x769.png', NULL, '1', '0', '', '2025-09-17 14:25:21', '', '2025-09-18 09:27:17', NULL);
INSERT INTO `we_ai_picture` VALUES (91, '1+bsd3+bsd1+bsd44', 'https://ai-image.weshop.com/20250917_1_de2ae49e-cd25-473d-ba6a-77cd350a04a6_1488x2048.png', '68ca5436cdf25c6b459ad4c2', '68ca54367af440cb455c4532', '1', 6, 'https://ai-image.weshop.com/20250917_1_90467f05-c5f4-4306-8156-2822fbd84a37_544x769.png', NULL, '1', '0', '', '2025-09-17 14:25:21', '', '2025-09-18 09:27:17', NULL);
INSERT INTO `we_ai_picture` VALUES (92, '1+bsd3+bsd1+bsd44', 'https://ai-image.weshop.com/20250917_1_9784a1f6-d2ce-4fc2-b5fb-04d533fc169b_1488x2048.png', '68ca5436cdf25c6b459ad4c2', '68ca54367af440cb455c4532', '1', 6, 'https://ai-image.weshop.com/20250917_1_90467f05-c5f4-4306-8156-2822fbd84a37_544x769.png', NULL, '2', '0', '', '2025-09-17 14:25:21', '', '2025-09-18 09:27:17', NULL);
INSERT INTO `we_ai_picture` VALUES (93, '1+bsd3+bsd1+bsd40', 'https://ai-image.weshop.com/20250917_1_98017544-3984-4cd8-83f4-24ee4f252cfc_1360x2048.png', '68ca5450cdf25c6b459ad4cd', '68ca54507af440cb455c453f', '1', 8, 'https://ai-image.weshop.com/20250917_1_884cf52c-7489-4530-943e-5a29fec7c2ae_544x802.png', NULL, '1', '0', '', '2025-09-17 14:25:47', '', '2025-09-18 09:27:17', NULL);
INSERT INTO `we_ai_picture` VALUES (94, '1+bsd3+bsd1+bsd40', 'https://ai-image.weshop.com/20250917_1_b7de3960-2dcb-4fbe-920d-c324cf834d0c_1360x2048.png', '68ca5450cdf25c6b459ad4cd', '68ca54507af440cb455c453f', '1', 8, 'https://ai-image.weshop.com/20250917_1_884cf52c-7489-4530-943e-5a29fec7c2ae_544x802.png', NULL, '1', '0', '', '2025-09-17 14:25:47', '', '2025-09-18 09:27:17', NULL);
INSERT INTO `we_ai_picture` VALUES (95, '1+bsd3+bsd1+bsd40', 'https://ai-image.weshop.com/20250917_1_a29c1701-d977-4964-9c05-41349af835c0_1360x2048.png', '68ca5450cdf25c6b459ad4cd', '68ca54507af440cb455c453f', '1', 8, 'https://ai-image.weshop.com/20250917_1_884cf52c-7489-4530-943e-5a29fec7c2ae_544x802.png', NULL, '1', '0', '', '2025-09-17 14:25:47', '', '2025-09-18 09:27:17', NULL);
INSERT INTO `we_ai_picture` VALUES (96, '1+bsd3+bsd1+bsd40', 'https://ai-image.weshop.com/20250917_1_925d260d-9732-423b-b20f-accd9c1b7775_1360x2048.png', '68ca5450cdf25c6b459ad4cd', '68ca54507af440cb455c453f', '1', 8, 'https://ai-image.weshop.com/20250917_1_884cf52c-7489-4530-943e-5a29fec7c2ae_544x802.png', NULL, '2', '0', '', '2025-09-17 14:25:47', '', '2025-09-18 09:27:17', NULL);
INSERT INTO `we_ai_picture` VALUES (97, '1+bsd3+bsd1+bsd39', 'https://ai-image.weshop.com/20250917_1_6ed7454c-6531-4e9e-9938-d8be231da9d5_1592x2048.png', '68ca546b7af440cb455c4549', '68ca546bcdf25c6b459ad4ce', '1', 9, 'https://ai-image.weshop.com/20250917_1_7a0d3a68-b840-4764-a661-a306d5e88ebd_624x830.png', NULL, '2', '0', '', '2025-09-17 14:26:19', '', '2025-09-18 09:27:17', NULL);
INSERT INTO `we_ai_picture` VALUES (98, '1+bsd3+bsd1+bsd39', 'https://ai-image.weshop.com/20250917_1_26c37764-e424-420b-b354-50d4ac3c32f8_1592x2048.png', '68ca546b7af440cb455c4549', '68ca546bcdf25c6b459ad4ce', '1', 9, 'https://ai-image.weshop.com/20250917_1_7a0d3a68-b840-4764-a661-a306d5e88ebd_624x830.png', NULL, '1', '0', '', '2025-09-17 14:26:19', '', '2025-09-18 09:27:17', NULL);
INSERT INTO `we_ai_picture` VALUES (99, '1+bsd3+bsd1+bsd39', 'https://ai-image.weshop.com/20250917_1_edfa5c7c-7207-4e9a-a69c-ffdbdf53faa5_1592x2048.png', '68ca546b7af440cb455c4549', '68ca546bcdf25c6b459ad4ce', '1', 9, 'https://ai-image.weshop.com/20250917_1_7a0d3a68-b840-4764-a661-a306d5e88ebd_624x830.png', NULL, '1', '0', '', '2025-09-17 14:26:19', '', '2025-09-18 09:27:17', NULL);
INSERT INTO `we_ai_picture` VALUES (100, '1+bsd3+bsd1+bsd39', 'https://ai-image.weshop.com/20250917_1_872c5292-4e43-4591-a9aa-7c0be5b8c9f4_1592x2048.png', '68ca546b7af440cb455c4549', '68ca546bcdf25c6b459ad4ce', '1', 9, 'https://ai-image.weshop.com/20250917_1_7a0d3a68-b840-4764-a661-a306d5e88ebd_624x830.png', NULL, '1', '0', '', '2025-09-17 14:26:19', '', '2025-09-18 09:27:17', NULL);
INSERT INTO `we_ai_picture` VALUES (105, '2+tan3d1+tan1+tan22', 'https://ai-image.weshop.com/20250917_1_18e67e11-f3f3-4659-b29e-14242a311ff9_1488x2048.png', '68ca6f7b7af440cb455c4d51', '68ca6f7bcdf25c6b459add3f', '2', 247, 'https://ai-image.weshop.com/20250917_1_a8645586-cb00-401d-910b-d14b432e6ae1_1400x1864.png', NULL, '2', '0', '', '2025-09-17 16:21:52', '', '2025-09-18 09:14:15', NULL);
INSERT INTO `we_ai_picture` VALUES (106, '2+tan3d1+tan1+tan22', 'https://ai-image.weshop.com/20250917_1_da381a48-1ca6-41ec-8c73-15e51ec3c50a_1488x2048.png', '68ca6f7b7af440cb455c4d51', '68ca6f7bcdf25c6b459add3f', '2', 247, 'https://ai-image.weshop.com/20250917_1_a8645586-cb00-401d-910b-d14b432e6ae1_1400x1864.png', NULL, '2', '0', '', '2025-09-17 16:21:52', '', '2025-09-18 09:14:16', NULL);
INSERT INTO `we_ai_picture` VALUES (107, '2+tan3d1+tan1+tan22', 'https://ai-image.weshop.com/20250917_1_4c64da75-6797-46b7-9692-705ccc209d53_1488x2048.png', '68ca6f7b7af440cb455c4d51', '68ca6f7bcdf25c6b459add3f', '2', 247, 'https://ai-image.weshop.com/20250917_1_a8645586-cb00-401d-910b-d14b432e6ae1_1400x1864.png', NULL, '1', '0', '', '2025-09-17 16:21:52', '', '2025-09-18 09:14:16', NULL);
INSERT INTO `we_ai_picture` VALUES (108, '2+tan3d1+tan1+tan22', 'https://ai-image.weshop.com/20250917_1_e2aabcb6-d45b-480a-88a2-1794977446d2_1488x2048.png', '68ca6f7b7af440cb455c4d51', '68ca6f7bcdf25c6b459add3f', '2', 247, 'https://ai-image.weshop.com/20250917_1_a8645586-cb00-401d-910b-d14b432e6ae1_1400x1864.png', NULL, '1', '0', '', '2025-09-17 16:21:52', '', '2025-09-18 09:14:16', NULL);
INSERT INTO `we_ai_picture` VALUES (109, '2+tan3d1+tan1+tan96', 'https://ai-image.weshop.com/20250917_1_171a6296-b298-4e34-879a-9ccf4436babd_1592x2048.png', '68ca6fa17af440cb455c4d65', '68ca6fa17af440cb455c4d66', '2', 248, 'https://ai-image.weshop.com/20250917_1_75fcdb60-8511-4ce0-bf1e-50adbbda3da1_1632x2048.png', NULL, '2', '0', '', '2025-09-17 16:22:26', '', '2025-09-18 09:14:16', NULL);
INSERT INTO `we_ai_picture` VALUES (110, '2+tan3d1+tan1+tan96', 'https://ai-image.weshop.com/20250917_1_9b1888d0-3be1-4010-ac32-6e87de676bb6_1592x2048.png', '68ca6fa17af440cb455c4d65', '68ca6fa17af440cb455c4d66', '2', 248, 'https://ai-image.weshop.com/20250917_1_75fcdb60-8511-4ce0-bf1e-50adbbda3da1_1632x2048.png', NULL, '2', '0', '', '2025-09-17 16:22:26', '', '2025-09-18 09:14:16', NULL);
INSERT INTO `we_ai_picture` VALUES (111, '2+tan3d1+tan1+tan96', 'https://ai-image.weshop.com/20250917_1_d921c95e-7e17-4e3b-89ae-c1d20db69a54_1592x2048.png', '68ca6fa17af440cb455c4d65', '68ca6fa17af440cb455c4d66', '2', 248, 'https://ai-image.weshop.com/20250917_1_75fcdb60-8511-4ce0-bf1e-50adbbda3da1_1632x2048.png', NULL, '2', '0', '', '2025-09-17 16:22:26', '', '2025-09-18 09:14:16', NULL);
INSERT INTO `we_ai_picture` VALUES (112, '2+tan3d1+tan1+tan96', 'https://ai-image.weshop.com/20250917_1_4ed26733-7547-4bec-a12f-8a3bc5b24d6f_1592x2048.png', '68ca6fa17af440cb455c4d65', '68ca6fa17af440cb455c4d66', '2', 248, 'https://ai-image.weshop.com/20250917_1_75fcdb60-8511-4ce0-bf1e-50adbbda3da1_1632x2048.png', NULL, '2', '0', '', '2025-09-17 16:22:26', '', '2025-09-18 09:14:16', NULL);
INSERT INTO `we_ai_picture` VALUES (113, '2+tan3d1+tan1+tan90', 'https://ai-image.weshop.com/20250917_1_5c514c44-99c8-4851-877f-deb1b34a10c6_1592x2048.png', '68ca6fc27af440cb455c4d70', '68ca6fc3cdf25c6b459add4b', '2', 249, 'https://ai-image.weshop.com/20250917_1_a5c7812b-a44f-41bc-b983-451e232bf482_1640x2048.png', NULL, '2', '0', '', '2025-09-17 16:23:04', '', '2025-09-18 09:14:16', NULL);
INSERT INTO `we_ai_picture` VALUES (114, '2+tan3d1+tan1+tan90', 'https://ai-image.weshop.com/20250917_1_dc9c8015-f3ca-44dd-9532-1dd1efee4eb5_1592x2048.png', '68ca6fc27af440cb455c4d70', '68ca6fc3cdf25c6b459add4b', '2', 249, 'https://ai-image.weshop.com/20250917_1_a5c7812b-a44f-41bc-b983-451e232bf482_1640x2048.png', NULL, '2', '0', '', '2025-09-17 16:23:04', '', '2025-09-18 09:14:16', NULL);
INSERT INTO `we_ai_picture` VALUES (115, '2+tan3d1+tan1+tan90', 'https://ai-image.weshop.com/20250917_1_0991de2f-6dc8-49e8-a677-5b28d9805c9e_1592x2048.png', '68ca6fc27af440cb455c4d70', '68ca6fc3cdf25c6b459add4b', '2', 249, 'https://ai-image.weshop.com/20250917_1_a5c7812b-a44f-41bc-b983-451e232bf482_1640x2048.png', NULL, '2', '0', '', '2025-09-17 16:23:04', '', '2025-09-18 09:14:16', NULL);
INSERT INTO `we_ai_picture` VALUES (116, '2+tan3d1+tan1+tan90', 'https://ai-image.weshop.com/20250917_1_297cff35-2fd0-4da7-b3f9-eb631bfdac08_1592x2048.png', '68ca6fc27af440cb455c4d70', '68ca6fc3cdf25c6b459add4b', '2', 249, 'https://ai-image.weshop.com/20250917_1_a5c7812b-a44f-41bc-b983-451e232bf482_1640x2048.png', NULL, '2', '0', '', '2025-09-17 16:23:04', '', '2025-09-18 09:14:16', NULL);
INSERT INTO `we_ai_picture` VALUES (117, '2+tan3d1+tan1+tan54', 'https://ai-image.weshop.com/20250917_1_28cdabf9-c948-4fae-acc4-b46a624facbd_1168x2048.png', '68ca70aa7af440cb455c4d84', '68ca70aacdf25c6b459add84', '2', 251, 'https://ai-image.weshop.com/20250917_1_c748a905-a02c-4d99-aaf7-89f9de41e354_824x1472.png', NULL, '1', '0', '', '2025-09-17 16:26:45', '', '2025-09-18 09:14:16', NULL);
INSERT INTO `we_ai_picture` VALUES (118, '2+tan3d1+tan1+tan54', 'https://ai-image.weshop.com/20250917_1_40721f8b-7b8c-417d-90d4-6bda98b0b38b_1168x2048.png', '68ca70aa7af440cb455c4d84', '68ca70aacdf25c6b459add84', '2', 251, 'https://ai-image.weshop.com/20250917_1_c748a905-a02c-4d99-aaf7-89f9de41e354_824x1472.png', NULL, '1', '0', '', '2025-09-17 16:26:45', '', '2025-09-18 09:14:16', NULL);
INSERT INTO `we_ai_picture` VALUES (119, '2+tan3d1+tan1+tan54', 'https://ai-image.weshop.com/20250917_1_145c3159-f2a0-4982-b759-3ac02f73a294_1168x2048.png', '68ca70aa7af440cb455c4d84', '68ca70aacdf25c6b459add84', '2', 251, 'https://ai-image.weshop.com/20250917_1_c748a905-a02c-4d99-aaf7-89f9de41e354_824x1472.png', NULL, '2', '0', '', '2025-09-17 16:26:45', '', '2025-09-18 09:14:16', NULL);
INSERT INTO `we_ai_picture` VALUES (120, '2+tan3d1+tan1+tan54', 'https://ai-image.weshop.com/20250917_1_bbd279b4-6d73-458a-9f59-34644da3d7a2_1168x2048.png', '68ca70aa7af440cb455c4d84', '68ca70aacdf25c6b459add84', '2', 251, 'https://ai-image.weshop.com/20250917_1_c748a905-a02c-4d99-aaf7-89f9de41e354_824x1472.png', NULL, '2', '0', '', '2025-09-17 16:26:45', '', '2025-09-18 09:14:16', NULL);
INSERT INTO `we_ai_picture` VALUES (121, '2+tan3d1+tan1+tan28', 'https://ai-image.weshop.com/20250917_1_821a2fef-c873-428e-9742-c4ad450b7f2c_1488x2048.png', '68ca70c5cdf25c6b459add9c', '68ca70c5cdf25c6b459add9d', '2', 252, 'https://ai-image.weshop.com/20250917_1_a294221e-0916-4dba-8683-52edf3114593_1056x1408.png', NULL, '1', '0', '', '2025-09-17 16:27:17', '', '2025-09-18 09:14:16', NULL);
INSERT INTO `we_ai_picture` VALUES (122, '2+tan3d1+tan1+tan28', 'https://ai-image.weshop.com/20250917_1_3a7d2049-9364-478e-976e-4c456074aa0f_1488x2048.png', '68ca70c5cdf25c6b459add9c', '68ca70c5cdf25c6b459add9d', '2', 252, 'https://ai-image.weshop.com/20250917_1_a294221e-0916-4dba-8683-52edf3114593_1056x1408.png', NULL, '1', '0', '', '2025-09-17 16:27:17', '', '2025-09-18 09:14:16', NULL);
INSERT INTO `we_ai_picture` VALUES (123, '2+tan3d1+tan1+tan28', 'https://ai-image.weshop.com/20250917_1_0fe4f4f2-f375-42e2-a88f-452fe2a08845_1488x2048.png', '68ca70c5cdf25c6b459add9c', '68ca70c5cdf25c6b459add9d', '2', 252, 'https://ai-image.weshop.com/20250917_1_a294221e-0916-4dba-8683-52edf3114593_1056x1408.png', NULL, '2', '0', '', '2025-09-17 16:27:17', '', '2025-09-18 09:14:16', NULL);
INSERT INTO `we_ai_picture` VALUES (124, '2+tan3d1+tan1+tan28', 'https://ai-image.weshop.com/20250917_1_881b3ae7-ce9e-41d9-99e1-7fc38f221841_1488x2048.png', '68ca70c5cdf25c6b459add9c', '68ca70c5cdf25c6b459add9d', '2', 252, 'https://ai-image.weshop.com/20250917_1_a294221e-0916-4dba-8683-52edf3114593_1056x1408.png', NULL, '2', '0', '', '2025-09-17 16:27:17', '', '2025-09-18 09:14:16', NULL);
INSERT INTO `we_ai_picture` VALUES (125, '2+tan3d1+tan1+tan27', 'https://ai-image.weshop.com/20250917_1_507fde4b-ed1c-435d-a0be-7e0929c8e6bd_1488x2048.png', '68ca70e5cdf25c6b459addb1', '68ca70e67af440cb455c4d8e', '2', 253, 'https://ai-image.weshop.com/20250917_1_ee4d3312-c8b5-49a4-a605-522659d0c89c_1456x2048.png', NULL, '2', '0', '', '2025-09-17 16:27:50', '', '2025-09-18 09:14:16', NULL);
INSERT INTO `we_ai_picture` VALUES (126, '2+tan3d1+tan1+tan27', 'https://ai-image.weshop.com/20250917_1_afdf6336-83a7-496e-9702-978f791e2b88_1488x2048.png', '68ca70e5cdf25c6b459addb1', '68ca70e67af440cb455c4d8e', '2', 253, 'https://ai-image.weshop.com/20250917_1_ee4d3312-c8b5-49a4-a605-522659d0c89c_1456x2048.png', NULL, '2', '0', '', '2025-09-17 16:27:50', '', '2025-09-18 09:14:16', NULL);
INSERT INTO `we_ai_picture` VALUES (127, '2+tan3d1+tan1+tan27', 'https://ai-image.weshop.com/20250917_1_fcd0b198-7069-48a0-9b06-4368c8dd089c_1488x2048.png', '68ca70e5cdf25c6b459addb1', '68ca70e67af440cb455c4d8e', '2', 253, 'https://ai-image.weshop.com/20250917_1_ee4d3312-c8b5-49a4-a605-522659d0c89c_1456x2048.png', NULL, '2', '0', '', '2025-09-17 16:27:50', '', '2025-09-18 09:14:16', NULL);
INSERT INTO `we_ai_picture` VALUES (128, '2+tan3d1+tan1+tan27', 'https://ai-image.weshop.com/20250917_1_2783bb61-dd90-4f54-9aae-10c3aaa13ac4_1488x2048.png', '68ca70e5cdf25c6b459addb1', '68ca70e67af440cb455c4d8e', '2', 253, 'https://ai-image.weshop.com/20250917_1_ee4d3312-c8b5-49a4-a605-522659d0c89c_1456x2048.png', NULL, '1', '0', '', '2025-09-17 16:27:50', '', '2025-09-18 09:14:16', NULL);
INSERT INTO `we_ai_picture` VALUES (129, '2+tan3d1+tan1+tan49', 'https://ai-image.weshop.com/20250917_1_671cac5d-79e7-403e-aa6e-5c3cf2dc7014_1488x2048.png', '68ca71067af440cb455c4d99', '68ca7106cdf25c6b459addb2', '2', 254, 'https://ai-image.weshop.com/20250917_1_2dbbf039-168f-4d2c-a825-c6a48a9cd628_1368x1824.png', NULL, '2', '0', '', '2025-09-17 16:28:22', '', '2025-09-18 09:14:16', NULL);
INSERT INTO `we_ai_picture` VALUES (130, '2+tan3d1+tan1+tan49', 'https://ai-image.weshop.com/20250917_1_9b0ee2a9-4f92-4ac9-8055-8a827ee927c9_1488x2048.png', '68ca71067af440cb455c4d99', '68ca7106cdf25c6b459addb2', '2', 254, 'https://ai-image.weshop.com/20250917_1_2dbbf039-168f-4d2c-a825-c6a48a9cd628_1368x1824.png', NULL, '2', '0', '', '2025-09-17 16:28:22', '', '2025-09-18 09:14:16', NULL);
INSERT INTO `we_ai_picture` VALUES (131, '2+tan3d1+tan1+tan49', 'https://ai-image.weshop.com/20250917_1_410320da-38aa-4976-b20c-fa467adb3ea9_1488x2048.png', '68ca71067af440cb455c4d99', '68ca7106cdf25c6b459addb2', '2', 254, 'https://ai-image.weshop.com/20250917_1_2dbbf039-168f-4d2c-a825-c6a48a9cd628_1368x1824.png', NULL, '2', '0', '', '2025-09-17 16:28:22', '', '2025-09-18 09:14:16', NULL);
INSERT INTO `we_ai_picture` VALUES (132, '2+tan3d1+tan1+tan49', 'https://ai-image.weshop.com/20250917_1_e06aca58-a6eb-4334-8ea5-e8b9f2d1debf_1488x2048.png', '68ca71067af440cb455c4d99', '68ca7106cdf25c6b459addb2', '2', 254, 'https://ai-image.weshop.com/20250917_1_2dbbf039-168f-4d2c-a825-c6a48a9cd628_1368x1824.png', NULL, '2', '0', '', '2025-09-17 16:28:22', '', '2025-09-18 09:14:16', NULL);
INSERT INTO `we_ai_picture` VALUES (133, '2+tan3d2+tan1+tan22', 'https://ai-image.weshop.com/20250917_1_ad254ce6-3cf6-4395-8326-4338ee85ec63_1488x2048.png', '68ca7127cdf25c6b459addbe', '68ca71277af440cb455c4da0', '2', 255, 'https://ai-image.weshop.com/20250917_1_667a8300-c1d7-4115-b012-48077610a080_1376x1832.png', NULL, '1', '0', '', '2025-09-17 16:28:57', '', '2025-09-18 09:14:16', NULL);
INSERT INTO `we_ai_picture` VALUES (134, '2+tan3d2+tan1+tan22', 'https://ai-image.weshop.com/20250917_1_fa471ab1-e23e-42d5-8470-bea9a21ecbe1_1488x2048.png', '68ca7127cdf25c6b459addbe', '68ca71277af440cb455c4da0', '2', 255, 'https://ai-image.weshop.com/20250917_1_667a8300-c1d7-4115-b012-48077610a080_1376x1832.png', NULL, '1', '0', '', '2025-09-17 16:28:57', '', '2025-09-18 09:14:16', NULL);
INSERT INTO `we_ai_picture` VALUES (135, '2+tan3d2+tan1+tan22', 'https://ai-image.weshop.com/20250917_1_d6dd1a44-ecdd-4bd5-abe1-6e75067342cf_1488x2048.png', '68ca7127cdf25c6b459addbe', '68ca71277af440cb455c4da0', '2', 255, 'https://ai-image.weshop.com/20250917_1_667a8300-c1d7-4115-b012-48077610a080_1376x1832.png', NULL, '1', '0', '', '2025-09-17 16:28:57', '', '2025-09-18 09:14:16', NULL);
INSERT INTO `we_ai_picture` VALUES (136, '2+tan3d2+tan1+tan22', 'https://ai-image.weshop.com/20250917_1_afdeddd6-0b90-4f18-920d-a30426d8e024_1488x2048.png', '68ca7127cdf25c6b459addbe', '68ca71277af440cb455c4da0', '2', 255, 'https://ai-image.weshop.com/20250917_1_667a8300-c1d7-4115-b012-48077610a080_1376x1832.png', NULL, '2', '0', '', '2025-09-17 16:28:57', '', '2025-09-18 09:14:16', NULL);
INSERT INTO `we_ai_picture` VALUES (137, '2+tan3d2+tan1+tan96', 'https://ai-image.weshop.com/20250917_1_4d20ea57-7ae9-4b5d-bc2d-e8a60e4435e6_1592x2048.png', '68ca714a7af440cb455c4dbe', '68ca714acdf25c6b459addd1', '2', 256, 'https://ai-image.weshop.com/20250917_1_3a5b2464-68b9-40c2-a04c-eb5cd05f1b80_1632x2048.png', NULL, '2', '0', '', '2025-09-17 16:29:36', '', '2025-09-18 09:14:16', NULL);
INSERT INTO `we_ai_picture` VALUES (138, '2+tan3d2+tan1+tan96', 'https://ai-image.weshop.com/20250917_1_b237faa7-c14e-4e9c-be61-f0014dd944c9_1592x2048.png', '68ca714a7af440cb455c4dbe', '68ca714acdf25c6b459addd1', '2', 256, 'https://ai-image.weshop.com/20250917_1_3a5b2464-68b9-40c2-a04c-eb5cd05f1b80_1632x2048.png', NULL, '2', '0', '', '2025-09-17 16:29:36', '', '2025-09-18 09:14:16', NULL);
INSERT INTO `we_ai_picture` VALUES (139, '2+tan3d2+tan1+tan96', 'https://ai-image.weshop.com/20250917_1_d41881ae-1127-4309-9465-cbe6e3db4f25_1592x2048.png', '68ca714a7af440cb455c4dbe', '68ca714acdf25c6b459addd1', '2', 256, 'https://ai-image.weshop.com/20250917_1_3a5b2464-68b9-40c2-a04c-eb5cd05f1b80_1632x2048.png', NULL, '1', '0', '', '2025-09-17 16:29:36', '', '2025-09-18 09:14:16', NULL);
INSERT INTO `we_ai_picture` VALUES (140, '2+tan3d2+tan1+tan96', 'https://ai-image.weshop.com/20250917_1_9a6cf62a-11f7-45b7-a92d-c0826b7d9042_1592x2048.png', '68ca714a7af440cb455c4dbe', '68ca714acdf25c6b459addd1', '2', 256, 'https://ai-image.weshop.com/20250917_1_3a5b2464-68b9-40c2-a04c-eb5cd05f1b80_1632x2048.png', NULL, '2', '0', '', '2025-09-17 16:29:36', '', '2025-09-18 09:14:16', NULL);
INSERT INTO `we_ai_picture` VALUES (141, '2+tan3d2+tan1+tan90', 'https://ai-image.weshop.com/20250917_1_0ff7d1be-0706-4441-9f20-2b7fc4d11028_1592x2048.png', '68ca7171cdf25c6b459adde5', '68ca71717af440cb455c4dcb', '2', 257, 'https://ai-image.weshop.com/20250917_1_0fee5c94-684f-4a4e-b665-6e8e34d19f5b_1640x2048.png', NULL, '2', '0', '', '2025-09-17 16:30:09', '', '2025-09-18 09:14:16', NULL);
INSERT INTO `we_ai_picture` VALUES (142, '2+tan3d2+tan1+tan90', 'https://ai-image.weshop.com/20250917_1_4b8db29d-87d5-46da-905a-d59e08353352_1592x2048.png', '68ca7171cdf25c6b459adde5', '68ca71717af440cb455c4dcb', '2', 257, 'https://ai-image.weshop.com/20250917_1_0fee5c94-684f-4a4e-b665-6e8e34d19f5b_1640x2048.png', NULL, '2', '0', '', '2025-09-17 16:30:09', '', '2025-09-18 09:14:16', NULL);
INSERT INTO `we_ai_picture` VALUES (143, '2+tan3d2+tan1+tan90', 'https://ai-image.weshop.com/20250917_1_13f4d429-34a6-4286-9ca7-ec37425d724c_1592x2048.png', '68ca7171cdf25c6b459adde5', '68ca71717af440cb455c4dcb', '2', 257, 'https://ai-image.weshop.com/20250917_1_0fee5c94-684f-4a4e-b665-6e8e34d19f5b_1640x2048.png', NULL, '2', '0', '', '2025-09-17 16:30:09', '', '2025-09-18 09:14:16', NULL);
INSERT INTO `we_ai_picture` VALUES (144, '2+tan3d2+tan1+tan90', 'https://ai-image.weshop.com/20250917_1_9552e501-810a-4ee5-9864-8ed118f44a9b_1592x2048.png', '68ca7171cdf25c6b459adde5', '68ca71717af440cb455c4dcb', '2', 257, 'https://ai-image.weshop.com/20250917_1_0fee5c94-684f-4a4e-b665-6e8e34d19f5b_1640x2048.png', NULL, '2', '0', '', '2025-09-17 16:30:09', '', '2025-09-18 09:14:16', NULL);
INSERT INTO `we_ai_picture` VALUES (145, '2+tan3d2+tan1+tan59', 'https://ai-image.weshop.com/20250917_1_a5d8071b-4277-487d-b9d2-3890e6a569ea_2048x2048.png', '68ca71927af440cb455c4dd8', '68ca71927af440cb455c4dd9', '2', 258, 'https://ai-image.weshop.com/20250917_1_03802f3e-0b94-4210-a020-db84d37fdaa3_1744x1752.png', NULL, '2', '0', '', '2025-09-17 16:30:47', '', '2025-09-18 09:14:16', NULL);
INSERT INTO `we_ai_picture` VALUES (146, '2+tan3d2+tan1+tan59', 'https://ai-image.weshop.com/20250917_1_89f90ce8-1622-4c46-a606-1631551cfdb8_2048x2048.png', '68ca71927af440cb455c4dd8', '68ca71927af440cb455c4dd9', '2', 258, 'https://ai-image.weshop.com/20250917_1_03802f3e-0b94-4210-a020-db84d37fdaa3_1744x1752.png', NULL, '2', '0', '', '2025-09-17 16:30:47', '', '2025-09-18 09:14:16', NULL);
INSERT INTO `we_ai_picture` VALUES (147, '2+tan3d2+tan1+tan59', 'https://ai-image.weshop.com/20250917_1_0590879a-acaa-4ffc-a123-8e32dbb2ec25_2048x2048.png', '68ca71927af440cb455c4dd8', '68ca71927af440cb455c4dd9', '2', 258, 'https://ai-image.weshop.com/20250917_1_03802f3e-0b94-4210-a020-db84d37fdaa3_1744x1752.png', NULL, '2', '0', '', '2025-09-17 16:30:47', '', '2025-09-18 09:14:16', NULL);
INSERT INTO `we_ai_picture` VALUES (148, '2+tan3d2+tan1+tan59', 'https://ai-image.weshop.com/20250917_1_98423545-cf15-4533-98f9-df5a49a7bf20_2048x2048.png', '68ca71927af440cb455c4dd8', '68ca71927af440cb455c4dd9', '2', 258, 'https://ai-image.weshop.com/20250917_1_03802f3e-0b94-4210-a020-db84d37fdaa3_1744x1752.png', NULL, '2', '0', '', '2025-09-17 16:30:47', '', '2025-09-18 09:14:16', NULL);
INSERT INTO `we_ai_picture` VALUES (149, '2+tan3d3+tan1+tan22', 'https://ai-image.weshop.com/20250917_1_5815cf69-52bb-48d9-954f-2c6cd48e805a_1592x2048.png', '68ca71b8cdf25c6b459addf2', '68ca71b87af440cb455c4de9', '2', 263, 'https://ai-image.weshop.com/20250917_1_4f989f3c-76d9-4c2f-8119-39dbf3939b55_1400x1856.png', NULL, '2', '0', '', '2025-09-17 16:31:25', '', '2025-09-18 09:14:16', NULL);
INSERT INTO `we_ai_picture` VALUES (150, '2+tan3d3+tan1+tan22', 'https://ai-image.weshop.com/20250917_1_ffe87a47-5637-4496-b66d-ab637f838b7a_1592x2048.png', '68ca71b8cdf25c6b459addf2', '68ca71b87af440cb455c4de9', '2', 263, 'https://ai-image.weshop.com/20250917_1_4f989f3c-76d9-4c2f-8119-39dbf3939b55_1400x1856.png', NULL, '1', '0', '', '2025-09-17 16:31:25', '', '2025-09-18 09:14:16', NULL);
INSERT INTO `we_ai_picture` VALUES (151, '2+tan3d3+tan1+tan22', 'https://ai-image.weshop.com/20250917_1_a834d099-bba2-4b13-a16b-20a0c58ee041_1592x2048.png', '68ca71b8cdf25c6b459addf2', '68ca71b87af440cb455c4de9', '2', 263, 'https://ai-image.weshop.com/20250917_1_4f989f3c-76d9-4c2f-8119-39dbf3939b55_1400x1856.png', NULL, '2', '0', '', '2025-09-17 16:31:25', '', '2025-09-18 09:14:16', NULL);
INSERT INTO `we_ai_picture` VALUES (152, '2+tan3d3+tan1+tan22', 'https://ai-image.weshop.com/20250917_1_b425c5e7-82d2-46f1-adc5-a6d105b35298_1592x2048.png', '68ca71b8cdf25c6b459addf2', '68ca71b87af440cb455c4de9', '2', 263, 'https://ai-image.weshop.com/20250917_1_4f989f3c-76d9-4c2f-8119-39dbf3939b55_1400x1856.png', NULL, '2', '0', '', '2025-09-17 16:31:25', '', '2025-09-18 09:14:16', NULL);
INSERT INTO `we_ai_picture` VALUES (153, '2+tan3d3+tan1+tan96', 'https://ai-image.weshop.com/20250917_1_30e79785-d8cb-4857-b3d4-ae7ced95c350_1592x2048.png', '68ca71dfcdf25c6b459addf3', '68ca71df7af440cb455c4df4', '2', 264, 'https://ai-image.weshop.com/20250917_1_d2b68666-4f78-4442-b735-88a3c90c3514_1632x2048.png', NULL, '2', '0', '', '2025-09-17 16:32:04', '', '2025-09-18 09:14:16', NULL);
INSERT INTO `we_ai_picture` VALUES (154, '2+tan3d3+tan1+tan96', 'https://ai-image.weshop.com/20250917_1_5bf5dedb-4b73-41fd-8d7e-a1242f5f12af_1592x2048.png', '68ca71dfcdf25c6b459addf3', '68ca71df7af440cb455c4df4', '2', 264, 'https://ai-image.weshop.com/20250917_1_d2b68666-4f78-4442-b735-88a3c90c3514_1632x2048.png', NULL, '2', '0', '', '2025-09-17 16:32:04', '', '2025-09-18 09:14:16', NULL);
INSERT INTO `we_ai_picture` VALUES (155, '2+tan3d3+tan1+tan96', 'https://ai-image.weshop.com/20250917_1_d9e49045-8dc2-4993-aa35-66460edc1b91_1592x2048.png', '68ca71dfcdf25c6b459addf3', '68ca71df7af440cb455c4df4', '2', 264, 'https://ai-image.weshop.com/20250917_1_d2b68666-4f78-4442-b735-88a3c90c3514_1632x2048.png', NULL, '2', '0', '', '2025-09-17 16:32:04', '', '2025-09-18 09:14:16', NULL);
INSERT INTO `we_ai_picture` VALUES (156, '2+tan3d3+tan1+tan96', 'https://ai-image.weshop.com/20250917_1_34241bf8-6502-40f8-81e5-1018b6528cc2_1592x2048.png', '68ca71dfcdf25c6b459addf3', '68ca71df7af440cb455c4df4', '2', 264, 'https://ai-image.weshop.com/20250917_1_d2b68666-4f78-4442-b735-88a3c90c3514_1632x2048.png', NULL, '2', '0', '', '2025-09-17 16:32:04', '', '2025-09-18 09:14:16', NULL);
INSERT INTO `we_ai_picture` VALUES (157, '2+tan3d3+tan1+tan90', 'https://ai-image.weshop.com/20250917_1_de35c3d3-99e2-457b-be40-f0c2eace29d3_1592x2048.png', '68ca72057af440cb455c4e0b', '68ca7205cdf25c6b459ade06', '2', 265, 'https://ai-image.weshop.com/20250917_1_7674f2b3-670d-4f01-a6f4-6ee7c5254e71_1640x2048.png', NULL, '2', '0', '', '2025-09-17 16:32:37', '', '2025-09-18 09:14:16', NULL);
INSERT INTO `we_ai_picture` VALUES (158, '2+tan3d3+tan1+tan90', 'https://ai-image.weshop.com/20250917_1_cb5c9760-5b57-4b15-b9c8-20cdcafdc070_1592x2048.png', '68ca72057af440cb455c4e0b', '68ca7205cdf25c6b459ade06', '2', 265, 'https://ai-image.weshop.com/20250917_1_7674f2b3-670d-4f01-a6f4-6ee7c5254e71_1640x2048.png', NULL, '2', '0', '', '2025-09-17 16:32:37', '', '2025-09-18 09:14:16', NULL);
INSERT INTO `we_ai_picture` VALUES (159, '2+tan3d3+tan1+tan90', 'https://ai-image.weshop.com/20250917_1_d6a0a8c2-bce9-41a3-9fe0-826d33ce1c78_1592x2048.png', '68ca72057af440cb455c4e0b', '68ca7205cdf25c6b459ade06', '2', 265, 'https://ai-image.weshop.com/20250917_1_7674f2b3-670d-4f01-a6f4-6ee7c5254e71_1640x2048.png', NULL, '2', '0', '', '2025-09-17 16:32:37', '', '2025-09-18 09:14:16', NULL);
INSERT INTO `we_ai_picture` VALUES (160, '2+tan3d3+tan1+tan90', 'https://ai-image.weshop.com/20250917_1_daddad28-e87f-41e4-a383-d11b75f7aaa9_1592x2048.png', '68ca72057af440cb455c4e0b', '68ca7205cdf25c6b459ade06', '2', 265, 'https://ai-image.weshop.com/20250917_1_7674f2b3-670d-4f01-a6f4-6ee7c5254e71_1640x2048.png', NULL, '2', '0', '', '2025-09-17 16:32:37', '', '2025-09-18 09:14:16', NULL);
INSERT INTO `we_ai_picture` VALUES (161, '2+tan3d3+tan1+tan59', 'https://ai-image.weshop.com/20250917_1_0eb41675-eef7-4f6f-b7c6-650bcb4deb04_2048x2048.png', '68ca72267af440cb455c4e0c', '68ca7226cdf25c6b459ade10', '2', 266, 'https://ai-image.weshop.com/20250917_1_e2db39c6-32b1-4e8f-af6a-413e403bfdfb_1816x1816.png', NULL, '2', '0', '', '2025-09-17 16:33:16', '', '2025-09-18 09:14:16', NULL);
INSERT INTO `we_ai_picture` VALUES (162, '2+tan3d3+tan1+tan59', 'https://ai-image.weshop.com/20250917_1_86564498-a752-4ec6-b770-1df2d41a3a06_2048x2048.png', '68ca72267af440cb455c4e0c', '68ca7226cdf25c6b459ade10', '2', 266, 'https://ai-image.weshop.com/20250917_1_e2db39c6-32b1-4e8f-af6a-413e403bfdfb_1816x1816.png', NULL, '2', '0', '', '2025-09-17 16:33:16', '', '2025-09-18 09:14:16', NULL);
INSERT INTO `we_ai_picture` VALUES (163, '2+tan3d3+tan1+tan59', 'https://ai-image.weshop.com/20250917_1_30c6a1eb-a001-4265-a990-fee7c3ce5a43_2048x2048.png', '68ca72267af440cb455c4e0c', '68ca7226cdf25c6b459ade10', '2', 266, 'https://ai-image.weshop.com/20250917_1_e2db39c6-32b1-4e8f-af6a-413e403bfdfb_1816x1816.png', NULL, '2', '0', '', '2025-09-17 16:33:16', '', '2025-09-18 09:14:16', NULL);
INSERT INTO `we_ai_picture` VALUES (164, '2+tan3d3+tan1+tan59', 'https://ai-image.weshop.com/20250917_1_dda00e15-3c38-4c6f-91e6-f2285fc17a1e_2048x2048.png', '68ca72267af440cb455c4e0c', '68ca7226cdf25c6b459ade10', '2', 266, 'https://ai-image.weshop.com/20250917_1_e2db39c6-32b1-4e8f-af6a-413e403bfdfb_1816x1816.png', NULL, '2', '0', '', '2025-09-17 16:33:16', '', '2025-09-18 09:14:16', NULL);
INSERT INTO `we_ai_picture` VALUES (165, '2+tan3d4+tan1+tan22', 'https://ai-image.weshop.com/20250917_1_9950c6fe-3954-41a7-a375-2775df17f60f_1488x2048.png', '68ca724ccdf25c6b459ade28', '68ca724c7af440cb455c4e1c', '2', 271, 'https://ai-image.weshop.com/20250917_1_6c71b990-9110-4921-94c5-1caa145e9393_1424x1896.png', NULL, '2', '0', '', '2025-09-17 16:33:53', '', '2025-09-18 09:14:16', NULL);
INSERT INTO `we_ai_picture` VALUES (166, '2+tan3d4+tan1+tan22', 'https://ai-image.weshop.com/20250917_1_572b693b-3baa-46b2-909f-182464e70bf2_1488x2048.png', '68ca724ccdf25c6b459ade28', '68ca724c7af440cb455c4e1c', '2', 271, 'https://ai-image.weshop.com/20250917_1_6c71b990-9110-4921-94c5-1caa145e9393_1424x1896.png', NULL, '1', '0', '', '2025-09-17 16:33:53', '', '2025-09-18 09:14:16', NULL);
INSERT INTO `we_ai_picture` VALUES (167, '2+tan3d4+tan1+tan22', 'https://ai-image.weshop.com/20250917_1_4ed74d24-9e04-42ed-8017-9ed4ff4d2894_1488x2048.png', '68ca724ccdf25c6b459ade28', '68ca724c7af440cb455c4e1c', '2', 271, 'https://ai-image.weshop.com/20250917_1_6c71b990-9110-4921-94c5-1caa145e9393_1424x1896.png', NULL, '2', '0', '', '2025-09-17 16:33:53', '', '2025-09-18 09:14:16', NULL);
INSERT INTO `we_ai_picture` VALUES (168, '2+tan3d4+tan1+tan22', 'https://ai-image.weshop.com/20250917_1_e0e9caa9-845c-49d8-8fcb-ced048103d8b_1488x2048.png', '68ca724ccdf25c6b459ade28', '68ca724c7af440cb455c4e1c', '2', 271, 'https://ai-image.weshop.com/20250917_1_6c71b990-9110-4921-94c5-1caa145e9393_1424x1896.png', NULL, '2', '0', '', '2025-09-17 16:33:53', '', '2025-09-18 09:14:16', NULL);
INSERT INTO `we_ai_picture` VALUES (169, '2+tan3d4+tan1+tan96', 'https://ai-image.weshop.com/20250917_1_bad3c129-f2e6-46fb-b438-d6a4e0e4edfd_1592x2048.png', '68ca72727af440cb455c4e36', '68ca7272cdf25c6b459ade33', '2', 272, 'https://ai-image.weshop.com/20250917_1_14b9c1d6-f48c-4263-b9a7-fa0063e2a2c9_1632x2048.png', NULL, '2', '0', '', '2025-09-17 16:34:26', '', '2025-09-18 09:14:16', NULL);
INSERT INTO `we_ai_picture` VALUES (170, '2+tan3d4+tan1+tan96', 'https://ai-image.weshop.com/20250917_1_56b2f27f-dd38-4a93-a357-ef542d6c1017_1592x2048.png', '68ca72727af440cb455c4e36', '68ca7272cdf25c6b459ade33', '2', 272, 'https://ai-image.weshop.com/20250917_1_14b9c1d6-f48c-4263-b9a7-fa0063e2a2c9_1632x2048.png', NULL, '2', '0', '', '2025-09-17 16:34:26', '', '2025-09-18 09:14:16', NULL);
INSERT INTO `we_ai_picture` VALUES (171, '2+tan3d4+tan1+tan96', 'https://ai-image.weshop.com/20250917_1_59eec075-db3f-4033-a092-76f07c46e77c_1592x2048.png', '68ca72727af440cb455c4e36', '68ca7272cdf25c6b459ade33', '2', 272, 'https://ai-image.weshop.com/20250917_1_14b9c1d6-f48c-4263-b9a7-fa0063e2a2c9_1632x2048.png', NULL, '2', '0', '', '2025-09-17 16:34:26', '', '2025-09-18 09:14:16', NULL);
INSERT INTO `we_ai_picture` VALUES (172, '2+tan3d4+tan1+tan96', 'https://ai-image.weshop.com/20250917_1_2fb8a5e6-0363-47d0-aafd-59880d73f223_1592x2048.png', '68ca72727af440cb455c4e36', '68ca7272cdf25c6b459ade33', '2', 272, 'https://ai-image.weshop.com/20250917_1_14b9c1d6-f48c-4263-b9a7-fa0063e2a2c9_1632x2048.png', NULL, '2', '0', '', '2025-09-17 16:34:26', '', '2025-09-18 09:14:16', NULL);
INSERT INTO `we_ai_picture` VALUES (173, '2+tan3d4+tan1+tan90', 'https://ai-image.weshop.com/20250917_1_f0e135e3-1d8f-48aa-a9de-1a9210fd7aac_1592x2048.png', '68ca72937af440cb455c4e38', '68ca7293cdf25c6b459ade3e', '2', 273, 'https://ai-image.weshop.com/20250917_1_a15d18bb-9b8b-4d1e-b471-368a90ab2bea_1640x2048.png', NULL, '2', '0', '', '2025-09-17 16:35:05', '', '2025-09-18 09:14:16', NULL);
INSERT INTO `we_ai_picture` VALUES (174, '2+tan3d4+tan1+tan90', 'https://ai-image.weshop.com/20250917_1_fdccf4fc-62c1-4751-b04a-867c15b8e004_1592x2048.png', '68ca72937af440cb455c4e38', '68ca7293cdf25c6b459ade3e', '2', 273, 'https://ai-image.weshop.com/20250917_1_a15d18bb-9b8b-4d1e-b471-368a90ab2bea_1640x2048.png', NULL, '2', '0', '', '2025-09-17 16:35:05', '', '2025-09-18 09:14:16', NULL);
INSERT INTO `we_ai_picture` VALUES (175, '2+tan3d4+tan1+tan90', 'https://ai-image.weshop.com/20250917_1_201921cd-d9d7-4017-9eeb-4b3be7e4ae7a_1592x2048.png', '68ca72937af440cb455c4e38', '68ca7293cdf25c6b459ade3e', '2', 273, 'https://ai-image.weshop.com/20250917_1_a15d18bb-9b8b-4d1e-b471-368a90ab2bea_1640x2048.png', NULL, '2', '0', '', '2025-09-17 16:35:05', '', '2025-09-18 09:14:16', NULL);
INSERT INTO `we_ai_picture` VALUES (176, '2+tan3d4+tan1+tan90', 'https://ai-image.weshop.com/20250917_1_8cb6d592-7813-49a9-a983-84cbaab56d20_1592x2048.png', '68ca72937af440cb455c4e38', '68ca7293cdf25c6b459ade3e', '2', 273, 'https://ai-image.weshop.com/20250917_1_a15d18bb-9b8b-4d1e-b471-368a90ab2bea_1640x2048.png', NULL, '2', '0', '', '2025-09-17 16:35:05', '', '2025-09-18 09:14:16', NULL);
INSERT INTO `we_ai_picture` VALUES (177, '2+tan3d4+tan1+tan59', 'https://ai-image.weshop.com/20250917_1_8fd772ee-63fb-4d75-aa54-024f16d6381a_2048x2048.png', '68ca72bacdf25c6b459ade63', '68ca72ba7af440cb455c4e66', '2', 274, 'https://ai-image.weshop.com/20250917_1_88d9684c-52db-490c-a14a-061a4470a402_1824x1824.png', NULL, '1', '0', '', '2025-09-17 16:35:43', '', '2025-09-18 09:14:16', NULL);
INSERT INTO `we_ai_picture` VALUES (178, '2+tan3d4+tan1+tan59', 'https://ai-image.weshop.com/20250917_1_596432cb-2912-469d-9780-3eb3e4be4a09_2048x2048.png', '68ca72bacdf25c6b459ade63', '68ca72ba7af440cb455c4e66', '2', 274, 'https://ai-image.weshop.com/20250917_1_88d9684c-52db-490c-a14a-061a4470a402_1824x1824.png', NULL, '1', '0', '', '2025-09-17 16:35:43', '', '2025-09-18 09:14:16', NULL);
INSERT INTO `we_ai_picture` VALUES (179, '2+tan3d4+tan1+tan59', 'https://ai-image.weshop.com/20250917_1_f82b898f-1ddf-4fb7-8d82-45ee4fcdb61b_2048x2048.png', '68ca72bacdf25c6b459ade63', '68ca72ba7af440cb455c4e66', '2', 274, 'https://ai-image.weshop.com/20250917_1_88d9684c-52db-490c-a14a-061a4470a402_1824x1824.png', NULL, '2', '0', '', '2025-09-17 16:35:43', '', '2025-09-18 09:14:16', NULL);
INSERT INTO `we_ai_picture` VALUES (180, '2+tan3d4+tan1+tan59', 'https://ai-image.weshop.com/20250917_1_a3a3710d-4404-48ec-bd84-7214170744d4_2048x2048.png', '68ca72bacdf25c6b459ade63', '68ca72ba7af440cb455c4e66', '2', 274, 'https://ai-image.weshop.com/20250917_1_88d9684c-52db-490c-a14a-061a4470a402_1824x1824.png', NULL, '1', '0', '', '2025-09-17 16:35:43', '', '2025-09-18 09:14:16', NULL);
INSERT INTO `we_ai_picture` VALUES (181, '2+tan3d1+tan1+tan59', 'https://ai-image.weshop.com/20250917_1_e1e6fa6a-613b-4e3a-a0ec-ab80d0b773fc_2048x2048.png', '68ca72e07af440cb455c4e7c', '68ca72e0cdf25c6b459ade75', '2', 250, 'https://ai-image.weshop.com/20250917_1_f9ae9efc-8599-46f7-865f-442771cbcdde_1808x1808.png', NULL, '2', '0', '', '2025-09-17 16:36:21', '', '2025-09-18 09:14:16', NULL);
INSERT INTO `we_ai_picture` VALUES (182, '2+tan3d1+tan1+tan59', 'https://ai-image.weshop.com/20250917_1_aca7eae9-5723-4398-a18d-5d7f168bb4a3_2048x2048.png', '68ca72e07af440cb455c4e7c', '68ca72e0cdf25c6b459ade75', '2', 250, 'https://ai-image.weshop.com/20250917_1_f9ae9efc-8599-46f7-865f-442771cbcdde_1808x1808.png', NULL, '2', '0', '', '2025-09-17 16:36:21', '', '2025-09-18 09:14:16', NULL);
INSERT INTO `we_ai_picture` VALUES (183, '2+tan3d1+tan1+tan59', 'https://ai-image.weshop.com/20250917_1_53255c17-2a6c-401c-8e7b-3a499c8ea831_2048x2048.png', '68ca72e07af440cb455c4e7c', '68ca72e0cdf25c6b459ade75', '2', 250, 'https://ai-image.weshop.com/20250917_1_f9ae9efc-8599-46f7-865f-442771cbcdde_1808x1808.png', NULL, '2', '0', '', '2025-09-17 16:36:21', '', '2025-09-18 09:14:16', NULL);
INSERT INTO `we_ai_picture` VALUES (184, '2+tan3d1+tan1+tan59', 'https://ai-image.weshop.com/20250917_1_c2a6db14-6577-46ba-a102-564441d0ca1f_2048x2048.png', '68ca72e07af440cb455c4e7c', '68ca72e0cdf25c6b459ade75', '2', 250, 'https://ai-image.weshop.com/20250917_1_f9ae9efc-8599-46f7-865f-442771cbcdde_1808x1808.png', NULL, '2', '0', '', '2025-09-17 16:36:21', '', '2025-09-18 09:14:16', NULL);
INSERT INTO `we_ai_picture` VALUES (185, '1+bsd3+bsd1+bsd34', 'https://ai-image.weshop.com/20250918_1_8f0ddcbe-022d-4d83-a3b1-81499ffdda85_1488x2048.png', '68cb983ecdf25c6b459af8bf', '68cb983e7af440cb455c6955', '1', 12, 'https://ai-image.weshop.com/20250918_1_d7e78c22-fc80-48c2-afc1-81fa75046fdb_560x807.png', NULL, '0', '0', '', '2025-09-18 13:27:54', '', NULL, NULL);
INSERT INTO `we_ai_picture` VALUES (186, '1+bsd3+bsd1+bsd34', 'https://ai-image.weshop.com/20250918_1_894b54a5-0e94-48e1-8305-086509ab4d89_1488x2048.png', '68cb983ecdf25c6b459af8bf', '68cb983e7af440cb455c6955', '1', 12, 'https://ai-image.weshop.com/20250918_1_d7e78c22-fc80-48c2-afc1-81fa75046fdb_560x807.png', NULL, '0', '0', '', '2025-09-18 13:27:54', '', NULL, NULL);
INSERT INTO `we_ai_picture` VALUES (187, '1+bsd3+bsd1+bsd34', 'https://ai-image.weshop.com/20250918_1_825b43e3-e760-4f38-864f-b63a9170380e_1488x2048.png', '68cb983ecdf25c6b459af8bf', '68cb983e7af440cb455c6955', '1', 12, 'https://ai-image.weshop.com/20250918_1_d7e78c22-fc80-48c2-afc1-81fa75046fdb_560x807.png', NULL, '0', '0', '', '2025-09-18 13:27:54', '', NULL, NULL);
INSERT INTO `we_ai_picture` VALUES (188, '1+bsd3+bsd1+bsd34', 'https://ai-image.weshop.com/20250918_1_6a6ec8f7-2d18-4647-9a8a-bee2991ae094_1488x2048.png', '68cb983ecdf25c6b459af8bf', '68cb983e7af440cb455c6955', '1', 12, 'https://ai-image.weshop.com/20250918_1_d7e78c22-fc80-48c2-afc1-81fa75046fdb_560x807.png', NULL, '0', '0', '', '2025-09-18 13:27:54', '', NULL, NULL);
INSERT INTO `we_ai_picture` VALUES (189, '1+bsd3+bsd1+bsd33', 'https://ai-image.weshop.com/20250918_1_65560f1f-cf70-43cd-b5e0-f9720f953430_1592x2048.png', '68cb98597af440cb455c696b', '68cb9859cdf25c6b459af8c0', '1', 13, 'https://ai-image.weshop.com/20250918_1_2fbc3658-44da-41a2-b984-3c76428369bc_624x815.png', NULL, '0', '0', '', '2025-09-18 13:28:30', '', NULL, NULL);
INSERT INTO `we_ai_picture` VALUES (190, '1+bsd3+bsd1+bsd33', 'https://ai-image.weshop.com/20250918_1_de285845-98da-42a2-81fb-59380c47cc93_1592x2048.png', '68cb98597af440cb455c696b', '68cb9859cdf25c6b459af8c0', '1', 13, 'https://ai-image.weshop.com/20250918_1_2fbc3658-44da-41a2-b984-3c76428369bc_624x815.png', NULL, '0', '0', '', '2025-09-18 13:28:30', '', NULL, NULL);
INSERT INTO `we_ai_picture` VALUES (191, '1+bsd3+bsd1+bsd33', 'https://ai-image.weshop.com/20250918_1_966764b2-18e3-4f54-8636-5ad360a1f4cf_1592x2048.png', '68cb98597af440cb455c696b', '68cb9859cdf25c6b459af8c0', '1', 13, 'https://ai-image.weshop.com/20250918_1_2fbc3658-44da-41a2-b984-3c76428369bc_624x815.png', NULL, '0', '0', '', '2025-09-18 13:28:30', '', NULL, NULL);
INSERT INTO `we_ai_picture` VALUES (192, '1+bsd3+bsd1+bsd33', 'https://ai-image.weshop.com/20250918_1_8d4cb6d3-1ff8-4131-b295-1834c8632809_1592x2048.png', '68cb98597af440cb455c696b', '68cb9859cdf25c6b459af8c0', '1', 13, 'https://ai-image.weshop.com/20250918_1_2fbc3658-44da-41a2-b984-3c76428369bc_624x815.png', NULL, '0', '0', '', '2025-09-18 13:28:30', '', NULL, NULL);
INSERT INTO `we_ai_picture` VALUES (193, '1+bsd3+bsd1+bsd19', 'https://ai-image.weshop.com/20250918_1_380807ac-3e3a-43d0-ae1c-7ed030dae701_1696x2048.png', '68cb987bcdf25c6b459af8cb', '68cb987b7af440cb455c696c', '1', 23, 'https://ai-image.weshop.com/20250918_1_57568c51-322e-4ae4-855d-f1215f118416_664x809.png', NULL, '0', '0', '', '2025-09-18 13:28:59', '', NULL, NULL);
INSERT INTO `we_ai_picture` VALUES (194, '1+bsd3+bsd1+bsd19', 'https://ai-image.weshop.com/20250918_1_7f7e3aa7-4ee6-4020-8f17-b33b3d40fa35_1696x2048.png', '68cb987bcdf25c6b459af8cb', '68cb987b7af440cb455c696c', '1', 23, 'https://ai-image.weshop.com/20250918_1_57568c51-322e-4ae4-855d-f1215f118416_664x809.png', NULL, '0', '0', '', '2025-09-18 13:28:59', '', NULL, NULL);
INSERT INTO `we_ai_picture` VALUES (195, '1+bsd3+bsd1+bsd19', 'https://ai-image.weshop.com/20250918_1_38a9d1f5-cf0a-4896-8665-08ba97d60edd_1696x2048.png', '68cb987bcdf25c6b459af8cb', '68cb987b7af440cb455c696c', '1', 23, 'https://ai-image.weshop.com/20250918_1_57568c51-322e-4ae4-855d-f1215f118416_664x809.png', NULL, '0', '0', '', '2025-09-18 13:28:59', '', NULL, NULL);
INSERT INTO `we_ai_picture` VALUES (196, '1+bsd3+bsd1+bsd19', 'https://ai-image.weshop.com/20250918_1_1a980ace-527f-4f46-90e3-2ce81fc5bf2e_1696x2048.png', '68cb987bcdf25c6b459af8cb', '68cb987b7af440cb455c696c', '1', 23, 'https://ai-image.weshop.com/20250918_1_57568c51-322e-4ae4-855d-f1215f118416_664x809.png', NULL, '0', '0', '', '2025-09-18 13:28:59', '', NULL, NULL);
INSERT INTO `we_ai_picture` VALUES (197, '1+bsd3+bsd1+bsd28', 'https://ai-image.weshop.com/20250918_1_af19fb41-5b60-49c7-b6a1-9efa7c24864a_1696x2048.png', '68cb987d7af440cb455c6976', '68cb987dcdf25c6b459af8cc', '1', 14, 'https://ai-image.weshop.com/20250918_1_7b0faa30-62b7-4975-8bec-4705f31dd08f_664x829.png', NULL, '0', '0', '', '2025-09-18 13:29:06', '', NULL, NULL);
INSERT INTO `we_ai_picture` VALUES (198, '1+bsd3+bsd1+bsd28', 'https://ai-image.weshop.com/20250918_1_86488f63-9353-47ee-ab25-9f4fa5726538_1696x2048.png', '68cb987d7af440cb455c6976', '68cb987dcdf25c6b459af8cc', '1', 14, 'https://ai-image.weshop.com/20250918_1_7b0faa30-62b7-4975-8bec-4705f31dd08f_664x829.png', NULL, '0', '0', '', '2025-09-18 13:29:06', '', NULL, NULL);
INSERT INTO `we_ai_picture` VALUES (199, '1+bsd3+bsd1+bsd28', 'https://ai-image.weshop.com/20250918_1_2bb94712-beaf-4a92-9a61-1e0e41574c22_1696x2048.png', '68cb987d7af440cb455c6976', '68cb987dcdf25c6b459af8cc', '1', 14, 'https://ai-image.weshop.com/20250918_1_7b0faa30-62b7-4975-8bec-4705f31dd08f_664x829.png', NULL, '0', '0', '', '2025-09-18 13:29:06', '', NULL, NULL);
INSERT INTO `we_ai_picture` VALUES (200, '1+bsd3+bsd1+bsd28', 'https://ai-image.weshop.com/20250918_1_c7a026ff-71a6-4427-9558-486898153fdc_1696x2048.png', '68cb987d7af440cb455c6976', '68cb987dcdf25c6b459af8cc', '1', 14, 'https://ai-image.weshop.com/20250918_1_7b0faa30-62b7-4975-8bec-4705f31dd08f_664x829.png', NULL, '0', '0', '', '2025-09-18 13:29:06', '', NULL, NULL);
INSERT INTO `we_ai_picture` VALUES (201, '1+bsd3+bsd1+bsd18', 'https://ai-image.weshop.com/20250918_1_926599ff-87f7-48eb-a3ec-2f49fbdd326c_1488x2048.png', '68cb989acdf25c6b459af8e0', '68cb989a7af440cb455c6979', '1', 24, 'https://ai-image.weshop.com/20250918_1_b6442fd6-ba92-41ce-9ec9-4b92baef47da_616x831.png', NULL, '0', '0', '', '2025-09-18 13:29:40', '', NULL, NULL);
INSERT INTO `we_ai_picture` VALUES (202, '1+bsd3+bsd1+bsd18', 'https://ai-image.weshop.com/20250918_1_0569267e-7bd9-4368-ad6a-da4245b23489_1488x2048.png', '68cb989acdf25c6b459af8e0', '68cb989a7af440cb455c6979', '1', 24, 'https://ai-image.weshop.com/20250918_1_b6442fd6-ba92-41ce-9ec9-4b92baef47da_616x831.png', NULL, '0', '0', '', '2025-09-18 13:29:40', '', NULL, NULL);
INSERT INTO `we_ai_picture` VALUES (203, '1+bsd3+bsd1+bsd18', 'https://ai-image.weshop.com/20250918_1_5c7cda0a-6b2b-48be-bb9a-db0417c4243f_1488x2048.png', '68cb989acdf25c6b459af8e0', '68cb989a7af440cb455c6979', '1', 24, 'https://ai-image.weshop.com/20250918_1_b6442fd6-ba92-41ce-9ec9-4b92baef47da_616x831.png', NULL, '0', '0', '', '2025-09-18 13:29:40', '', NULL, NULL);
INSERT INTO `we_ai_picture` VALUES (204, '1+bsd3+bsd1+bsd18', 'https://ai-image.weshop.com/20250918_1_c942dab6-9f2d-4a4e-b167-193528ca0624_1488x2048.png', '68cb989acdf25c6b459af8e0', '68cb989a7af440cb455c6979', '1', 24, 'https://ai-image.weshop.com/20250918_1_b6442fd6-ba92-41ce-9ec9-4b92baef47da_616x831.png', NULL, '0', '0', '', '2025-09-18 13:29:40', '', NULL, NULL);
INSERT INTO `we_ai_picture` VALUES (205, '1+bsd3+bsd1+bsd11', 'https://ai-image.weshop.com/20250918_1_d054b9e5-134e-4d71-91e2-b78c1149b367_1800x2048.png', '68cb98a4cdf25c6b459af8e1', '68cb98a47af440cb455c698e', '1', 31, 'https://ai-image.weshop.com/20250918_1_ee6f17f5-d6b4-46ae-a2c5-d931c4fb3f10_600x692.png', NULL, '0', '0', '', '2025-09-18 13:29:50', '', NULL, NULL);
INSERT INTO `we_ai_picture` VALUES (206, '1+bsd3+bsd1+bsd11', 'https://ai-image.weshop.com/20250918_1_73b345ad-5490-412b-bda1-51051ff975de_1800x2048.png', '68cb98a4cdf25c6b459af8e1', '68cb98a47af440cb455c698e', '1', 31, 'https://ai-image.weshop.com/20250918_1_ee6f17f5-d6b4-46ae-a2c5-d931c4fb3f10_600x692.png', NULL, '0', '0', '', '2025-09-18 13:29:50', '', NULL, NULL);
INSERT INTO `we_ai_picture` VALUES (207, '1+bsd3+bsd1+bsd11', 'https://ai-image.weshop.com/20250918_1_07870c51-e935-428b-b667-0f3a67d882f5_1800x2048.png', '68cb98a4cdf25c6b459af8e1', '68cb98a47af440cb455c698e', '1', 31, 'https://ai-image.weshop.com/20250918_1_ee6f17f5-d6b4-46ae-a2c5-d931c4fb3f10_600x692.png', NULL, '0', '0', '', '2025-09-18 13:29:50', '', NULL, NULL);
INSERT INTO `we_ai_picture` VALUES (208, '1+bsd3+bsd1+bsd11', 'https://ai-image.weshop.com/20250918_1_bc103521-f826-41ff-bf9d-de2b436acd8a_1800x2048.png', '68cb98a4cdf25c6b459af8e1', '68cb98a47af440cb455c698e', '1', 31, 'https://ai-image.weshop.com/20250918_1_ee6f17f5-d6b4-46ae-a2c5-d931c4fb3f10_600x692.png', NULL, '0', '0', '', '2025-09-18 13:29:50', '', NULL, NULL);
INSERT INTO `we_ai_picture` VALUES (209, '1+bsd3+bsd1+bsd10', 'https://ai-image.weshop.com/20250918_1_6b4093a6-0ea4-4755-a615-0daa0aaccfab_1800x2048.png', '68cb98cd7af440cb455c699c', '68cb98cdcdf25c6b459af8f7', '1', 32, 'https://ai-image.weshop.com/20250918_1_d19559fa-0f01-40a2-abe3-af25574843f5_696x800.png', NULL, '0', '0', '', '2025-09-18 13:30:56', '', NULL, NULL);
INSERT INTO `we_ai_picture` VALUES (210, '1+bsd3+bsd1+bsd10', 'https://ai-image.weshop.com/20250918_1_90209642-c928-4f88-aa17-59705b6202ad_1800x2048.png', '68cb98cd7af440cb455c699c', '68cb98cdcdf25c6b459af8f7', '1', 32, 'https://ai-image.weshop.com/20250918_1_d19559fa-0f01-40a2-abe3-af25574843f5_696x800.png', NULL, '0', '0', '', '2025-09-18 13:30:57', '', NULL, NULL);
INSERT INTO `we_ai_picture` VALUES (211, '1+bsd3+bsd1+bsd10', 'https://ai-image.weshop.com/20250918_1_9c37fd3b-b65a-4cb3-8f57-a3cd659f85e2_1800x2048.png', '68cb98cd7af440cb455c699c', '68cb98cdcdf25c6b459af8f7', '1', 32, 'https://ai-image.weshop.com/20250918_1_d19559fa-0f01-40a2-abe3-af25574843f5_696x800.png', NULL, '0', '0', '', '2025-09-18 13:30:57', '', NULL, NULL);
INSERT INTO `we_ai_picture` VALUES (212, '1+bsd3+bsd1+bsd10', 'https://ai-image.weshop.com/20250918_1_b945bbf1-4a74-47d8-8311-c649b2fdc3ed_1800x2048.png', '68cb98cd7af440cb455c699c', '68cb98cdcdf25c6b459af8f7', '1', 32, 'https://ai-image.weshop.com/20250918_1_d19559fa-0f01-40a2-abe3-af25574843f5_696x800.png', NULL, '0', '0', '', '2025-09-18 13:30:57', '', NULL, NULL);
INSERT INTO `we_ai_picture` VALUES (213, '1+bsd3+bsd1+bsd27', 'https://ai-image.weshop.com/20250918_1_efcc851a-f713-4263-9080-cb1cde603e6b_1592x2048.png', '68cb98a27af440cb455c6983', '68cb98a27af440cb455c6984', '1', 15, 'https://ai-image.weshop.com/20250918_1_d45f6776-a75b-4d00-bbb1-bb3923f698b3_624x818.png', NULL, '0', '0', '', '2025-09-18 13:30:59', '', NULL, NULL);
INSERT INTO `we_ai_picture` VALUES (214, '1+bsd3+bsd1+bsd27', 'https://ai-image.weshop.com/20250918_1_1e63a3c3-897e-43b5-8e91-23205ab65f72_1592x2048.png', '68cb98a27af440cb455c6983', '68cb98a27af440cb455c6984', '1', 15, 'https://ai-image.weshop.com/20250918_1_d45f6776-a75b-4d00-bbb1-bb3923f698b3_624x818.png', NULL, '0', '0', '', '2025-09-18 13:30:59', '', NULL, NULL);
INSERT INTO `we_ai_picture` VALUES (215, '1+bsd3+bsd1+bsd27', 'https://ai-image.weshop.com/20250918_1_7501ee6d-e315-461b-aca4-df1d2cd85e73_1592x2048.png', '68cb98a27af440cb455c6983', '68cb98a27af440cb455c6984', '1', 15, 'https://ai-image.weshop.com/20250918_1_d45f6776-a75b-4d00-bbb1-bb3923f698b3_624x818.png', NULL, '0', '0', '', '2025-09-18 13:30:59', '', NULL, NULL);
INSERT INTO `we_ai_picture` VALUES (216, '1+bsd3+bsd1+bsd27', 'https://ai-image.weshop.com/20250918_1_069dcdd1-f1d9-4f34-8f0f-c6d27320357f_1592x2048.png', '68cb98a27af440cb455c6983', '68cb98a27af440cb455c6984', '1', 15, 'https://ai-image.weshop.com/20250918_1_d45f6776-a75b-4d00-bbb1-bb3923f698b3_624x818.png', NULL, '0', '0', '', '2025-09-18 13:30:59', '', NULL, NULL);
INSERT INTO `we_ai_picture` VALUES (217, '1+bsd3+bsd1+bsd16', 'https://ai-image.weshop.com/20250918_1_4f0b1632-ecfe-4665-a2e4-1d38abecc318_2048x2048.png', '68cb98c37af440cb455c6998', '68cb98c3cdf25c6b459af8e3', '1', 26, 'https://ai-image.weshop.com/20250918_1_4912d3e4-6aa1-4736-aa54-09b8e59d71b0_624x622.png', NULL, '0', '0', '', '2025-09-18 13:31:02', '', NULL, NULL);
INSERT INTO `we_ai_picture` VALUES (218, '1+bsd3+bsd1+bsd16', 'https://ai-image.weshop.com/20250918_1_251e0946-41bb-49ff-99c3-12dbe986c71c_2048x2048.png', '68cb98c37af440cb455c6998', '68cb98c3cdf25c6b459af8e3', '1', 26, 'https://ai-image.weshop.com/20250918_1_4912d3e4-6aa1-4736-aa54-09b8e59d71b0_624x622.png', NULL, '0', '0', '', '2025-09-18 13:31:02', '', NULL, NULL);
INSERT INTO `we_ai_picture` VALUES (219, '1+bsd3+bsd1+bsd16', 'https://ai-image.weshop.com/20250918_1_a5f93b9e-3b50-41d7-9efa-c167c458d457_2048x2048.png', '68cb98c37af440cb455c6998', '68cb98c3cdf25c6b459af8e3', '1', 26, 'https://ai-image.weshop.com/20250918_1_4912d3e4-6aa1-4736-aa54-09b8e59d71b0_624x622.png', NULL, '0', '0', '', '2025-09-18 13:31:02', '', NULL, NULL);
INSERT INTO `we_ai_picture` VALUES (220, '1+bsd3+bsd1+bsd16', 'https://ai-image.weshop.com/20250918_1_a14ccf1c-f8df-4919-86bb-7391c93c7641_2048x2048.png', '68cb98c37af440cb455c6998', '68cb98c3cdf25c6b459af8e3', '1', 26, 'https://ai-image.weshop.com/20250918_1_4912d3e4-6aa1-4736-aa54-09b8e59d71b0_624x622.png', NULL, '0', '0', '', '2025-09-18 13:31:02', '', NULL, NULL);
INSERT INTO `we_ai_picture` VALUES (221, '1+bsd3+bsd1+bsd9', 'https://ai-image.weshop.com/20250918_1_8c240a70-d42c-4b7b-b593-f5720e1e3813_1592x2048.png', '68cb99107af440cb455c69cf', '68cb99107af440cb455c69d0', '1', 33, 'https://ai-image.weshop.com/20250918_1_6c4bcc71-a5e2-4a3c-be20-b9e7d90db5bc_624x821.png', NULL, '0', '0', '', '2025-09-18 13:31:33', '', NULL, NULL);
INSERT INTO `we_ai_picture` VALUES (222, '1+bsd3+bsd1+bsd9', 'https://ai-image.weshop.com/20250918_1_473d4166-d083-43c7-9324-46d0c4579139_1592x2048.png', '68cb99107af440cb455c69cf', '68cb99107af440cb455c69d0', '1', 33, 'https://ai-image.weshop.com/20250918_1_6c4bcc71-a5e2-4a3c-be20-b9e7d90db5bc_624x821.png', NULL, '0', '0', '', '2025-09-18 13:31:33', '', NULL, NULL);
INSERT INTO `we_ai_picture` VALUES (223, '1+bsd3+bsd1+bsd9', 'https://ai-image.weshop.com/20250918_1_ae06720f-53e0-4142-b1b4-8497693a3155_1592x2048.png', '68cb99107af440cb455c69cf', '68cb99107af440cb455c69d0', '1', 33, 'https://ai-image.weshop.com/20250918_1_6c4bcc71-a5e2-4a3c-be20-b9e7d90db5bc_624x821.png', NULL, '0', '0', '', '2025-09-18 13:31:33', '', NULL, NULL);
INSERT INTO `we_ai_picture` VALUES (224, '1+bsd3+bsd1+bsd9', 'https://ai-image.weshop.com/20250918_1_6774b127-5a51-403a-9cf5-31fb91d21583_1592x2048.png', '68cb99107af440cb455c69cf', '68cb99107af440cb455c69d0', '1', 33, 'https://ai-image.weshop.com/20250918_1_6c4bcc71-a5e2-4a3c-be20-b9e7d90db5bc_624x821.png', NULL, '0', '0', '', '2025-09-18 13:31:33', '', NULL, NULL);
INSERT INTO `we_ai_picture` VALUES (225, '1+bsd3+bsd1+bsd15', 'https://ai-image.weshop.com/20250918_1_ef1a6515-f4de-4e7b-9a2e-2da45f3cfc9f_1360x2048.png', '68cb9915cdf25c6b459af945', '68cb99157af440cb455c69db', '1', 27, 'https://ai-image.weshop.com/20250918_1_6e7f2f71-95ed-4c54-88d4-68cc31c8cc76_512x767.png', NULL, '0', '0', '', '2025-09-18 13:31:33', '', NULL, NULL);
INSERT INTO `we_ai_picture` VALUES (226, '1+bsd3+bsd1+bsd15', 'https://ai-image.weshop.com/20250918_1_5adce6e4-4db4-4a6c-ad07-78c46447a339_1360x2048.png', '68cb9915cdf25c6b459af945', '68cb99157af440cb455c69db', '1', 27, 'https://ai-image.weshop.com/20250918_1_6e7f2f71-95ed-4c54-88d4-68cc31c8cc76_512x767.png', NULL, '0', '0', '', '2025-09-18 13:31:33', '', NULL, NULL);
INSERT INTO `we_ai_picture` VALUES (227, '1+bsd3+bsd1+bsd15', 'https://ai-image.weshop.com/20250918_1_69ca7c12-7b31-4aa5-8054-5c16f74608bf_1360x2048.png', '68cb9915cdf25c6b459af945', '68cb99157af440cb455c69db', '1', 27, 'https://ai-image.weshop.com/20250918_1_6e7f2f71-95ed-4c54-88d4-68cc31c8cc76_512x767.png', NULL, '0', '0', '', '2025-09-18 13:31:33', '', NULL, NULL);
INSERT INTO `we_ai_picture` VALUES (228, '1+bsd3+bsd1+bsd15', 'https://ai-image.weshop.com/20250918_1_5f716e4b-fe6b-46ad-810d-110edd6289c0_1360x2048.png', '68cb9915cdf25c6b459af945', '68cb99157af440cb455c69db', '1', 27, 'https://ai-image.weshop.com/20250918_1_6e7f2f71-95ed-4c54-88d4-68cc31c8cc76_512x767.png', NULL, '0', '0', '', '2025-09-18 13:31:33', '', NULL, NULL);
INSERT INTO `we_ai_picture` VALUES (229, '1+bsd3+bsd1+bsd26', 'https://ai-image.weshop.com/20250918_1_66a3e89c-748e-49ba-9bda-cb6a2067f6fe_1696x2048.png', '68cb99127af440cb455c69da', '68cb9912cdf25c6b459af93b', '1', 16, 'https://ai-image.weshop.com/20250918_1_5b98b008-513a-41d7-8bf7-d6227d3632d3_656x820.png', NULL, '0', '0', '', '2025-09-18 13:31:40', '', NULL, NULL);
INSERT INTO `we_ai_picture` VALUES (230, '1+bsd3+bsd1+bsd26', 'https://ai-image.weshop.com/20250918_1_7a0bae76-e989-41ab-b0a8-65962394e626_1696x2048.png', '68cb99127af440cb455c69da', '68cb9912cdf25c6b459af93b', '1', 16, 'https://ai-image.weshop.com/20250918_1_5b98b008-513a-41d7-8bf7-d6227d3632d3_656x820.png', NULL, '0', '0', '', '2025-09-18 13:31:40', '', NULL, NULL);
INSERT INTO `we_ai_picture` VALUES (231, '1+bsd3+bsd1+bsd26', 'https://ai-image.weshop.com/20250918_1_fc8d4b6c-7691-4e7f-8929-d5876a727e63_1696x2048.png', '68cb99127af440cb455c69da', '68cb9912cdf25c6b459af93b', '1', 16, 'https://ai-image.weshop.com/20250918_1_5b98b008-513a-41d7-8bf7-d6227d3632d3_656x820.png', NULL, '0', '0', '', '2025-09-18 13:31:40', '', NULL, NULL);
INSERT INTO `we_ai_picture` VALUES (232, '1+bsd3+bsd1+bsd26', 'https://ai-image.weshop.com/20250918_1_77990f00-454f-4e0a-ab84-2433deb2f927_1696x2048.png', '68cb99127af440cb455c69da', '68cb9912cdf25c6b459af93b', '1', 16, 'https://ai-image.weshop.com/20250918_1_5b98b008-513a-41d7-8bf7-d6227d3632d3_656x820.png', NULL, '0', '0', '', '2025-09-18 13:31:40', '', NULL, NULL);
INSERT INTO `we_ai_picture` VALUES (233, '1+bsd3+bsd1+bsd8', 'https://ai-image.weshop.com/20250918_1_9e425171-86b2-48f8-a5a3-1e54ba264a33_1696x2048.png', '68cb9934cdf25c6b459af965', '68cb99347af440cb455c6a06', '1', 34, 'https://ai-image.weshop.com/20250918_1_d2973824-33ba-4292-bf0b-77a62f907b54_624x766.png', NULL, '0', '0', '', '2025-09-18 13:33:55', '', NULL, NULL);
INSERT INTO `we_ai_picture` VALUES (234, '1+bsd3+bsd1+bsd8', 'https://ai-image.weshop.com/20250918_1_22996deb-d604-4c59-80e4-659ca80644a4_1696x2048.png', '68cb9934cdf25c6b459af965', '68cb99347af440cb455c6a06', '1', 34, 'https://ai-image.weshop.com/20250918_1_d2973824-33ba-4292-bf0b-77a62f907b54_624x766.png', NULL, '0', '0', '', '2025-09-18 13:33:55', '', NULL, NULL);
INSERT INTO `we_ai_picture` VALUES (235, '1+bsd3+bsd1+bsd8', 'https://ai-image.weshop.com/20250918_1_5829e351-1826-4360-b60d-9f20e5e5b383_1696x2048.png', '68cb9934cdf25c6b459af965', '68cb99347af440cb455c6a06', '1', 34, 'https://ai-image.weshop.com/20250918_1_d2973824-33ba-4292-bf0b-77a62f907b54_624x766.png', NULL, '0', '0', '', '2025-09-18 13:33:55', '', NULL, NULL);
INSERT INTO `we_ai_picture` VALUES (236, '1+bsd3+bsd1+bsd8', 'https://ai-image.weshop.com/20250918_1_c0e5de18-3475-4053-9258-2cdb6d8fb086_1696x2048.png', '68cb9934cdf25c6b459af965', '68cb99347af440cb455c6a06', '1', 34, 'https://ai-image.weshop.com/20250918_1_d2973824-33ba-4292-bf0b-77a62f907b54_624x766.png', NULL, '0', '0', '', '2025-09-18 13:33:55', '', NULL, NULL);
INSERT INTO `we_ai_picture` VALUES (237, '1+bsd3+bsd1+bsd14', 'https://ai-image.weshop.com/20250918_1_9d0de665-696f-425e-99d5-22d37f7d4f20_2048x1280.png', '68cb99347af440cb455c6a05', '68cb9934cdf25c6b459af966', '1', 28, 'https://ai-image.weshop.com/20250918_1_2a11893f-be1b-4e06-bcd9-f4d65e03897e_832x535.png', NULL, '0', '0', '', '2025-09-18 13:33:55', '', NULL, NULL);
INSERT INTO `we_ai_picture` VALUES (238, '1+bsd3+bsd1+bsd14', 'https://ai-image.weshop.com/20250918_1_3f7d8c2e-f9e8-440a-ba24-2e237473d480_2048x1280.png', '68cb99347af440cb455c6a05', '68cb9934cdf25c6b459af966', '1', 28, 'https://ai-image.weshop.com/20250918_1_2a11893f-be1b-4e06-bcd9-f4d65e03897e_832x535.png', NULL, '0', '0', '', '2025-09-18 13:33:55', '', NULL, NULL);
INSERT INTO `we_ai_picture` VALUES (239, '1+bsd3+bsd1+bsd14', 'https://ai-image.weshop.com/20250918_1_3b2e4d8f-ed95-4b33-9126-9c40663b13c5_2048x1280.png', '68cb99347af440cb455c6a05', '68cb9934cdf25c6b459af966', '1', 28, 'https://ai-image.weshop.com/20250918_1_2a11893f-be1b-4e06-bcd9-f4d65e03897e_832x535.png', NULL, '0', '0', '', '2025-09-18 13:33:55', '', NULL, NULL);
INSERT INTO `we_ai_picture` VALUES (240, '1+bsd3+bsd1+bsd14', 'https://ai-image.weshop.com/20250918_1_5c58da3b-7347-4654-b7dc-55a097b8daa0_2048x1280.png', '68cb99347af440cb455c6a05', '68cb9934cdf25c6b459af966', '1', 28, 'https://ai-image.weshop.com/20250918_1_2a11893f-be1b-4e06-bcd9-f4d65e03897e_832x535.png', NULL, '0', '0', '', '2025-09-18 13:33:55', '', NULL, NULL);
INSERT INTO `we_ai_picture` VALUES (241, '1+bsd3+bsd1+bsd24', 'https://ai-image.weshop.com/20250918_1_879c2469-eabe-4d7b-b2c3-4749f34d81ac_1592x2048.png', '68cb993bcdf25c6b459af970', '68cb993bcdf25c6b459af971', '1', 18, 'https://ai-image.weshop.com/20250918_1_320cc328-0b49-4a33-9d61-16d5cd00d400_656x829.png', NULL, '0', '0', '', '2025-09-18 13:33:58', '', NULL, NULL);
INSERT INTO `we_ai_picture` VALUES (242, '1+bsd3+bsd1+bsd24', 'https://ai-image.weshop.com/20250918_1_fb7b446e-927d-4ff7-be6e-6e3deff17a98_1592x2048.png', '68cb993bcdf25c6b459af970', '68cb993bcdf25c6b459af971', '1', 18, 'https://ai-image.weshop.com/20250918_1_320cc328-0b49-4a33-9d61-16d5cd00d400_656x829.png', NULL, '0', '0', '', '2025-09-18 13:33:58', '', NULL, NULL);
INSERT INTO `we_ai_picture` VALUES (243, '1+bsd3+bsd1+bsd24', 'https://ai-image.weshop.com/20250918_1_c8c44bf8-2d20-4c36-9db9-0973142f0a01_1592x2048.png', '68cb993bcdf25c6b459af970', '68cb993bcdf25c6b459af971', '1', 18, 'https://ai-image.weshop.com/20250918_1_320cc328-0b49-4a33-9d61-16d5cd00d400_656x829.png', NULL, '0', '0', '', '2025-09-18 13:33:58', '', NULL, NULL);
INSERT INTO `we_ai_picture` VALUES (244, '1+bsd3+bsd1+bsd24', 'https://ai-image.weshop.com/20250918_1_6b1d580b-fa22-4b5f-b55f-73934ddf0d4a_1592x2048.png', '68cb993bcdf25c6b459af970', '68cb993bcdf25c6b459af971', '1', 18, 'https://ai-image.weshop.com/20250918_1_320cc328-0b49-4a33-9d61-16d5cd00d400_656x829.png', NULL, '0', '0', '', '2025-09-18 13:33:58', '', NULL, NULL);
INSERT INTO `we_ai_picture` VALUES (245, '1+bsd3+bsd1+bsd7', 'https://ai-image.weshop.com/20250918_1_ce5016f4-2961-4d59-be0b-762121314972_1360x2048.png', '68cb99c2cdf25c6b459af9fb', '68cb99c27af440cb455c6a91', '1', 35, 'https://ai-image.weshop.com/20250918_1_39ce8245-6c23-4d4b-a469-f157f0caa98b_544x803.png', NULL, '0', '0', '', '2025-09-18 13:34:26', '', NULL, NULL);
INSERT INTO `we_ai_picture` VALUES (246, '1+bsd3+bsd1+bsd7', 'https://ai-image.weshop.com/20250918_1_e7c75f93-ad48-4d19-8dda-6e7d7e4a0168_1360x2048.png', '68cb99c2cdf25c6b459af9fb', '68cb99c27af440cb455c6a91', '1', 35, 'https://ai-image.weshop.com/20250918_1_39ce8245-6c23-4d4b-a469-f157f0caa98b_544x803.png', NULL, '0', '0', '', '2025-09-18 13:34:26', '', NULL, NULL);
INSERT INTO `we_ai_picture` VALUES (247, '1+bsd3+bsd1+bsd7', 'https://ai-image.weshop.com/20250918_1_c9eebacf-af58-40d8-a25d-481ff4515404_1360x2048.png', '68cb99c2cdf25c6b459af9fb', '68cb99c27af440cb455c6a91', '1', 35, 'https://ai-image.weshop.com/20250918_1_39ce8245-6c23-4d4b-a469-f157f0caa98b_544x803.png', NULL, '0', '0', '', '2025-09-18 13:34:26', '', NULL, NULL);
INSERT INTO `we_ai_picture` VALUES (248, '1+bsd3+bsd1+bsd7', 'https://ai-image.weshop.com/20250918_1_02ae07ac-cab9-4b4f-9336-6649c4a34a62_1360x2048.png', '68cb99c2cdf25c6b459af9fb', '68cb99c27af440cb455c6a91', '1', 35, 'https://ai-image.weshop.com/20250918_1_39ce8245-6c23-4d4b-a469-f157f0caa98b_544x803.png', NULL, '0', '0', '', '2025-09-18 13:34:26', '', NULL, NULL);
INSERT INTO `we_ai_picture` VALUES (249, '1+bsd3+bsd1+bsd13', 'https://ai-image.weshop.com/20250918_1_23dd7dda-7682-4573-a38a-1dcc6e0acc4b_2048x2048.png', '68cb99c37af440cb455c6a9b', '68cb99c37af440cb455c6a9c', '1', 29, 'https://ai-image.weshop.com/20250918_1_f2c0883a-b7d5-4c1e-bd77-de5537a6f057_664x663.png', NULL, '0', '0', '', '2025-09-18 13:34:26', '', NULL, NULL);
INSERT INTO `we_ai_picture` VALUES (250, '1+bsd3+bsd1+bsd13', 'https://ai-image.weshop.com/20250918_1_ac80ee76-065a-4956-9d35-cbc4e1b44770_2048x2048.png', '68cb99c37af440cb455c6a9b', '68cb99c37af440cb455c6a9c', '1', 29, 'https://ai-image.weshop.com/20250918_1_f2c0883a-b7d5-4c1e-bd77-de5537a6f057_664x663.png', NULL, '0', '0', '', '2025-09-18 13:34:27', '', NULL, NULL);
INSERT INTO `we_ai_picture` VALUES (251, '1+bsd3+bsd1+bsd13', 'https://ai-image.weshop.com/20250918_1_61582a27-85c7-47e8-b72e-a7026468e867_2048x2048.png', '68cb99c37af440cb455c6a9b', '68cb99c37af440cb455c6a9c', '1', 29, 'https://ai-image.weshop.com/20250918_1_f2c0883a-b7d5-4c1e-bd77-de5537a6f057_664x663.png', NULL, '0', '0', '', '2025-09-18 13:34:27', '', NULL, NULL);
INSERT INTO `we_ai_picture` VALUES (252, '1+bsd3+bsd1+bsd13', 'https://ai-image.weshop.com/20250918_1_4794f6c2-4102-46e5-bc8f-b684247e76f9_2048x2048.png', '68cb99c37af440cb455c6a9b', '68cb99c37af440cb455c6a9c', '1', 29, 'https://ai-image.weshop.com/20250918_1_f2c0883a-b7d5-4c1e-bd77-de5537a6f057_664x663.png', NULL, '0', '0', '', '2025-09-18 13:34:27', '', NULL, NULL);
INSERT INTO `we_ai_picture` VALUES (253, '1+bsd4+bsd1+bsd36', 'https://ai-image.weshop.com/20250918_1_ddf926bb-c53c-40b0-8735-b07c7d36dec5_1592x2048.png', '68cb99d5cdf25c6b459af9fc', '68cb99d57af440cb455c6aa7', '1', 93, 'https://ai-image.weshop.com/20250918_1_ace9e132-44d3-44aa-94a3-009dbc649b76_600x774.png', NULL, '0', '0', '', '2025-09-18 13:34:45', '', NULL, NULL);
INSERT INTO `we_ai_picture` VALUES (254, '1+bsd4+bsd1+bsd36', 'https://ai-image.weshop.com/20250918_1_c801c39e-de18-4eba-a9ca-358e89229dd1_1592x2048.png', '68cb99d5cdf25c6b459af9fc', '68cb99d57af440cb455c6aa7', '1', 93, 'https://ai-image.weshop.com/20250918_1_ace9e132-44d3-44aa-94a3-009dbc649b76_600x774.png', NULL, '0', '0', '', '2025-09-18 13:34:45', '', NULL, NULL);
INSERT INTO `we_ai_picture` VALUES (255, '1+bsd4+bsd1+bsd36', 'https://ai-image.weshop.com/20250918_1_a9074b4a-c0d3-483d-abce-35b0a56b973e_1592x2048.png', '68cb99d5cdf25c6b459af9fc', '68cb99d57af440cb455c6aa7', '1', 93, 'https://ai-image.weshop.com/20250918_1_ace9e132-44d3-44aa-94a3-009dbc649b76_600x774.png', NULL, '0', '0', '', '2025-09-18 13:34:45', '', NULL, NULL);
INSERT INTO `we_ai_picture` VALUES (256, '1+bsd4+bsd1+bsd36', 'https://ai-image.weshop.com/20250918_1_3c34ea4d-b556-44ed-baeb-ce0c34f5e21b_1592x2048.png', '68cb99d5cdf25c6b459af9fc', '68cb99d57af440cb455c6aa7', '1', 93, 'https://ai-image.weshop.com/20250918_1_ace9e132-44d3-44aa-94a3-009dbc649b76_600x774.png', NULL, '0', '0', '', '2025-09-18 13:34:45', '', NULL, NULL);
INSERT INTO `we_ai_picture` VALUES (257, '1+bsd3+bsd1+bsd12', 'https://ai-image.weshop.com/20250918_1_d4c99b52-34e9-4957-97e1-35cd7c7dc0c1_1488x2048.png', '68cb99e27af440cb455c6ab5', '68cb99e27af440cb455c6ab6', '1', 30, 'https://ai-image.weshop.com/20250918_1_6dff19eb-b504-4996-82b6-ec34b84989da_552x748.png', NULL, '0', '0', '', '2025-09-18 13:36:55', '', NULL, NULL);
INSERT INTO `we_ai_picture` VALUES (258, '1+bsd3+bsd1+bsd12', 'https://ai-image.weshop.com/20250918_1_1bdb8f55-cbf0-4e63-8773-bb172e59f140_1488x2048.png', '68cb99e27af440cb455c6ab5', '68cb99e27af440cb455c6ab6', '1', 30, 'https://ai-image.weshop.com/20250918_1_6dff19eb-b504-4996-82b6-ec34b84989da_552x748.png', NULL, '0', '0', '', '2025-09-18 13:36:55', '', NULL, NULL);
INSERT INTO `we_ai_picture` VALUES (259, '1+bsd3+bsd1+bsd12', 'https://ai-image.weshop.com/20250918_1_440ee421-459d-485a-bab2-e364b9e52b3f_1488x2048.png', '68cb99e27af440cb455c6ab5', '68cb99e27af440cb455c6ab6', '1', 30, 'https://ai-image.weshop.com/20250918_1_6dff19eb-b504-4996-82b6-ec34b84989da_552x748.png', NULL, '0', '0', '', '2025-09-18 13:36:55', '', NULL, NULL);
INSERT INTO `we_ai_picture` VALUES (260, '1+bsd3+bsd1+bsd12', 'https://ai-image.weshop.com/20250918_1_bbf67d78-c8f7-4339-bb1e-823f4d66bcc9_1488x2048.png', '68cb99e27af440cb455c6ab5', '68cb99e27af440cb455c6ab6', '1', 30, 'https://ai-image.weshop.com/20250918_1_6dff19eb-b504-4996-82b6-ec34b84989da_552x748.png', NULL, '0', '0', '', '2025-09-18 13:36:55', '', NULL, NULL);
INSERT INTO `we_ai_picture` VALUES (261, '1+bsd3+bsd1+bsd5', 'https://ai-image.weshop.com/20250918_1_32dc6a64-050b-4983-abb5-c0877d3846bb_1360x2048.png', '68cb99e27af440cb455c6ab4', '68cb99e2cdf25c6b459afa10', '1', 37, 'https://ai-image.weshop.com/20250918_1_848514ca-f0eb-489f-aba5-3f42cc94a7c9_552x810.png', NULL, '0', '0', '', '2025-09-18 13:36:55', '', NULL, NULL);
INSERT INTO `we_ai_picture` VALUES (262, '1+bsd3+bsd1+bsd5', 'https://ai-image.weshop.com/20250918_1_ae634717-6130-4f04-a6ca-4ba98e326b34_1360x2048.png', '68cb99e27af440cb455c6ab4', '68cb99e2cdf25c6b459afa10', '1', 37, 'https://ai-image.weshop.com/20250918_1_848514ca-f0eb-489f-aba5-3f42cc94a7c9_552x810.png', NULL, '0', '0', '', '2025-09-18 13:36:55', '', NULL, NULL);
INSERT INTO `we_ai_picture` VALUES (263, '1+bsd3+bsd1+bsd5', 'https://ai-image.weshop.com/20250918_1_86f64c2a-59cd-43e4-8e3a-43c231ee6b45_1360x2048.png', '68cb99e27af440cb455c6ab4', '68cb99e2cdf25c6b459afa10', '1', 37, 'https://ai-image.weshop.com/20250918_1_848514ca-f0eb-489f-aba5-3f42cc94a7c9_552x810.png', NULL, '0', '0', '', '2025-09-18 13:36:55', '', NULL, NULL);
INSERT INTO `we_ai_picture` VALUES (264, '1+bsd3+bsd1+bsd5', 'https://ai-image.weshop.com/20250918_1_e8d76f56-3c85-40de-82bc-9d223bb88331_1360x2048.png', '68cb99e27af440cb455c6ab4', '68cb99e2cdf25c6b459afa10', '1', 37, 'https://ai-image.weshop.com/20250918_1_848514ca-f0eb-489f-aba5-3f42cc94a7c9_552x810.png', NULL, '0', '0', '', '2025-09-18 13:36:55', '', NULL, NULL);
INSERT INTO `we_ai_picture` VALUES (265, '1+bsd4+bsd2+bsd50', 'https://ai-image.weshop.com/20250918_1_94530bde-74e2-430c-bd7b-2705dbb7d391_1360x2048.png', '68cb99f7cdf25c6b459afa25', '68cb99f77af440cb455c6acd', '1', 125, 'https://ai-image.weshop.com/20250918_1_bc6d4d42-879a-4d1d-903b-416a6532ffcb_544x799.png', NULL, '0', '0', '', '2025-09-18 13:36:56', '', NULL, NULL);
INSERT INTO `we_ai_picture` VALUES (266, '1+bsd4+bsd2+bsd50', 'https://ai-image.weshop.com/20250918_1_286142ca-cd6d-4c87-a076-12efce1aa284_1360x2048.png', '68cb99f7cdf25c6b459afa25', '68cb99f77af440cb455c6acd', '1', 125, 'https://ai-image.weshop.com/20250918_1_bc6d4d42-879a-4d1d-903b-416a6532ffcb_544x799.png', NULL, '0', '0', '', '2025-09-18 13:36:56', '', NULL, NULL);
INSERT INTO `we_ai_picture` VALUES (267, '1+bsd4+bsd2+bsd50', 'https://ai-image.weshop.com/20250918_1_4461adfa-681d-4e0b-af60-c21d03997898_1360x2048.png', '68cb99f7cdf25c6b459afa25', '68cb99f77af440cb455c6acd', '1', 125, 'https://ai-image.weshop.com/20250918_1_bc6d4d42-879a-4d1d-903b-416a6532ffcb_544x799.png', NULL, '0', '0', '', '2025-09-18 13:36:56', '', NULL, NULL);
INSERT INTO `we_ai_picture` VALUES (268, '1+bsd4+bsd2+bsd50', 'https://ai-image.weshop.com/20250918_1_d8d45a68-772c-4bfa-99c6-d46ee126077a_1360x2048.png', '68cb99f7cdf25c6b459afa25', '68cb99f77af440cb455c6acd', '1', 125, 'https://ai-image.weshop.com/20250918_1_bc6d4d42-879a-4d1d-903b-416a6532ffcb_544x799.png', NULL, '0', '0', '', '2025-09-18 13:36:56', '', NULL, NULL);
INSERT INTO `we_ai_picture` VALUES (269, '1+bsd4+bsd2+bsd34', 'https://ai-image.weshop.com/20250918_1_7eb5f8e5-7378-453d-a673-265bd1d8d83a_1360x2048.png', '68cb9a30cdf25c6b459afa3e', '68cb9a307af440cb455c6aee', '1', 135, 'https://ai-image.weshop.com/20250918_1_281c2328-a901-4fc3-abce-42ebe2286f70_552x797.png', NULL, '0', '0', '', '2025-09-18 13:36:56', '', NULL, NULL);
INSERT INTO `we_ai_picture` VALUES (270, '1+bsd4+bsd2+bsd34', 'https://ai-image.weshop.com/20250918_1_50a7c0b0-bbbc-446b-b797-d2b7ecb6d310_1360x2048.png', '68cb9a30cdf25c6b459afa3e', '68cb9a307af440cb455c6aee', '1', 135, 'https://ai-image.weshop.com/20250918_1_281c2328-a901-4fc3-abce-42ebe2286f70_552x797.png', NULL, '0', '0', '', '2025-09-18 13:36:56', '', NULL, NULL);
INSERT INTO `we_ai_picture` VALUES (271, '1+bsd4+bsd2+bsd34', 'https://ai-image.weshop.com/20250918_1_13b7fcba-1f39-4643-8ff6-47e57502a787_1360x2048.png', '68cb9a30cdf25c6b459afa3e', '68cb9a307af440cb455c6aee', '1', 135, 'https://ai-image.weshop.com/20250918_1_281c2328-a901-4fc3-abce-42ebe2286f70_552x797.png', NULL, '0', '0', '', '2025-09-18 13:36:56', '', NULL, NULL);
INSERT INTO `we_ai_picture` VALUES (272, '1+bsd4+bsd2+bsd34', 'https://ai-image.weshop.com/20250918_1_3a6ea9ab-7862-41c3-960f-842d21d549d0_1360x2048.png', '68cb9a30cdf25c6b459afa3e', '68cb9a307af440cb455c6aee', '1', 135, 'https://ai-image.weshop.com/20250918_1_281c2328-a901-4fc3-abce-42ebe2286f70_552x797.png', NULL, '0', '0', '', '2025-09-18 13:36:56', '', NULL, NULL);
INSERT INTO `we_ai_picture` VALUES (273, '1+bsd4+bsd1+bsd34', 'https://ai-image.weshop.com/20250918_1_ccbb889b-6bce-4bc3-8102-b630fa08a465_1360x2048.png', '68cb99f4cdf25c6b459afa24', '68cb99f47af440cb455c6ac3', '1', 94, 'https://ai-image.weshop.com/20250918_1_26b642f6-40c9-4097-9e22-67370fb5bda9_552x797.png', NULL, '0', '0', '', '2025-09-18 13:36:57', '', NULL, NULL);
INSERT INTO `we_ai_picture` VALUES (274, '1+bsd4+bsd1+bsd34', 'https://ai-image.weshop.com/20250918_1_ea4da608-79a3-49d7-8b25-809333b58b17_1360x2048.png', '68cb99f4cdf25c6b459afa24', '68cb99f47af440cb455c6ac3', '1', 94, 'https://ai-image.weshop.com/20250918_1_26b642f6-40c9-4097-9e22-67370fb5bda9_552x797.png', NULL, '0', '0', '', '2025-09-18 13:36:57', '', NULL, NULL);
INSERT INTO `we_ai_picture` VALUES (275, '1+bsd4+bsd1+bsd34', 'https://ai-image.weshop.com/20250918_1_0286c755-5353-4574-a524-33268946ee97_1360x2048.png', '68cb99f4cdf25c6b459afa24', '68cb99f47af440cb455c6ac3', '1', 94, 'https://ai-image.weshop.com/20250918_1_26b642f6-40c9-4097-9e22-67370fb5bda9_552x797.png', NULL, '0', '0', '', '2025-09-18 13:36:57', '', NULL, NULL);
INSERT INTO `we_ai_picture` VALUES (276, '1+bsd4+bsd1+bsd34', 'https://ai-image.weshop.com/20250918_1_b8850490-0f41-4c18-ab56-f29bddb80ab6_1360x2048.png', '68cb99f4cdf25c6b459afa24', '68cb99f47af440cb455c6ac3', '1', 94, 'https://ai-image.weshop.com/20250918_1_26b642f6-40c9-4097-9e22-67370fb5bda9_552x797.png', NULL, '0', '0', '', '2025-09-18 13:36:57', '', NULL, NULL);
INSERT INTO `we_ai_picture` VALUES (277, '1+bsd3+bsd1+bsd4', 'https://ai-image.weshop.com/20250918_1_d756e5d8-2e50-40f8-9de3-cd71114e500b_1592x2048.png', '68cb9a767af440cb455c6b09', '68cb9a76cdf25c6b459afa51', '1', 38, 'https://ai-image.weshop.com/20250918_1_766ccfb5-6be5-4ef5-a26e-0ac3f1fb191b_616x808.png', NULL, '0', '0', '', '2025-09-18 13:37:21', '', NULL, NULL);
INSERT INTO `we_ai_picture` VALUES (278, '1+bsd3+bsd1+bsd4', 'https://ai-image.weshop.com/20250918_1_7550f93f-e71a-4d86-affd-d9aff3c1992b_1592x2048.png', '68cb9a767af440cb455c6b09', '68cb9a76cdf25c6b459afa51', '1', 38, 'https://ai-image.weshop.com/20250918_1_766ccfb5-6be5-4ef5-a26e-0ac3f1fb191b_616x808.png', NULL, '0', '0', '', '2025-09-18 13:37:21', '', NULL, NULL);
INSERT INTO `we_ai_picture` VALUES (279, '1+bsd3+bsd1+bsd4', 'https://ai-image.weshop.com/20250918_1_77710589-7e0d-4284-8df0-65737cd87044_1592x2048.png', '68cb9a767af440cb455c6b09', '68cb9a76cdf25c6b459afa51', '1', 38, 'https://ai-image.weshop.com/20250918_1_766ccfb5-6be5-4ef5-a26e-0ac3f1fb191b_616x808.png', NULL, '0', '0', '', '2025-09-18 13:37:21', '', NULL, NULL);
INSERT INTO `we_ai_picture` VALUES (280, '1+bsd3+bsd1+bsd4', 'https://ai-image.weshop.com/20250918_1_af8fde2a-2292-4d05-96dd-a14cfa227a91_1592x2048.png', '68cb9a767af440cb455c6b09', '68cb9a76cdf25c6b459afa51', '1', 38, 'https://ai-image.weshop.com/20250918_1_766ccfb5-6be5-4ef5-a26e-0ac3f1fb191b_616x808.png', NULL, '0', '0', '', '2025-09-18 13:37:21', '', NULL, NULL);
INSERT INTO `we_ai_picture` VALUES (281, '1+bsd3+bsd1+bsd3', 'https://ai-image.weshop.com/20250918_1_d0065d45-0322-4a2c-a18b-f77ce98fea90_1696x2048.png', '68cb9a907af440cb455c6b21', '68cb9a90cdf25c6b459afa71', '1', 39, 'https://ai-image.weshop.com/20250918_1_ef6362cb-098d-4b41-b8c1-c0c9d0f1fb3e_552x653.png', NULL, '0', '0', '', '2025-09-18 13:39:54', '', NULL, NULL);
INSERT INTO `we_ai_picture` VALUES (282, '1+bsd3+bsd1+bsd3', 'https://ai-image.weshop.com/20250918_1_d64fbd81-2898-447d-813b-6e021be674b2_1696x2048.png', '68cb9a907af440cb455c6b21', '68cb9a90cdf25c6b459afa71', '1', 39, 'https://ai-image.weshop.com/20250918_1_ef6362cb-098d-4b41-b8c1-c0c9d0f1fb3e_552x653.png', NULL, '0', '0', '', '2025-09-18 13:39:54', '', NULL, NULL);
INSERT INTO `we_ai_picture` VALUES (283, '1+bsd3+bsd1+bsd3', 'https://ai-image.weshop.com/20250918_1_d7514deb-440d-46df-be6f-b8bdbf461782_1696x2048.png', '68cb9a907af440cb455c6b21', '68cb9a90cdf25c6b459afa71', '1', 39, 'https://ai-image.weshop.com/20250918_1_ef6362cb-098d-4b41-b8c1-c0c9d0f1fb3e_552x653.png', NULL, '0', '0', '', '2025-09-18 13:39:54', '', NULL, NULL);
INSERT INTO `we_ai_picture` VALUES (284, '1+bsd3+bsd1+bsd3', 'https://ai-image.weshop.com/20250918_1_ed46f90a-10b2-42dc-b6cf-8938be371e27_1696x2048.png', '68cb9a907af440cb455c6b21', '68cb9a90cdf25c6b459afa71', '1', 39, 'https://ai-image.weshop.com/20250918_1_ef6362cb-098d-4b41-b8c1-c0c9d0f1fb3e_552x653.png', NULL, '0', '0', '', '2025-09-18 13:39:54', '', NULL, NULL);
INSERT INTO `we_ai_picture` VALUES (285, '1+bsd4+bsd2+bsd47', 'https://ai-image.weshop.com/20250918_1_5e7806a5-cef6-49eb-b5a1-316322b47c8b_1592x2048.png', '68cb9a77cdf25c6b459afa5b', '68cb9a777af440cb455c6b0a', '1', 127, 'https://ai-image.weshop.com/20250918_1_34d4a604-a6f8-455b-8b93-4ae7b426d1fb_600x760.png', NULL, '0', '0', '', '2025-09-18 13:39:55', '', NULL, NULL);
INSERT INTO `we_ai_picture` VALUES (286, '1+bsd4+bsd2+bsd47', 'https://ai-image.weshop.com/20250918_1_bd943c07-e1fe-44dc-badf-62b4b8774c6b_1592x2048.png', '68cb9a77cdf25c6b459afa5b', '68cb9a777af440cb455c6b0a', '1', 127, 'https://ai-image.weshop.com/20250918_1_34d4a604-a6f8-455b-8b93-4ae7b426d1fb_600x760.png', NULL, '0', '0', '', '2025-09-18 13:39:55', '', NULL, NULL);
INSERT INTO `we_ai_picture` VALUES (287, '1+bsd4+bsd2+bsd47', 'https://ai-image.weshop.com/20250918_1_a036398b-fb82-4507-98e4-7332fb27742b_1592x2048.png', '68cb9a77cdf25c6b459afa5b', '68cb9a777af440cb455c6b0a', '1', 127, 'https://ai-image.weshop.com/20250918_1_34d4a604-a6f8-455b-8b93-4ae7b426d1fb_600x760.png', NULL, '0', '0', '', '2025-09-18 13:39:55', '', NULL, NULL);
INSERT INTO `we_ai_picture` VALUES (288, '1+bsd4+bsd2+bsd47', 'https://ai-image.weshop.com/20250918_1_fe704242-5661-4fd0-bbb7-7ca7b57e59e0_1592x2048.png', '68cb9a77cdf25c6b459afa5b', '68cb9a777af440cb455c6b0a', '1', 127, 'https://ai-image.weshop.com/20250918_1_34d4a604-a6f8-455b-8b93-4ae7b426d1fb_600x760.png', NULL, '0', '0', '', '2025-09-18 13:39:55', '', NULL, NULL);
INSERT INTO `we_ai_picture` VALUES (289, '1+bsd4+bsd2+bsd33', 'https://ai-image.weshop.com/20250918_1_71aab496-0b97-4dfe-b5ee-474217d0ba5d_1592x2048.png', '68cb9a777af440cb455c6b14', '68cb9a77cdf25c6b459afa5c', '1', 136, 'https://ai-image.weshop.com/20250918_1_1e5bd2ee-2c2e-4ed8-998a-44628eeb039d_600x784.png', NULL, '0', '0', '', '2025-09-18 13:39:55', '', NULL, NULL);
INSERT INTO `we_ai_picture` VALUES (290, '1+bsd4+bsd2+bsd33', 'https://ai-image.weshop.com/20250918_1_b3230abd-64b9-414a-a37a-ee27406848c8_1592x2048.png', '68cb9a777af440cb455c6b14', '68cb9a77cdf25c6b459afa5c', '1', 136, 'https://ai-image.weshop.com/20250918_1_1e5bd2ee-2c2e-4ed8-998a-44628eeb039d_600x784.png', NULL, '0', '0', '', '2025-09-18 13:39:55', '', NULL, NULL);
INSERT INTO `we_ai_picture` VALUES (291, '1+bsd4+bsd2+bsd33', 'https://ai-image.weshop.com/20250918_1_ca61c8ab-bc4e-49c6-90ee-cc310276366f_1592x2048.png', '68cb9a777af440cb455c6b14', '68cb9a77cdf25c6b459afa5c', '1', 136, 'https://ai-image.weshop.com/20250918_1_1e5bd2ee-2c2e-4ed8-998a-44628eeb039d_600x784.png', NULL, '0', '0', '', '2025-09-18 13:39:55', '', NULL, NULL);
INSERT INTO `we_ai_picture` VALUES (292, '1+bsd4+bsd2+bsd33', 'https://ai-image.weshop.com/20250918_1_f4284e90-67b2-4e8c-b4b1-d8883fb9cecb_1592x2048.png', '68cb9a777af440cb455c6b14', '68cb9a77cdf25c6b459afa5c', '1', 136, 'https://ai-image.weshop.com/20250918_1_1e5bd2ee-2c2e-4ed8-998a-44628eeb039d_600x784.png', NULL, '0', '0', '', '2025-09-18 13:39:55', '', NULL, NULL);
INSERT INTO `we_ai_picture` VALUES (293, '1+bsd4+bsd1+bsd33', 'https://ai-image.weshop.com/20250918_1_016a2d67-d243-419c-848c-eb16ac5c5ec4_1592x2048.png', '68cb9a79cdf25c6b459afa66', '68cb9a797af440cb455c6b15', '1', 95, 'https://ai-image.weshop.com/20250918_1_432c1b85-0055-424a-8999-072567c026b3_600x784.png', NULL, '0', '0', '', '2025-09-18 13:39:56', '', NULL, NULL);
INSERT INTO `we_ai_picture` VALUES (294, '1+bsd4+bsd1+bsd33', 'https://ai-image.weshop.com/20250918_1_3e17db04-11a9-4a81-bbb2-80cb06833b1e_1592x2048.png', '68cb9a79cdf25c6b459afa66', '68cb9a797af440cb455c6b15', '1', 95, 'https://ai-image.weshop.com/20250918_1_432c1b85-0055-424a-8999-072567c026b3_600x784.png', NULL, '0', '0', '', '2025-09-18 13:39:56', '', NULL, NULL);
INSERT INTO `we_ai_picture` VALUES (295, '1+bsd4+bsd1+bsd33', 'https://ai-image.weshop.com/20250918_1_c2d2dd64-c419-4c29-a0da-bd270442d083_1592x2048.png', '68cb9a79cdf25c6b459afa66', '68cb9a797af440cb455c6b15', '1', 95, 'https://ai-image.weshop.com/20250918_1_432c1b85-0055-424a-8999-072567c026b3_600x784.png', NULL, '0', '0', '', '2025-09-18 13:39:56', '', NULL, NULL);
INSERT INTO `we_ai_picture` VALUES (296, '1+bsd4+bsd1+bsd33', 'https://ai-image.weshop.com/20250918_1_70510a57-a1f3-40a2-9520-72b3254515c6_1592x2048.png', '68cb9a79cdf25c6b459afa66', '68cb9a797af440cb455c6b15', '1', 95, 'https://ai-image.weshop.com/20250918_1_432c1b85-0055-424a-8999-072567c026b3_600x784.png', NULL, '0', '0', '', '2025-09-18 13:39:56', '', NULL, NULL);
INSERT INTO `we_ai_picture` VALUES (297, '1+cloth1+bsd1+bsd36', 'https://ai-image.weshop.com/20250918_1_e0431bee-4cd4-4d6f-80a8-32d0515da96b_1592x2048.png', '68cb9aaecdf25c6b459afa7c', '68cb9aaecdf25c6b459afa7d', '1', 175, 'https://ai-image.weshop.com/20250918_1_51169f7b-3aac-4311-8920-e24fb56c052d_984x1279.png', NULL, '0', '0', '', '2025-09-18 13:39:59', '', NULL, NULL);
INSERT INTO `we_ai_picture` VALUES (298, '1+cloth1+bsd1+bsd36', 'https://ai-image.weshop.com/20250918_1_47281f7c-69bd-46c7-8c8d-b9e94761b1e0_1592x2048.png', '68cb9aaecdf25c6b459afa7c', '68cb9aaecdf25c6b459afa7d', '1', 175, 'https://ai-image.weshop.com/20250918_1_51169f7b-3aac-4311-8920-e24fb56c052d_984x1279.png', NULL, '0', '0', '', '2025-09-18 13:39:59', '', NULL, NULL);
INSERT INTO `we_ai_picture` VALUES (299, '1+cloth1+bsd1+bsd36', 'https://ai-image.weshop.com/20250918_1_a25e6173-c231-466c-b63f-a7ab2cc0b8ab_1592x2048.png', '68cb9aaecdf25c6b459afa7c', '68cb9aaecdf25c6b459afa7d', '1', 175, 'https://ai-image.weshop.com/20250918_1_51169f7b-3aac-4311-8920-e24fb56c052d_984x1279.png', NULL, '0', '0', '', '2025-09-18 13:39:59', '', NULL, NULL);
INSERT INTO `we_ai_picture` VALUES (300, '1+cloth1+bsd1+bsd36', 'https://ai-image.weshop.com/20250918_1_eaa665db-cc88-419c-aff5-89a438b58fe0_1592x2048.png', '68cb9aaecdf25c6b459afa7c', '68cb9aaecdf25c6b459afa7d', '1', 175, 'https://ai-image.weshop.com/20250918_1_51169f7b-3aac-4311-8920-e24fb56c052d_984x1279.png', NULL, '0', '0', '', '2025-09-18 13:39:59', '', NULL, NULL);
INSERT INTO `we_ai_picture` VALUES (301, '1+bsd3+bsd1+bsd2', 'https://ai-image.weshop.com/20250918_1_897a9333-0358-47d1-ac9f-f133e78ac4b3_2048x2048.png', '68cb9b297af440cb455c6b38', '68cb9b29cdf25c6b459afaa0', '1', 40, 'https://ai-image.weshop.com/20250918_1_7feecea4-4579-424d-bc90-0fa5307dc9ea_664x683.png', NULL, '0', '0', '', '2025-09-18 13:40:35', '', NULL, NULL);
INSERT INTO `we_ai_picture` VALUES (302, '1+bsd3+bsd1+bsd2', 'https://ai-image.weshop.com/20250918_1_61c81804-0d4a-46c2-b63a-1ddad0519069_2048x2048.png', '68cb9b297af440cb455c6b38', '68cb9b29cdf25c6b459afaa0', '1', 40, 'https://ai-image.weshop.com/20250918_1_7feecea4-4579-424d-bc90-0fa5307dc9ea_664x683.png', NULL, '0', '0', '', '2025-09-18 13:40:35', '', NULL, NULL);
INSERT INTO `we_ai_picture` VALUES (303, '1+bsd3+bsd1+bsd2', 'https://ai-image.weshop.com/20250918_1_43fb0a61-974d-48eb-86d6-a2b8cd37656e_2048x2048.png', '68cb9b297af440cb455c6b38', '68cb9b29cdf25c6b459afaa0', '1', 40, 'https://ai-image.weshop.com/20250918_1_7feecea4-4579-424d-bc90-0fa5307dc9ea_664x683.png', NULL, '0', '0', '', '2025-09-18 13:40:35', '', NULL, NULL);
INSERT INTO `we_ai_picture` VALUES (304, '1+bsd3+bsd1+bsd2', 'https://ai-image.weshop.com/20250918_1_32f6af13-8990-4a99-a568-b17ba7cd76c2_2048x2048.png', '68cb9b297af440cb455c6b38', '68cb9b29cdf25c6b459afaa0', '1', 40, 'https://ai-image.weshop.com/20250918_1_7feecea4-4579-424d-bc90-0fa5307dc9ea_664x683.png', NULL, '0', '0', '', '2025-09-18 13:40:35', '', NULL, NULL);
INSERT INTO `we_ai_picture` VALUES (305, '1+cloth1+bsd1+bsd34', 'https://ai-image.weshop.com/20250918_1_56c05f17-c216-403f-94b1-9bdd64bc80d5_1488x2048.png', '68cb9b2fcdf25c6b459afabf', '68cb9b2f7af440cb455c6b45', '1', 176, 'https://ai-image.weshop.com/20250918_1_c7839715-52b5-4b66-bfa4-3741beb4492f_1328x1903.png', NULL, '0', '0', '', '2025-09-18 13:42:54', '', NULL, NULL);
INSERT INTO `we_ai_picture` VALUES (306, '1+cloth1+bsd1+bsd34', 'https://ai-image.weshop.com/20250918_1_1a67112b-a62f-4f40-b44b-059c1d97ee16_1488x2048.png', '68cb9b2fcdf25c6b459afabf', '68cb9b2f7af440cb455c6b45', '1', 176, 'https://ai-image.weshop.com/20250918_1_c7839715-52b5-4b66-bfa4-3741beb4492f_1328x1903.png', NULL, '0', '0', '', '2025-09-18 13:42:54', '', NULL, NULL);
INSERT INTO `we_ai_picture` VALUES (307, '1+cloth1+bsd1+bsd34', 'https://ai-image.weshop.com/20250918_1_9a165f79-dcc4-4144-9c0c-f104ad2d818b_1488x2048.png', '68cb9b2fcdf25c6b459afabf', '68cb9b2f7af440cb455c6b45', '1', 176, 'https://ai-image.weshop.com/20250918_1_c7839715-52b5-4b66-bfa4-3741beb4492f_1328x1903.png', NULL, '0', '0', '', '2025-09-18 13:42:54', '', NULL, NULL);
INSERT INTO `we_ai_picture` VALUES (308, '1+cloth1+bsd1+bsd34', 'https://ai-image.weshop.com/20250918_1_6ff653ae-89ac-47de-b4ba-0b0066416ea4_1488x2048.png', '68cb9b2fcdf25c6b459afabf', '68cb9b2f7af440cb455c6b45', '1', 176, 'https://ai-image.weshop.com/20250918_1_c7839715-52b5-4b66-bfa4-3741beb4492f_1328x1903.png', NULL, '0', '0', '', '2025-09-18 13:42:54', '', NULL, NULL);
INSERT INTO `we_ai_picture` VALUES (309, '1+bsd4+bsd2+bsd44', 'https://ai-image.weshop.com/20250918_1_d14dd56f-85c9-492c-88d0-0555df4b1d3f_1488x2048.png', '68cb9b2a7af440cb455c6b39', '68cb9b2acdf25c6b459afaaa', '1', 129, 'https://ai-image.weshop.com/20250918_1_4659b4b0-4671-4815-b732-08f8bfb9847a_528x740.png', NULL, '0', '0', '', '2025-09-18 13:42:58', '', NULL, NULL);
INSERT INTO `we_ai_picture` VALUES (310, '1+bsd4+bsd2+bsd44', 'https://ai-image.weshop.com/20250918_1_d508b790-6923-4c82-8998-fdd253ad952f_1488x2048.png', '68cb9b2a7af440cb455c6b39', '68cb9b2acdf25c6b459afaaa', '1', 129, 'https://ai-image.weshop.com/20250918_1_4659b4b0-4671-4815-b732-08f8bfb9847a_528x740.png', NULL, '0', '0', '', '2025-09-18 13:42:58', '', NULL, NULL);
INSERT INTO `we_ai_picture` VALUES (311, '1+bsd4+bsd2+bsd44', 'https://ai-image.weshop.com/20250918_1_db82dfde-a461-430c-8d09-0098d44bd659_1488x2048.png', '68cb9b2a7af440cb455c6b39', '68cb9b2acdf25c6b459afaaa', '1', 129, 'https://ai-image.weshop.com/20250918_1_4659b4b0-4671-4815-b732-08f8bfb9847a_528x740.png', NULL, '0', '0', '', '2025-09-18 13:42:58', '', NULL, NULL);
INSERT INTO `we_ai_picture` VALUES (312, '1+bsd4+bsd2+bsd44', 'https://ai-image.weshop.com/20250918_1_b0887932-b64f-4542-bbdc-7da0ec4ba935_1488x2048.png', '68cb9b2a7af440cb455c6b39', '68cb9b2acdf25c6b459afaaa', '1', 129, 'https://ai-image.weshop.com/20250918_1_4659b4b0-4671-4815-b732-08f8bfb9847a_528x740.png', NULL, '0', '0', '', '2025-09-18 13:42:58', '', NULL, NULL);
INSERT INTO `we_ai_picture` VALUES (313, '1+bsd4+bsd2+bsd28', 'https://ai-image.weshop.com/20250918_1_a87bc018-e110-4ad5-a04b-47543a03e842_1696x2048.png', '68cb9b2acdf25c6b459afab4', '68cb9b2a7af440cb455c6b3a', '1', 137, 'https://ai-image.weshop.com/20250918_1_e86e6b2b-f218-4e44-81a5-cd019e3ca3ac_640x798.png', NULL, '0', '0', '', '2025-09-18 13:42:58', '', NULL, NULL);
INSERT INTO `we_ai_picture` VALUES (314, '1+bsd4+bsd2+bsd28', 'https://ai-image.weshop.com/20250918_1_4917e291-cf2b-492b-9cb0-d8ad59c88a53_1696x2048.png', '68cb9b2acdf25c6b459afab4', '68cb9b2a7af440cb455c6b3a', '1', 137, 'https://ai-image.weshop.com/20250918_1_e86e6b2b-f218-4e44-81a5-cd019e3ca3ac_640x798.png', NULL, '0', '0', '', '2025-09-18 13:42:58', '', NULL, NULL);
INSERT INTO `we_ai_picture` VALUES (315, '1+bsd4+bsd2+bsd28', 'https://ai-image.weshop.com/20250918_1_c0cc4a87-780a-431a-aa1f-c7564cd446eb_1696x2048.png', '68cb9b2acdf25c6b459afab4', '68cb9b2a7af440cb455c6b3a', '1', 137, 'https://ai-image.weshop.com/20250918_1_e86e6b2b-f218-4e44-81a5-cd019e3ca3ac_640x798.png', NULL, '0', '0', '', '2025-09-18 13:42:58', '', NULL, NULL);
INSERT INTO `we_ai_picture` VALUES (316, '1+bsd4+bsd2+bsd28', 'https://ai-image.weshop.com/20250918_1_3da8f50a-1a55-40f8-a255-cebf70274dea_1696x2048.png', '68cb9b2acdf25c6b459afab4', '68cb9b2a7af440cb455c6b3a', '1', 137, 'https://ai-image.weshop.com/20250918_1_e86e6b2b-f218-4e44-81a5-cd019e3ca3ac_640x798.png', NULL, '0', '0', '', '2025-09-18 13:42:58', '', NULL, NULL);
INSERT INTO `we_ai_picture` VALUES (317, '1+bsd4+bsd1+bsd28', 'https://ai-image.weshop.com/20250918_1_1fc180ed-63a5-43b8-9ca6-f9995e81fce1_1696x2048.png', '68cb9b2b7af440cb455c6b44', '68cb9b2bcdf25c6b459afab5', '1', 96, 'https://ai-image.weshop.com/20250918_1_93041427-c18a-428f-af9f-ce52e389e95a_640x798.png', NULL, '0', '0', '', '2025-09-18 13:42:59', '', NULL, NULL);
INSERT INTO `we_ai_picture` VALUES (318, '1+bsd4+bsd1+bsd28', 'https://ai-image.weshop.com/20250918_1_d6bde7b3-5a00-4386-93e4-df470021bb95_1696x2048.png', '68cb9b2b7af440cb455c6b44', '68cb9b2bcdf25c6b459afab5', '1', 96, 'https://ai-image.weshop.com/20250918_1_93041427-c18a-428f-af9f-ce52e389e95a_640x798.png', NULL, '0', '0', '', '2025-09-18 13:42:59', '', NULL, NULL);
INSERT INTO `we_ai_picture` VALUES (319, '1+bsd4+bsd1+bsd28', 'https://ai-image.weshop.com/20250918_1_f064b052-4952-4b03-a3f2-98e25ce73759_1696x2048.png', '68cb9b2b7af440cb455c6b44', '68cb9b2bcdf25c6b459afab5', '1', 96, 'https://ai-image.weshop.com/20250918_1_93041427-c18a-428f-af9f-ce52e389e95a_640x798.png', NULL, '0', '0', '', '2025-09-18 13:42:59', '', NULL, NULL);
INSERT INTO `we_ai_picture` VALUES (320, '1+bsd4+bsd1+bsd28', 'https://ai-image.weshop.com/20250918_1_bf256e45-0366-4fd5-9d11-6474b6d2bde0_1696x2048.png', '68cb9b2b7af440cb455c6b44', '68cb9b2bcdf25c6b459afab5', '1', 96, 'https://ai-image.weshop.com/20250918_1_93041427-c18a-428f-af9f-ce52e389e95a_640x798.png', NULL, '0', '0', '', '2025-09-18 13:42:59', '', NULL, NULL);
INSERT INTO `we_ai_picture` VALUES (321, '1+bsd4+bsd2+bsd40', 'https://ai-image.weshop.com/20250918_1_4140c4b7-1f06-41bf-a326-e2b55250d769_1360x2048.png', '68cb9be17af440cb455c6b77', '68cb9be1cdf25c6b459afafd', '1', 131, 'https://ai-image.weshop.com/20250918_1_3c65325a-5194-4e12-ac03-ee1a7215b7ba_528x773.png', NULL, '0', '0', '', '2025-09-18 13:43:39', '', NULL, NULL);
INSERT INTO `we_ai_picture` VALUES (322, '1+bsd4+bsd2+bsd40', 'https://ai-image.weshop.com/20250918_1_5299167e-bf05-4725-ad91-9bf03d22f24a_1360x2048.png', '68cb9be17af440cb455c6b77', '68cb9be1cdf25c6b459afafd', '1', 131, 'https://ai-image.weshop.com/20250918_1_3c65325a-5194-4e12-ac03-ee1a7215b7ba_528x773.png', NULL, '0', '0', '', '2025-09-18 13:43:39', '', NULL, NULL);
INSERT INTO `we_ai_picture` VALUES (323, '1+bsd4+bsd2+bsd40', 'https://ai-image.weshop.com/20250918_1_a83410a0-909e-431b-b0a4-7c3aa0ed26a6_1360x2048.png', '68cb9be17af440cb455c6b77', '68cb9be1cdf25c6b459afafd', '1', 131, 'https://ai-image.weshop.com/20250918_1_3c65325a-5194-4e12-ac03-ee1a7215b7ba_528x773.png', NULL, '0', '0', '', '2025-09-18 13:43:39', '', NULL, NULL);
INSERT INTO `we_ai_picture` VALUES (324, '1+bsd4+bsd2+bsd40', 'https://ai-image.weshop.com/20250918_1_8d61690d-257d-4ab0-8e36-2cd83e9b0f72_1360x2048.png', '68cb9be17af440cb455c6b77', '68cb9be1cdf25c6b459afafd', '1', 131, 'https://ai-image.weshop.com/20250918_1_3c65325a-5194-4e12-ac03-ee1a7215b7ba_528x773.png', NULL, '0', '0', '', '2025-09-18 13:43:39', '', NULL, NULL);
INSERT INTO `we_ai_picture` VALUES (325, '1+bsd4+bsd2+bsd27', 'https://ai-image.weshop.com/20250918_1_1f04c7cb-4811-4f77-93ad-3730707b2e7f_1592x2048.png', '68cb9be17af440cb455c6b78', '68cb9be1cdf25c6b459afb07', '1', 138, 'https://ai-image.weshop.com/20250918_1_20c12c33-4e3c-4757-a016-08a4e053b7f3_600x788.png', NULL, '0', '0', '', '2025-09-18 13:43:39', '', NULL, NULL);
INSERT INTO `we_ai_picture` VALUES (326, '1+bsd4+bsd2+bsd27', 'https://ai-image.weshop.com/20250918_1_4eb22507-043f-4129-99f6-791c5896882b_1592x2048.png', '68cb9be17af440cb455c6b78', '68cb9be1cdf25c6b459afb07', '1', 138, 'https://ai-image.weshop.com/20250918_1_20c12c33-4e3c-4757-a016-08a4e053b7f3_600x788.png', NULL, '0', '0', '', '2025-09-18 13:43:39', '', NULL, NULL);
INSERT INTO `we_ai_picture` VALUES (327, '1+bsd4+bsd2+bsd27', 'https://ai-image.weshop.com/20250918_1_b00534d1-afa0-4f43-9ea1-cefbf03f9c84_1592x2048.png', '68cb9be17af440cb455c6b78', '68cb9be1cdf25c6b459afb07', '1', 138, 'https://ai-image.weshop.com/20250918_1_20c12c33-4e3c-4757-a016-08a4e053b7f3_600x788.png', NULL, '0', '0', '', '2025-09-18 13:43:39', '', NULL, NULL);
INSERT INTO `we_ai_picture` VALUES (328, '1+bsd4+bsd2+bsd27', 'https://ai-image.weshop.com/20250918_1_22bd6d70-811e-48e9-861b-91fe256c8925_1592x2048.png', '68cb9be17af440cb455c6b78', '68cb9be1cdf25c6b459afb07', '1', 138, 'https://ai-image.weshop.com/20250918_1_20c12c33-4e3c-4757-a016-08a4e053b7f3_600x788.png', NULL, '0', '0', '', '2025-09-18 13:43:39', '', NULL, NULL);
INSERT INTO `we_ai_picture` VALUES (329, '1+bsd4+bsd2+bsd39', 'https://ai-image.weshop.com/20250918_1_032b3b0b-13bc-4e33-a850-088133dbd7b7_1592x2048.png', '68cb9c0acdf25c6b459afb12', '68cb9c0a7af440cb455c6b84', '1', 132, 'https://ai-image.weshop.com/20250918_1_37f74114-9847-4baf-a122-94766f9c0994_592x790.png', NULL, '0', '0', '', '2025-09-18 13:45:56', '', NULL, NULL);
INSERT INTO `we_ai_picture` VALUES (330, '1+bsd4+bsd2+bsd39', 'https://ai-image.weshop.com/20250918_1_f31b8461-0d24-4bc9-bcd0-aaed20e913d9_1592x2048.png', '68cb9c0acdf25c6b459afb12', '68cb9c0a7af440cb455c6b84', '1', 132, 'https://ai-image.weshop.com/20250918_1_37f74114-9847-4baf-a122-94766f9c0994_592x790.png', NULL, '0', '0', '', '2025-09-18 13:45:56', '', NULL, NULL);
INSERT INTO `we_ai_picture` VALUES (331, '1+bsd4+bsd2+bsd39', 'https://ai-image.weshop.com/20250918_1_7a354f45-a99c-47e5-b471-39b83aca92f3_1592x2048.png', '68cb9c0acdf25c6b459afb12', '68cb9c0a7af440cb455c6b84', '1', 132, 'https://ai-image.weshop.com/20250918_1_37f74114-9847-4baf-a122-94766f9c0994_592x790.png', NULL, '0', '0', '', '2025-09-18 13:45:56', '', NULL, NULL);
INSERT INTO `we_ai_picture` VALUES (332, '1+bsd4+bsd2+bsd39', 'https://ai-image.weshop.com/20250918_1_47b2bf83-c97f-429f-b9db-d0c2af745369_1592x2048.png', '68cb9c0acdf25c6b459afb12', '68cb9c0a7af440cb455c6b84', '1', 132, 'https://ai-image.weshop.com/20250918_1_37f74114-9847-4baf-a122-94766f9c0994_592x790.png', NULL, '0', '0', '', '2025-09-18 13:45:56', '', NULL, NULL);
INSERT INTO `we_ai_picture` VALUES (333, '1+bsd4+bsd2+bsd26', 'https://ai-image.weshop.com/20250918_1_4c6153f5-62e2-4aea-a506-fd5fccb5a4eb_1696x2048.png', '68cb9c0a7af440cb455c6b8e', '68cb9c0acdf25c6b459afb13', '1', 139, 'https://ai-image.weshop.com/20250918_1_1d9ecec2-62a4-4047-851e-8749caef0686_632x788.png', NULL, '0', '0', '', '2025-09-18 13:45:57', '', NULL, NULL);
INSERT INTO `we_ai_picture` VALUES (334, '1+bsd4+bsd2+bsd26', 'https://ai-image.weshop.com/20250918_1_5653b304-a8c3-4ec1-905c-cf1ff3e23940_1696x2048.png', '68cb9c0a7af440cb455c6b8e', '68cb9c0acdf25c6b459afb13', '1', 139, 'https://ai-image.weshop.com/20250918_1_1d9ecec2-62a4-4047-851e-8749caef0686_632x788.png', NULL, '0', '0', '', '2025-09-18 13:45:57', '', NULL, NULL);
INSERT INTO `we_ai_picture` VALUES (335, '1+bsd4+bsd2+bsd26', 'https://ai-image.weshop.com/20250918_1_bc5238c0-b5e7-4ac6-9b78-34467170de07_1696x2048.png', '68cb9c0a7af440cb455c6b8e', '68cb9c0acdf25c6b459afb13', '1', 139, 'https://ai-image.weshop.com/20250918_1_1d9ecec2-62a4-4047-851e-8749caef0686_632x788.png', NULL, '0', '0', '', '2025-09-18 13:45:57', '', NULL, NULL);
INSERT INTO `we_ai_picture` VALUES (336, '1+bsd4+bsd2+bsd26', 'https://ai-image.weshop.com/20250918_1_8c23b61f-ed13-4aca-b17f-a2f772f4f486_1696x2048.png', '68cb9c0a7af440cb455c6b8e', '68cb9c0acdf25c6b459afb13', '1', 139, 'https://ai-image.weshop.com/20250918_1_1d9ecec2-62a4-4047-851e-8749caef0686_632x788.png', NULL, '0', '0', '', '2025-09-18 13:45:57', '', NULL, NULL);
INSERT INTO `we_ai_picture` VALUES (337, '1+bsd4+bsd1+bsd27', 'https://ai-image.weshop.com/20250918_1_2e7a733a-d71d-4d98-b6f2-ef78ceb0d9bd_1592x2048.png', '68cb9be2cdf25c6b459afb11', '68cb9be37af440cb455c6b79', '1', 97, 'https://ai-image.weshop.com/20250918_1_f8a50edf-7fb2-42d4-b62a-68c932676b3d_600x788.png', NULL, '0', '0', '', '2025-09-18 13:45:57', '', NULL, NULL);
INSERT INTO `we_ai_picture` VALUES (338, '1+bsd4+bsd1+bsd27', 'https://ai-image.weshop.com/20250918_1_6143767c-cff0-4203-a9e0-438f454baa6b_1592x2048.png', '68cb9be2cdf25c6b459afb11', '68cb9be37af440cb455c6b79', '1', 97, 'https://ai-image.weshop.com/20250918_1_f8a50edf-7fb2-42d4-b62a-68c932676b3d_600x788.png', NULL, '0', '0', '', '2025-09-18 13:45:57', '', NULL, NULL);
INSERT INTO `we_ai_picture` VALUES (339, '1+bsd4+bsd1+bsd27', 'https://ai-image.weshop.com/20250918_1_bf5450ec-24c5-44d2-9db9-a3345685f7d6_1592x2048.png', '68cb9be2cdf25c6b459afb11', '68cb9be37af440cb455c6b79', '1', 97, 'https://ai-image.weshop.com/20250918_1_f8a50edf-7fb2-42d4-b62a-68c932676b3d_600x788.png', NULL, '0', '0', '', '2025-09-18 13:45:57', '', NULL, NULL);
INSERT INTO `we_ai_picture` VALUES (340, '1+bsd4+bsd1+bsd27', 'https://ai-image.weshop.com/20250918_1_27f84566-4e86-4f25-945c-b2bd9b279c47_1592x2048.png', '68cb9be2cdf25c6b459afb11', '68cb9be37af440cb455c6b79', '1', 97, 'https://ai-image.weshop.com/20250918_1_f8a50edf-7fb2-42d4-b62a-68c932676b3d_600x788.png', NULL, '0', '0', '', '2025-09-18 13:45:57', '', NULL, NULL);
INSERT INTO `we_ai_picture` VALUES (341, '1+cloth1+bsd1+bsd33', 'https://ai-image.weshop.com/20250918_1_38510377-4cb6-4e46-a28a-ce1cc9dd07ce_1592x2048.png', '68cb9bdf7af440cb455c6b76', '68cb9bdfcdf25c6b459afaf3', '1', 177, 'https://ai-image.weshop.com/20250918_1_f8ca7fc3-1b00-4dd2-9cb6-90018f004742_1496x1940.png', NULL, '0', '0', '', '2025-09-18 13:45:59', '', NULL, NULL);
INSERT INTO `we_ai_picture` VALUES (342, '1+cloth1+bsd1+bsd33', 'https://ai-image.weshop.com/20250918_1_ec06b0c3-52b1-4f08-a836-f25b14f9067f_1592x2048.png', '68cb9bdf7af440cb455c6b76', '68cb9bdfcdf25c6b459afaf3', '1', 177, 'https://ai-image.weshop.com/20250918_1_f8ca7fc3-1b00-4dd2-9cb6-90018f004742_1496x1940.png', NULL, '0', '0', '', '2025-09-18 13:45:59', '', NULL, NULL);
INSERT INTO `we_ai_picture` VALUES (343, '1+cloth1+bsd1+bsd33', 'https://ai-image.weshop.com/20250918_1_399fb3b7-5b47-4f09-b481-4a15feeb7274_1592x2048.png', '68cb9bdf7af440cb455c6b76', '68cb9bdfcdf25c6b459afaf3', '1', 177, 'https://ai-image.weshop.com/20250918_1_f8ca7fc3-1b00-4dd2-9cb6-90018f004742_1496x1940.png', NULL, '0', '0', '', '2025-09-18 13:45:59', '', NULL, NULL);
INSERT INTO `we_ai_picture` VALUES (344, '1+cloth1+bsd1+bsd33', 'https://ai-image.weshop.com/20250918_1_a09d2868-832e-4232-b441-4c0a432d5742_1592x2048.png', '68cb9bdf7af440cb455c6b76', '68cb9bdfcdf25c6b459afaf3', '1', 177, 'https://ai-image.weshop.com/20250918_1_f8ca7fc3-1b00-4dd2-9cb6-90018f004742_1496x1940.png', NULL, '0', '0', '', '2025-09-18 13:45:59', '', NULL, NULL);
INSERT INTO `we_ai_picture` VALUES (345, '1+bsd4+bsd2+bsd38', 'https://ai-image.weshop.com/20250918_1_536ff87b-4ea1-40d6-bf65-172a5342f981_1488x2048.png', '68cb9c937af440cb455c6bb1', '68cb9c94cdf25c6b459afb48', '1', 133, 'https://ai-image.weshop.com/20250918_1_6ad56819-a284-4f1f-9e52-c26f6452621b_560x798.png', NULL, '0', '0', '', '2025-09-18 13:46:32', '', NULL, NULL);
INSERT INTO `we_ai_picture` VALUES (346, '1+bsd4+bsd2+bsd38', 'https://ai-image.weshop.com/20250918_1_9aef67b1-b6f6-4505-a31c-c84b101660b1_1488x2048.png', '68cb9c937af440cb455c6bb1', '68cb9c94cdf25c6b459afb48', '1', 133, 'https://ai-image.weshop.com/20250918_1_6ad56819-a284-4f1f-9e52-c26f6452621b_560x798.png', NULL, '0', '0', '', '2025-09-18 13:46:32', '', NULL, NULL);
INSERT INTO `we_ai_picture` VALUES (347, '1+bsd4+bsd2+bsd38', 'https://ai-image.weshop.com/20250918_1_5ef132c4-4a4a-435d-8099-7816c70897a3_1488x2048.png', '68cb9c937af440cb455c6bb1', '68cb9c94cdf25c6b459afb48', '1', 133, 'https://ai-image.weshop.com/20250918_1_6ad56819-a284-4f1f-9e52-c26f6452621b_560x798.png', NULL, '0', '0', '', '2025-09-18 13:46:32', '', NULL, NULL);
INSERT INTO `we_ai_picture` VALUES (348, '1+bsd4+bsd2+bsd38', 'https://ai-image.weshop.com/20250918_1_64704e78-c564-4d46-b45c-239ac08acdb8_1488x2048.png', '68cb9c937af440cb455c6bb1', '68cb9c94cdf25c6b459afb48', '1', 133, 'https://ai-image.weshop.com/20250918_1_6ad56819-a284-4f1f-9e52-c26f6452621b_560x798.png', NULL, '0', '0', '', '2025-09-18 13:46:32', '', NULL, NULL);
INSERT INTO `we_ai_picture` VALUES (349, '1+bsd4+bsd1+bsd26', 'https://ai-image.weshop.com/20250918_1_bdabb2c2-67fc-4c57-9d43-882b1f975cd6_1696x2048.png', '68cb9c95cdf25c6b459afb5c', '68cb9c957af440cb455c6bb3', '1', 98, 'https://ai-image.weshop.com/20250918_1_b8cf73c3-9d04-459e-a05a-6ad6a752a4f2_632x788.png', NULL, '0', '0', '', '2025-09-18 13:46:39', '', NULL, NULL);
INSERT INTO `we_ai_picture` VALUES (350, '1+bsd4+bsd1+bsd26', 'https://ai-image.weshop.com/20250918_1_e8027130-73d4-4aa0-98db-12a522518fbe_1696x2048.png', '68cb9c95cdf25c6b459afb5c', '68cb9c957af440cb455c6bb3', '1', 98, 'https://ai-image.weshop.com/20250918_1_b8cf73c3-9d04-459e-a05a-6ad6a752a4f2_632x788.png', NULL, '0', '0', '', '2025-09-18 13:46:39', '', NULL, NULL);
INSERT INTO `we_ai_picture` VALUES (351, '1+bsd4+bsd1+bsd26', 'https://ai-image.weshop.com/20250918_1_9b508a42-d567-4c83-9276-28e6d9d8f02c_1696x2048.png', '68cb9c95cdf25c6b459afb5c', '68cb9c957af440cb455c6bb3', '1', 98, 'https://ai-image.weshop.com/20250918_1_b8cf73c3-9d04-459e-a05a-6ad6a752a4f2_632x788.png', NULL, '0', '0', '', '2025-09-18 13:46:39', '', NULL, NULL);
INSERT INTO `we_ai_picture` VALUES (352, '1+bsd4+bsd1+bsd26', 'https://ai-image.weshop.com/20250918_1_4b0912b9-91dc-4a03-b326-e8e3a736aa54_1696x2048.png', '68cb9c95cdf25c6b459afb5c', '68cb9c957af440cb455c6bb3', '1', 98, 'https://ai-image.weshop.com/20250918_1_b8cf73c3-9d04-459e-a05a-6ad6a752a4f2_632x788.png', NULL, '0', '0', '', '2025-09-18 13:46:39', '', NULL, NULL);
INSERT INTO `we_ai_picture` VALUES (353, '1+bsd4+bsd2+bsd25', 'https://ai-image.weshop.com/20250918_1_63e3003b-0716-43e1-96ab-b837f65c0dea_1488x2048.png', '68cb9c947af440cb455c6bb2', '68cb9c94cdf25c6b459afb52', '1', 140, 'https://ai-image.weshop.com/20250918_1_19a7464b-d8fa-4664-bb9f-b96f9991fa03_568x799.png', NULL, '0', '0', '', '2025-09-18 13:48:55', '', NULL, NULL);
INSERT INTO `we_ai_picture` VALUES (354, '1+bsd4+bsd2+bsd25', 'https://ai-image.weshop.com/20250918_1_0d1ee5ea-f9f7-48a1-8540-cd903e40a150_1488x2048.png', '68cb9c947af440cb455c6bb2', '68cb9c94cdf25c6b459afb52', '1', 140, 'https://ai-image.weshop.com/20250918_1_19a7464b-d8fa-4664-bb9f-b96f9991fa03_568x799.png', NULL, '0', '0', '', '2025-09-18 13:48:55', '', NULL, NULL);
INSERT INTO `we_ai_picture` VALUES (355, '1+bsd4+bsd2+bsd25', 'https://ai-image.weshop.com/20250918_1_66efb1be-4f1c-4f13-9822-35958879a726_1488x2048.png', '68cb9c947af440cb455c6bb2', '68cb9c94cdf25c6b459afb52', '1', 140, 'https://ai-image.weshop.com/20250918_1_19a7464b-d8fa-4664-bb9f-b96f9991fa03_568x799.png', NULL, '0', '0', '', '2025-09-18 13:48:55', '', NULL, NULL);
INSERT INTO `we_ai_picture` VALUES (356, '1+bsd4+bsd2+bsd25', 'https://ai-image.weshop.com/20250918_1_8885ac07-22d4-4a0a-9fae-d45b5f36bbd3_1488x2048.png', '68cb9c947af440cb455c6bb2', '68cb9c94cdf25c6b459afb52', '1', 140, 'https://ai-image.weshop.com/20250918_1_19a7464b-d8fa-4664-bb9f-b96f9991fa03_568x799.png', NULL, '0', '0', '', '2025-09-18 13:48:55', '', NULL, NULL);
INSERT INTO `we_ai_picture` VALUES (357, '1+bsd4+bsd1+bsd25', 'https://ai-image.weshop.com/20250918_1_7e19f288-485f-4530-9788-4057c8c3f83f_1488x2048.png', '68cb9cbe7af440cb455c6bc9', '68cb9cbecdf25c6b459afb67', '1', 99, 'https://ai-image.weshop.com/20250918_1_6cf35f07-1304-4cf0-802a-b4523ca872c1_568x799.png', NULL, '0', '0', '', '2025-09-18 13:48:56', '', NULL, NULL);
INSERT INTO `we_ai_picture` VALUES (358, '1+bsd4+bsd1+bsd25', 'https://ai-image.weshop.com/20250918_1_95f7f7e1-b2ea-4e0c-8964-6ae9bc49d0db_1488x2048.png', '68cb9cbe7af440cb455c6bc9', '68cb9cbecdf25c6b459afb67', '1', 99, 'https://ai-image.weshop.com/20250918_1_6cf35f07-1304-4cf0-802a-b4523ca872c1_568x799.png', NULL, '0', '0', '', '2025-09-18 13:48:56', '', NULL, NULL);
INSERT INTO `we_ai_picture` VALUES (359, '1+bsd4+bsd1+bsd25', 'https://ai-image.weshop.com/20250918_1_1d9fd78b-15c6-4f96-bbb6-a252f453ae2f_1488x2048.png', '68cb9cbe7af440cb455c6bc9', '68cb9cbecdf25c6b459afb67', '1', 99, 'https://ai-image.weshop.com/20250918_1_6cf35f07-1304-4cf0-802a-b4523ca872c1_568x799.png', NULL, '0', '0', '', '2025-09-18 13:48:56', '', NULL, NULL);
INSERT INTO `we_ai_picture` VALUES (360, '1+bsd4+bsd1+bsd25', 'https://ai-image.weshop.com/20250918_1_0590d5fd-5219-42be-a011-c14d67aec3b5_1488x2048.png', '68cb9cbe7af440cb455c6bc9', '68cb9cbecdf25c6b459afb67', '1', 99, 'https://ai-image.weshop.com/20250918_1_6cf35f07-1304-4cf0-802a-b4523ca872c1_568x799.png', NULL, '0', '0', '', '2025-09-18 13:48:56', '', NULL, NULL);
INSERT INTO `we_ai_picture` VALUES (361, '1+bsd4+bsd2+bsd36', 'https://ai-image.weshop.com/20250918_1_f3c123d0-5f98-4fa4-a4b6-e76254bef933_1592x2048.png', '68cb9cb87af440cb455c6bc8', '68cb9cb8cdf25c6b459afb5d', '1', 134, 'https://ai-image.weshop.com/20250918_1_8b984618-2257-48b4-95bc-8dbed7b79cce_600x774.png', NULL, '0', '0', '', '2025-09-18 13:49:00', '', NULL, NULL);
INSERT INTO `we_ai_picture` VALUES (362, '1+bsd4+bsd2+bsd36', 'https://ai-image.weshop.com/20250918_1_d7ae018c-6a73-403e-9e71-15e933901316_1592x2048.png', '68cb9cb87af440cb455c6bc8', '68cb9cb8cdf25c6b459afb5d', '1', 134, 'https://ai-image.weshop.com/20250918_1_8b984618-2257-48b4-95bc-8dbed7b79cce_600x774.png', NULL, '0', '0', '', '2025-09-18 13:49:00', '', NULL, NULL);
INSERT INTO `we_ai_picture` VALUES (363, '1+bsd4+bsd2+bsd36', 'https://ai-image.weshop.com/20250918_1_ecd7ca25-c152-4047-ab21-7d9f18f05e7e_1592x2048.png', '68cb9cb87af440cb455c6bc8', '68cb9cb8cdf25c6b459afb5d', '1', 134, 'https://ai-image.weshop.com/20250918_1_8b984618-2257-48b4-95bc-8dbed7b79cce_600x774.png', NULL, '0', '0', '', '2025-09-18 13:49:00', '', NULL, NULL);
INSERT INTO `we_ai_picture` VALUES (364, '1+bsd4+bsd2+bsd36', 'https://ai-image.weshop.com/20250918_1_c98a535d-8811-46a0-82bc-96b15d93cc35_1592x2048.png', '68cb9cb87af440cb455c6bc8', '68cb9cb8cdf25c6b459afb5d', '1', 134, 'https://ai-image.weshop.com/20250918_1_8b984618-2257-48b4-95bc-8dbed7b79cce_600x774.png', NULL, '0', '0', '', '2025-09-18 13:49:00', '', NULL, NULL);
INSERT INTO `we_ai_picture` VALUES (365, '1+cloth1+bsd1+bsd28', 'https://ai-image.weshop.com/20250918_1_2d6a05fe-9d23-48e4-8d9d-baacca73d7cb_1592x2048.png', '68cb9c977af440cb455c6bbd', '68cb9c977af440cb455c6bbe', '1', 178, 'https://ai-image.weshop.com/20250918_1_993cdf93-7f95-4d3f-86b0-103c78bb15f5_1624x2031.png', NULL, '0', '0', '', '2025-09-18 13:49:03', '', NULL, NULL);
INSERT INTO `we_ai_picture` VALUES (366, '1+cloth1+bsd1+bsd28', 'https://ai-image.weshop.com/20250918_1_f37a67f3-4aa4-489f-9399-e55b76ef8f43_1592x2048.png', '68cb9c977af440cb455c6bbd', '68cb9c977af440cb455c6bbe', '1', 178, 'https://ai-image.weshop.com/20250918_1_993cdf93-7f95-4d3f-86b0-103c78bb15f5_1624x2031.png', NULL, '0', '0', '', '2025-09-18 13:49:03', '', NULL, NULL);
INSERT INTO `we_ai_picture` VALUES (367, '1+cloth1+bsd1+bsd28', 'https://ai-image.weshop.com/20250918_1_8f346d5a-60eb-45e7-a021-1f3dec82b128_1592x2048.png', '68cb9c977af440cb455c6bbd', '68cb9c977af440cb455c6bbe', '1', 178, 'https://ai-image.weshop.com/20250918_1_993cdf93-7f95-4d3f-86b0-103c78bb15f5_1624x2031.png', NULL, '0', '0', '', '2025-09-18 13:49:03', '', NULL, NULL);
INSERT INTO `we_ai_picture` VALUES (368, '1+cloth1+bsd1+bsd28', 'https://ai-image.weshop.com/20250918_1_5dbab9bb-7c64-4945-aea1-42f33b1e99a5_1592x2048.png', '68cb9c977af440cb455c6bbd', '68cb9c977af440cb455c6bbe', '1', 178, 'https://ai-image.weshop.com/20250918_1_993cdf93-7f95-4d3f-86b0-103c78bb15f5_1624x2031.png', NULL, '0', '0', '', '2025-09-18 13:49:03', '', NULL, NULL);
INSERT INTO `we_ai_picture` VALUES (369, '1+bsd4+bsd2+bsd24', 'https://ai-image.weshop.com/20250918_1_1072fa9c-21ee-446f-a0e0-90a99ebb72d5_1592x2048.png', '68cb9d46cdf25c6b459afb92', '68cb9d467af440cb455c6bf1', '1', 141, 'https://ai-image.weshop.com/20250918_1_0671e82a-63e3-45ba-af60-b2d1a7078b96_632x798.png', NULL, '0', '0', '', '2025-09-18 13:49:31', '', NULL, NULL);
INSERT INTO `we_ai_picture` VALUES (370, '1+bsd4+bsd2+bsd24', 'https://ai-image.weshop.com/20250918_1_88fe80ce-6aac-4982-983e-4035a3e3adff_1592x2048.png', '68cb9d46cdf25c6b459afb92', '68cb9d467af440cb455c6bf1', '1', 141, 'https://ai-image.weshop.com/20250918_1_0671e82a-63e3-45ba-af60-b2d1a7078b96_632x798.png', NULL, '0', '0', '', '2025-09-18 13:49:31', '', NULL, NULL);
INSERT INTO `we_ai_picture` VALUES (371, '1+bsd4+bsd2+bsd24', 'https://ai-image.weshop.com/20250918_1_89cbe9a3-a1c1-4a44-80fe-902451ff73e2_1592x2048.png', '68cb9d46cdf25c6b459afb92', '68cb9d467af440cb455c6bf1', '1', 141, 'https://ai-image.weshop.com/20250918_1_0671e82a-63e3-45ba-af60-b2d1a7078b96_632x798.png', NULL, '0', '0', '', '2025-09-18 13:49:31', '', NULL, NULL);
INSERT INTO `we_ai_picture` VALUES (372, '1+bsd4+bsd2+bsd24', 'https://ai-image.weshop.com/20250918_1_9bb327ec-9238-4571-905c-cc88d79dbd87_1592x2048.png', '68cb9d46cdf25c6b459afb92', '68cb9d467af440cb455c6bf1', '1', 141, 'https://ai-image.weshop.com/20250918_1_0671e82a-63e3-45ba-af60-b2d1a7078b96_632x798.png', NULL, '0', '0', '', '2025-09-18 13:49:31', '', NULL, NULL);
INSERT INTO `we_ai_picture` VALUES (373, '1+bsd4+bsd1+bsd24', 'https://ai-image.weshop.com/20250918_1_82f18b4c-c244-46c0-9878-4d02a0c7a723_1592x2048.png', '68cb9d477af440cb455c6bfb', '68cb9d487af440cb455c6bfc', '1', 100, 'https://ai-image.weshop.com/20250918_1_2ad79508-67d6-4dd0-bd2f-302321960d86_632x798.png', NULL, '0', '0', '', '2025-09-18 13:49:32', '', NULL, NULL);
INSERT INTO `we_ai_picture` VALUES (374, '1+bsd4+bsd1+bsd24', 'https://ai-image.weshop.com/20250918_1_4785a26d-3449-4112-bb86-cd0f5b895715_1592x2048.png', '68cb9d477af440cb455c6bfb', '68cb9d487af440cb455c6bfc', '1', 100, 'https://ai-image.weshop.com/20250918_1_2ad79508-67d6-4dd0-bd2f-302321960d86_632x798.png', NULL, '0', '0', '', '2025-09-18 13:49:32', '', NULL, NULL);
INSERT INTO `we_ai_picture` VALUES (375, '1+bsd4+bsd1+bsd24', 'https://ai-image.weshop.com/20250918_1_079ee795-a948-4498-9545-756f00909dff_1592x2048.png', '68cb9d477af440cb455c6bfb', '68cb9d487af440cb455c6bfc', '1', 100, 'https://ai-image.weshop.com/20250918_1_2ad79508-67d6-4dd0-bd2f-302321960d86_632x798.png', NULL, '0', '0', '', '2025-09-18 13:49:32', '', NULL, NULL);
INSERT INTO `we_ai_picture` VALUES (376, '1+bsd4+bsd1+bsd24', 'https://ai-image.weshop.com/20250918_1_74692d9a-1bba-45d8-8191-f2db629e342f_1592x2048.png', '68cb9d477af440cb455c6bfb', '68cb9d487af440cb455c6bfc', '1', 100, 'https://ai-image.weshop.com/20250918_1_2ad79508-67d6-4dd0-bd2f-302321960d86_632x798.png', NULL, '0', '0', '', '2025-09-18 13:49:32', '', NULL, NULL);
INSERT INTO `we_ai_picture` VALUES (377, '1+bsd4+bsd2+bsd23', 'https://ai-image.weshop.com/20250918_1_c38d201b-4bf0-4804-b493-cba25a0c4a0d_1592x2048.png', '68cb9d6acdf25c6b459afba1', '68cb9d6acdf25c6b459afba2', '1', 142, 'https://ai-image.weshop.com/20250918_1_296f13c4-6d6b-4d7e-8915-93c7bd535d23_592x791.png', NULL, '0', '0', '', '2025-09-18 13:51:53', '', NULL, NULL);
INSERT INTO `we_ai_picture` VALUES (378, '1+bsd4+bsd2+bsd23', 'https://ai-image.weshop.com/20250918_1_de8c3f85-633b-4ecb-a363-24eff1f5b2ac_1592x2048.png', '68cb9d6acdf25c6b459afba1', '68cb9d6acdf25c6b459afba2', '1', 142, 'https://ai-image.weshop.com/20250918_1_296f13c4-6d6b-4d7e-8915-93c7bd535d23_592x791.png', NULL, '0', '0', '', '2025-09-18 13:51:53', '', NULL, NULL);
INSERT INTO `we_ai_picture` VALUES (379, '1+bsd4+bsd2+bsd23', 'https://ai-image.weshop.com/20250918_1_0ca30fd6-05d2-4005-b598-fa58f541b805_1592x2048.png', '68cb9d6acdf25c6b459afba1', '68cb9d6acdf25c6b459afba2', '1', 142, 'https://ai-image.weshop.com/20250918_1_296f13c4-6d6b-4d7e-8915-93c7bd535d23_592x791.png', NULL, '0', '0', '', '2025-09-18 13:51:53', '', NULL, NULL);
INSERT INTO `we_ai_picture` VALUES (380, '1+bsd4+bsd2+bsd23', 'https://ai-image.weshop.com/20250918_1_dfb9df21-578d-4a83-b882-10378dc0cad6_1592x2048.png', '68cb9d6acdf25c6b459afba1', '68cb9d6acdf25c6b459afba2', '1', 142, 'https://ai-image.weshop.com/20250918_1_296f13c4-6d6b-4d7e-8915-93c7bd535d23_592x791.png', NULL, '0', '0', '', '2025-09-18 13:51:53', '', NULL, NULL);
INSERT INTO `we_ai_picture` VALUES (381, '1+bsd4+bsd1+bsd23', 'https://ai-image.weshop.com/20250918_1_a8208b22-e7e9-490d-a064-d5b4d1aa6d98_1592x2048.png', '68cb9d6ccdf25c6b459afbac', '68cb9d6c7af440cb455c6c10', '1', 101, 'https://ai-image.weshop.com/20250918_1_b3a8cbaf-6683-4149-ac7c-ba5e384228f9_592x791.png', NULL, '0', '0', '', '2025-09-18 13:51:55', '', NULL, NULL);
INSERT INTO `we_ai_picture` VALUES (382, '1+bsd4+bsd1+bsd23', 'https://ai-image.weshop.com/20250918_1_31690447-7aa8-407d-be98-b01e1e57d7bc_1592x2048.png', '68cb9d6ccdf25c6b459afbac', '68cb9d6c7af440cb455c6c10', '1', 101, 'https://ai-image.weshop.com/20250918_1_b3a8cbaf-6683-4149-ac7c-ba5e384228f9_592x791.png', NULL, '0', '0', '', '2025-09-18 13:51:55', '', NULL, NULL);
INSERT INTO `we_ai_picture` VALUES (383, '1+bsd4+bsd1+bsd23', 'https://ai-image.weshop.com/20250918_1_a31f0537-37cc-4726-9769-8eecbb74a6df_1592x2048.png', '68cb9d6ccdf25c6b459afbac', '68cb9d6c7af440cb455c6c10', '1', 101, 'https://ai-image.weshop.com/20250918_1_b3a8cbaf-6683-4149-ac7c-ba5e384228f9_592x791.png', NULL, '0', '0', '', '2025-09-18 13:51:55', '', NULL, NULL);
INSERT INTO `we_ai_picture` VALUES (384, '1+bsd4+bsd1+bsd23', 'https://ai-image.weshop.com/20250918_1_d71fdd50-a735-4629-9daa-3b9e74b8c22a_1592x2048.png', '68cb9d6ccdf25c6b459afbac', '68cb9d6c7af440cb455c6c10', '1', 101, 'https://ai-image.weshop.com/20250918_1_b3a8cbaf-6683-4149-ac7c-ba5e384228f9_592x791.png', NULL, '0', '0', '', '2025-09-18 13:51:55', '', NULL, NULL);
INSERT INTO `we_ai_picture` VALUES (385, '1+cloth1+bsd1+bsd27', 'https://ai-image.weshop.com/20250918_1_42fc27ad-f32d-4ab0-a26d-fe15e9ae4960_1592x2048.png', '68cb9d50cdf25c6b459afb93', '68cb9d50cdf25c6b459afb94', '1', 179, 'https://ai-image.weshop.com/20250918_1_83bc654a-5b84-4287-9828-d5af8af4b0da_1536x2018.png', NULL, '0', '0', '', '2025-09-18 13:52:02', '', NULL, NULL);
INSERT INTO `we_ai_picture` VALUES (386, '1+cloth1+bsd1+bsd27', 'https://ai-image.weshop.com/20250918_1_9485cd13-ee1b-4027-b250-172e74024f5c_1592x2048.png', '68cb9d50cdf25c6b459afb93', '68cb9d50cdf25c6b459afb94', '1', 179, 'https://ai-image.weshop.com/20250918_1_83bc654a-5b84-4287-9828-d5af8af4b0da_1536x2018.png', NULL, '0', '0', '', '2025-09-18 13:52:02', '', NULL, NULL);
INSERT INTO `we_ai_picture` VALUES (387, '1+cloth1+bsd1+bsd27', 'https://ai-image.weshop.com/20250918_1_5db06443-193e-4549-b853-88a571be04c1_1592x2048.png', '68cb9d50cdf25c6b459afb93', '68cb9d50cdf25c6b459afb94', '1', 179, 'https://ai-image.weshop.com/20250918_1_83bc654a-5b84-4287-9828-d5af8af4b0da_1536x2018.png', NULL, '0', '0', '', '2025-09-18 13:52:02', '', NULL, NULL);
INSERT INTO `we_ai_picture` VALUES (388, '1+cloth1+bsd1+bsd27', 'https://ai-image.weshop.com/20250918_1_12cc4a89-3111-4890-bbf7-6e5fddc8c42e_1592x2048.png', '68cb9d50cdf25c6b459afb93', '68cb9d50cdf25c6b459afb94', '1', 179, 'https://ai-image.weshop.com/20250918_1_83bc654a-5b84-4287-9828-d5af8af4b0da_1536x2018.png', NULL, '0', '0', '', '2025-09-18 13:52:02', '', NULL, NULL);
INSERT INTO `we_ai_picture` VALUES (389, '1+bsd4+bsd1+bsd22', 'https://ai-image.weshop.com/20250918_1_fea147c9-9444-4292-95c8-67934e6e9b60_1592x2048.png', '68cb9dfacdf25c6b459afbe5', '68cb9dfa7af440cb455c6c4b', '1', 102, 'https://ai-image.weshop.com/20250918_1_d7d1c50e-d84a-4801-8a51-0e16847772bd_560x743.png', NULL, '0', '0', '', '2025-09-18 13:52:36', '', NULL, NULL);
INSERT INTO `we_ai_picture` VALUES (390, '1+bsd4+bsd1+bsd22', 'https://ai-image.weshop.com/20250918_1_b63b3515-8bc5-48ed-a407-fda091c406c5_1592x2048.png', '68cb9dfacdf25c6b459afbe5', '68cb9dfa7af440cb455c6c4b', '1', 102, 'https://ai-image.weshop.com/20250918_1_d7d1c50e-d84a-4801-8a51-0e16847772bd_560x743.png', NULL, '0', '0', '', '2025-09-18 13:52:36', '', NULL, NULL);
INSERT INTO `we_ai_picture` VALUES (391, '1+bsd4+bsd1+bsd22', 'https://ai-image.weshop.com/20250918_1_03f6f123-fda3-46e3-a5a2-a90550a52c84_1592x2048.png', '68cb9dfacdf25c6b459afbe5', '68cb9dfa7af440cb455c6c4b', '1', 102, 'https://ai-image.weshop.com/20250918_1_d7d1c50e-d84a-4801-8a51-0e16847772bd_560x743.png', NULL, '0', '0', '', '2025-09-18 13:52:36', '', NULL, NULL);
INSERT INTO `we_ai_picture` VALUES (392, '1+bsd4+bsd1+bsd22', 'https://ai-image.weshop.com/20250918_1_62d80c4d-cc83-4ff9-a61b-071636af6fe4_1592x2048.png', '68cb9dfacdf25c6b459afbe5', '68cb9dfa7af440cb455c6c4b', '1', 102, 'https://ai-image.weshop.com/20250918_1_d7d1c50e-d84a-4801-8a51-0e16847772bd_560x743.png', NULL, '0', '0', '', '2025-09-18 13:52:36', '', NULL, NULL);
INSERT INTO `we_ai_picture` VALUES (393, '1+cloth1+bsd1+bsd26', 'https://ai-image.weshop.com/20250918_1_48bab9ef-a92d-4456-94c5-0d9089e2a423_1696x2048.png', '68cb9e037af440cb455c6c62', '68cb9e037af440cb455c6c63', '1', 180, 'https://ai-image.weshop.com/20250918_1_f9b8bc4c-3169-49b5-abac-b2e10589cf88_1624x2023.png', NULL, '0', '0', '', '2025-09-18 13:52:45', '', NULL, NULL);
INSERT INTO `we_ai_picture` VALUES (394, '1+cloth1+bsd1+bsd26', 'https://ai-image.weshop.com/20250918_1_1e016e64-950f-4885-be06-e0d33e91c28a_1696x2048.png', '68cb9e037af440cb455c6c62', '68cb9e037af440cb455c6c63', '1', 180, 'https://ai-image.weshop.com/20250918_1_f9b8bc4c-3169-49b5-abac-b2e10589cf88_1624x2023.png', NULL, '0', '0', '', '2025-09-18 13:52:45', '', NULL, NULL);
INSERT INTO `we_ai_picture` VALUES (395, '1+cloth1+bsd1+bsd26', 'https://ai-image.weshop.com/20250918_1_7519d53f-9bd8-499d-89d1-223f1e48c054_1696x2048.png', '68cb9e037af440cb455c6c62', '68cb9e037af440cb455c6c63', '1', 180, 'https://ai-image.weshop.com/20250918_1_f9b8bc4c-3169-49b5-abac-b2e10589cf88_1624x2023.png', NULL, '0', '0', '', '2025-09-18 13:52:45', '', NULL, NULL);
INSERT INTO `we_ai_picture` VALUES (396, '1+cloth1+bsd1+bsd26', 'https://ai-image.weshop.com/20250918_1_983f0cad-1bc3-48dc-88b7-f5a73d0c420c_1696x2048.png', '68cb9e037af440cb455c6c62', '68cb9e037af440cb455c6c63', '1', 180, 'https://ai-image.weshop.com/20250918_1_f9b8bc4c-3169-49b5-abac-b2e10589cf88_1624x2023.png', NULL, '0', '0', '', '2025-09-18 13:52:45', '', NULL, NULL);
INSERT INTO `we_ai_picture` VALUES (397, '1+bsd4+bsd2+bsd22', 'https://ai-image.weshop.com/20250918_1_99a4ea45-051d-4cac-b42f-ecf46482f6f4_1592x2048.png', '68cb9df97af440cb455c6c4a', '68cb9df9cdf25c6b459afbdb', '1', 143, 'https://ai-image.weshop.com/20250918_1_4d2ed983-6c17-4049-953d-56a5dc7b2dc1_560x743.png', NULL, '0', '0', '', '2025-09-18 13:52:46', '', NULL, NULL);
INSERT INTO `we_ai_picture` VALUES (398, '1+bsd4+bsd2+bsd22', 'https://ai-image.weshop.com/20250918_1_ac912bee-0942-4456-aec4-af1ed60ca21e_1592x2048.png', '68cb9df97af440cb455c6c4a', '68cb9df9cdf25c6b459afbdb', '1', 143, 'https://ai-image.weshop.com/20250918_1_4d2ed983-6c17-4049-953d-56a5dc7b2dc1_560x743.png', NULL, '0', '0', '', '2025-09-18 13:52:46', '', NULL, NULL);
INSERT INTO `we_ai_picture` VALUES (399, '1+bsd4+bsd2+bsd22', 'https://ai-image.weshop.com/20250918_1_b95da97f-fdac-4548-93d9-1b63aa1a7fe9_1592x2048.png', '68cb9df97af440cb455c6c4a', '68cb9df9cdf25c6b459afbdb', '1', 143, 'https://ai-image.weshop.com/20250918_1_4d2ed983-6c17-4049-953d-56a5dc7b2dc1_560x743.png', NULL, '0', '0', '', '2025-09-18 13:52:46', '', NULL, NULL);
INSERT INTO `we_ai_picture` VALUES (400, '1+bsd4+bsd2+bsd22', 'https://ai-image.weshop.com/20250918_1_5311f635-29da-4209-9986-4e906d9023cf_1592x2048.png', '68cb9df97af440cb455c6c4a', '68cb9df9cdf25c6b459afbdb', '1', 143, 'https://ai-image.weshop.com/20250918_1_4d2ed983-6c17-4049-953d-56a5dc7b2dc1_560x743.png', NULL, '0', '0', '', '2025-09-18 13:52:46', '', NULL, NULL);
INSERT INTO `we_ai_picture` VALUES (401, '1+cloth1+bsd1+bsd25', 'https://ai-image.weshop.com/20250918_1_29491d3b-f985-4165-bf9e-011f0b80cab5_1488x2048.png', '68cb9e2d7af440cb455c6c89', '68cb9e2dcdf25c6b459afbf4', '1', 181, 'https://ai-image.weshop.com/20250918_1_87e41e6b-7143-42be-9bc5-3401af8fd68c_1168x1631.png', NULL, '0', '0', '', '2025-09-18 13:55:00', '', NULL, NULL);
INSERT INTO `we_ai_picture` VALUES (402, '1+cloth1+bsd1+bsd25', 'https://ai-image.weshop.com/20250918_1_1f473d5d-b17b-4486-82eb-244ba452d253_1488x2048.png', '68cb9e2d7af440cb455c6c89', '68cb9e2dcdf25c6b459afbf4', '1', 181, 'https://ai-image.weshop.com/20250918_1_87e41e6b-7143-42be-9bc5-3401af8fd68c_1168x1631.png', NULL, '0', '0', '', '2025-09-18 13:55:00', '', NULL, NULL);
INSERT INTO `we_ai_picture` VALUES (403, '1+cloth1+bsd1+bsd25', 'https://ai-image.weshop.com/20250918_1_08441996-f309-433b-bd90-583c02a257ed_1488x2048.png', '68cb9e2d7af440cb455c6c89', '68cb9e2dcdf25c6b459afbf4', '1', 181, 'https://ai-image.weshop.com/20250918_1_87e41e6b-7143-42be-9bc5-3401af8fd68c_1168x1631.png', NULL, '0', '0', '', '2025-09-18 13:55:00', '', NULL, NULL);
INSERT INTO `we_ai_picture` VALUES (404, '1+cloth1+bsd1+bsd25', 'https://ai-image.weshop.com/20250918_1_a798b798-d6c5-435e-955e-3d3881d34d58_1488x2048.png', '68cb9e2d7af440cb455c6c89', '68cb9e2dcdf25c6b459afbf4', '1', 181, 'https://ai-image.weshop.com/20250918_1_87e41e6b-7143-42be-9bc5-3401af8fd68c_1168x1631.png', NULL, '0', '0', '', '2025-09-18 13:55:00', '', NULL, NULL);
INSERT INTO `we_ai_picture` VALUES (405, '1+cloth1+bsd1+bsd24', 'https://ai-image.weshop.com/20250918_1_9375bba7-5c93-4aab-ad06-8f72bd47e41e_1592x2048.png', '68cb9eb47af440cb455c6ca7', '68cb9eb57af440cb455c6ca8', '1', 182, 'https://ai-image.weshop.com/20250918_1_30ce63f5-10f9-4d85-84f0-78c99b88e4e5_1304x1647.png', NULL, '0', '0', '', '2025-09-18 13:55:39', '', NULL, NULL);
INSERT INTO `we_ai_picture` VALUES (406, '1+cloth1+bsd1+bsd24', 'https://ai-image.weshop.com/20250918_1_ed73bc26-3062-4b18-be9b-6acc9b551aa0_1592x2048.png', '68cb9eb47af440cb455c6ca7', '68cb9eb57af440cb455c6ca8', '1', 182, 'https://ai-image.weshop.com/20250918_1_30ce63f5-10f9-4d85-84f0-78c99b88e4e5_1304x1647.png', NULL, '0', '0', '', '2025-09-18 13:55:39', '', NULL, NULL);
INSERT INTO `we_ai_picture` VALUES (407, '1+cloth1+bsd1+bsd24', 'https://ai-image.weshop.com/20250918_1_43eb2a16-2424-42bd-bc2a-b303f0ada547_1592x2048.png', '68cb9eb47af440cb455c6ca7', '68cb9eb57af440cb455c6ca8', '1', 182, 'https://ai-image.weshop.com/20250918_1_30ce63f5-10f9-4d85-84f0-78c99b88e4e5_1304x1647.png', NULL, '0', '0', '', '2025-09-18 13:55:39', '', NULL, NULL);
INSERT INTO `we_ai_picture` VALUES (408, '1+cloth1+bsd1+bsd24', 'https://ai-image.weshop.com/20250918_1_cbeef825-10e8-43c6-b445-658b9ce637e8_1592x2048.png', '68cb9eb47af440cb455c6ca7', '68cb9eb57af440cb455c6ca8', '1', 182, 'https://ai-image.weshop.com/20250918_1_30ce63f5-10f9-4d85-84f0-78c99b88e4e5_1304x1647.png', NULL, '0', '0', '', '2025-09-18 13:55:39', '', NULL, NULL);
INSERT INTO `we_ai_picture` VALUES (409, '1+cloth1+bsd1+bsd23', 'https://ai-image.weshop.com/20250918_1_3e64b805-90b7-476e-aff3-78ac15cbb3bc_1488x2048.png', '68cb9eda7af440cb455c6cb9', '68cb9edacdf25c6b459afc39', '1', 183, 'https://ai-image.weshop.com/20250918_1_185911f6-d016-4e8a-80fb-f6385e21c7ca_968x1295.png', NULL, '0', '0', '', '2025-09-18 13:56:11', '', NULL, NULL);
INSERT INTO `we_ai_picture` VALUES (410, '1+cloth1+bsd1+bsd23', 'https://ai-image.weshop.com/20250918_1_07922f1e-8fd1-4c31-8c0f-65bc223d2553_1488x2048.png', '68cb9eda7af440cb455c6cb9', '68cb9edacdf25c6b459afc39', '1', 183, 'https://ai-image.weshop.com/20250918_1_185911f6-d016-4e8a-80fb-f6385e21c7ca_968x1295.png', NULL, '0', '0', '', '2025-09-18 13:56:11', '', NULL, NULL);
INSERT INTO `we_ai_picture` VALUES (411, '1+cloth1+bsd1+bsd23', 'https://ai-image.weshop.com/20250918_1_faa8c1cc-2dfd-45a1-b84e-e5e8b5f7a890_1488x2048.png', '68cb9eda7af440cb455c6cb9', '68cb9edacdf25c6b459afc39', '1', 183, 'https://ai-image.weshop.com/20250918_1_185911f6-d016-4e8a-80fb-f6385e21c7ca_968x1295.png', NULL, '0', '0', '', '2025-09-18 13:56:11', '', NULL, NULL);
INSERT INTO `we_ai_picture` VALUES (412, '1+cloth1+bsd1+bsd23', 'https://ai-image.weshop.com/20250918_1_04b8f76e-4dc5-484e-bbda-6b208d19d53b_1488x2048.png', '68cb9eda7af440cb455c6cb9', '68cb9edacdf25c6b459afc39', '1', 183, 'https://ai-image.weshop.com/20250918_1_185911f6-d016-4e8a-80fb-f6385e21c7ca_968x1295.png', NULL, '0', '0', '', '2025-09-18 13:56:11', '', NULL, NULL);
INSERT INTO `we_ai_picture` VALUES (413, '1+cloth1+bsd1+bsd22', 'https://ai-image.weshop.com/20250918_1_f7fba81c-a78f-4397-b0f6-b3336ac7b388_1488x2048.png', '68cb9efacdf25c6b459afc46', '68cb9efacdf25c6b459afc47', '1', 184, 'https://ai-image.weshop.com/20250918_1_dcdc0974-de28-4fbb-87a5-b23746dd8123_1088x1455.png', NULL, '0', '0', '', '2025-09-18 13:56:48', '', NULL, NULL);
INSERT INTO `we_ai_picture` VALUES (414, '1+cloth1+bsd1+bsd22', 'https://ai-image.weshop.com/20250918_1_d2577861-2ada-4598-9c32-430562fc65bb_1488x2048.png', '68cb9efacdf25c6b459afc46', '68cb9efacdf25c6b459afc47', '1', 184, 'https://ai-image.weshop.com/20250918_1_dcdc0974-de28-4fbb-87a5-b23746dd8123_1088x1455.png', NULL, '0', '0', '', '2025-09-18 13:56:48', '', NULL, NULL);
INSERT INTO `we_ai_picture` VALUES (415, '1+cloth1+bsd1+bsd22', 'https://ai-image.weshop.com/20250918_1_e434bcc3-7a73-4388-ac5b-9978d4d6662b_1488x2048.png', '68cb9efacdf25c6b459afc46', '68cb9efacdf25c6b459afc47', '1', 184, 'https://ai-image.weshop.com/20250918_1_dcdc0974-de28-4fbb-87a5-b23746dd8123_1088x1455.png', NULL, '0', '0', '', '2025-09-18 13:56:48', '', NULL, NULL);
INSERT INTO `we_ai_picture` VALUES (416, '1+cloth1+bsd1+bsd22', 'https://ai-image.weshop.com/20250918_1_4d73acd1-e93d-4c98-9a3e-a2584f0b1e36_1488x2048.png', '68cb9efacdf25c6b459afc46', '68cb9efacdf25c6b459afc47', '1', 184, 'https://ai-image.weshop.com/20250918_1_dcdc0974-de28-4fbb-87a5-b23746dd8123_1088x1455.png', NULL, '0', '0', '', '2025-09-18 13:56:48', '', NULL, NULL);
INSERT INTO `we_ai_picture` VALUES (417, '1+cloth1+bsd2+bsd49', 'https://ai-image.weshop.com/20250918_1_a5ecb0b5-8e68-4725-a075-6645ccdffe75_1360x2048.png', '68cba0b77af440cb455c6d72', '68cba0b7cdf25c6b459afd06', '1', 206, 'https://ai-image.weshop.com/20250918_1_3bb6b202-ab25-4739-b05a-b50a5f60e8b7_1208x1859.png', NULL, '0', '0', '', '2025-09-18 14:04:07', '', NULL, NULL);
INSERT INTO `we_ai_picture` VALUES (418, '1+cloth1+bsd2+bsd49', 'https://ai-image.weshop.com/20250918_1_cef460a3-4079-43f0-9a7b-89a0ede99d3e_1360x2048.png', '68cba0b77af440cb455c6d72', '68cba0b7cdf25c6b459afd06', '1', 206, 'https://ai-image.weshop.com/20250918_1_3bb6b202-ab25-4739-b05a-b50a5f60e8b7_1208x1859.png', NULL, '0', '0', '', '2025-09-18 14:04:07', '', NULL, NULL);
INSERT INTO `we_ai_picture` VALUES (419, '1+cloth1+bsd2+bsd49', 'https://ai-image.weshop.com/20250918_1_8d154ae8-9da6-45ae-b35b-fa460063cb91_1360x2048.png', '68cba0b77af440cb455c6d72', '68cba0b7cdf25c6b459afd06', '1', 206, 'https://ai-image.weshop.com/20250918_1_3bb6b202-ab25-4739-b05a-b50a5f60e8b7_1208x1859.png', NULL, '0', '0', '', '2025-09-18 14:04:07', '', NULL, NULL);
INSERT INTO `we_ai_picture` VALUES (420, '1+cloth1+bsd2+bsd49', 'https://ai-image.weshop.com/20250918_1_3e184512-59c5-4dd4-b9a4-0524277d18e0_1360x2048.png', '68cba0b77af440cb455c6d72', '68cba0b7cdf25c6b459afd06', '1', 206, 'https://ai-image.weshop.com/20250918_1_3bb6b202-ab25-4739-b05a-b50a5f60e8b7_1208x1859.png', NULL, '0', '0', '', '2025-09-18 14:04:07', '', NULL, NULL);
INSERT INTO `we_ai_picture` VALUES (421, '1+cloth1+bsd2+bsd50', 'https://ai-image.weshop.com/20250918_1_c1cea3ca-ce3a-4f03-8679-590c2c82ce52_1360x2048.png', '68cba0d7cdf25c6b459afd1a', '68cba0d77af440cb455c6d76', '1', 207, 'https://ai-image.weshop.com/20250918_1_8011caab-73f9-4dce-8838-78aae5f18263_1328x1927.png', NULL, '0', '0', '', '2025-09-18 14:04:39', '', NULL, NULL);
INSERT INTO `we_ai_picture` VALUES (422, '1+cloth1+bsd2+bsd50', 'https://ai-image.weshop.com/20250918_1_961c523e-cc7c-4f97-baa3-90bb5553383e_1360x2048.png', '68cba0d7cdf25c6b459afd1a', '68cba0d77af440cb455c6d76', '1', 207, 'https://ai-image.weshop.com/20250918_1_8011caab-73f9-4dce-8838-78aae5f18263_1328x1927.png', NULL, '0', '0', '', '2025-09-18 14:04:39', '', NULL, NULL);
INSERT INTO `we_ai_picture` VALUES (423, '1+cloth1+bsd2+bsd50', 'https://ai-image.weshop.com/20250918_1_898c920d-8615-45cb-abe8-8288e0215e06_1360x2048.png', '68cba0d7cdf25c6b459afd1a', '68cba0d77af440cb455c6d76', '1', 207, 'https://ai-image.weshop.com/20250918_1_8011caab-73f9-4dce-8838-78aae5f18263_1328x1927.png', NULL, '0', '0', '', '2025-09-18 14:04:39', '', NULL, NULL);
INSERT INTO `we_ai_picture` VALUES (424, '1+cloth1+bsd2+bsd50', 'https://ai-image.weshop.com/20250918_1_7e5ed96b-994c-4ec7-8fa6-eea60f342819_1360x2048.png', '68cba0d7cdf25c6b459afd1a', '68cba0d77af440cb455c6d76', '1', 207, 'https://ai-image.weshop.com/20250918_1_8011caab-73f9-4dce-8838-78aae5f18263_1328x1927.png', NULL, '0', '0', '', '2025-09-18 14:04:39', '', NULL, NULL);
INSERT INTO `we_ai_picture` VALUES (425, '1+cloth1+bsd2+bsd47', 'https://ai-image.weshop.com/20250918_1_f7b22200-7b67-4906-9efe-2528b1d27b13_1592x2048.png', '68cba0f7cdf25c6b459afd1e', '68cba0f7cdf25c6b459afd1f', '1', 209, 'https://ai-image.weshop.com/20250918_1_1316d51f-1817-4dfe-bbfb-b202bc4530a0_1192x1519.png', NULL, '0', '0', '', '2025-09-18 14:05:11', '', NULL, NULL);
INSERT INTO `we_ai_picture` VALUES (426, '1+cloth1+bsd2+bsd47', 'https://ai-image.weshop.com/20250918_1_a1bace74-30ce-499e-80bd-491c8e91b01a_1592x2048.png', '68cba0f7cdf25c6b459afd1e', '68cba0f7cdf25c6b459afd1f', '1', 209, 'https://ai-image.weshop.com/20250918_1_1316d51f-1817-4dfe-bbfb-b202bc4530a0_1192x1519.png', NULL, '0', '0', '', '2025-09-18 14:05:11', '', NULL, NULL);
INSERT INTO `we_ai_picture` VALUES (427, '1+cloth1+bsd2+bsd47', 'https://ai-image.weshop.com/20250918_1_837533ad-67cb-4e2d-8f87-527b1bd5cfd2_1592x2048.png', '68cba0f7cdf25c6b459afd1e', '68cba0f7cdf25c6b459afd1f', '1', 209, 'https://ai-image.weshop.com/20250918_1_1316d51f-1817-4dfe-bbfb-b202bc4530a0_1192x1519.png', NULL, '0', '0', '', '2025-09-18 14:05:11', '', NULL, NULL);
INSERT INTO `we_ai_picture` VALUES (428, '1+cloth1+bsd2+bsd47', 'https://ai-image.weshop.com/20250918_1_74eab267-0fdb-4246-a740-a14f6c91923c_1592x2048.png', '68cba0f7cdf25c6b459afd1e', '68cba0f7cdf25c6b459afd1f', '1', 209, 'https://ai-image.weshop.com/20250918_1_1316d51f-1817-4dfe-bbfb-b202bc4530a0_1192x1519.png', NULL, '0', '0', '', '2025-09-18 14:05:11', '', NULL, NULL);
INSERT INTO `we_ai_picture` VALUES (429, '1+cloth1+bsd2+bsd34', 'https://ai-image.weshop.com/20250918_1_a2857da6-f11d-4dd4-9eb6-e5f90110d804_1488x2048.png', '68cba1097af440cb455c6d8a', '68cba109cdf25c6b459afd29', '1', 217, 'https://ai-image.weshop.com/20250918_1_bd329813-51fe-4369-b5bb-7284bdc1a192_1328x1903.png', NULL, '0', '0', '', '2025-09-18 14:05:34', '', NULL, NULL);
INSERT INTO `we_ai_picture` VALUES (430, '1+cloth1+bsd2+bsd34', 'https://ai-image.weshop.com/20250918_1_f5e4ba56-7f3a-4f08-8417-b63bf8e4ba0d_1488x2048.png', '68cba1097af440cb455c6d8a', '68cba109cdf25c6b459afd29', '1', 217, 'https://ai-image.weshop.com/20250918_1_bd329813-51fe-4369-b5bb-7284bdc1a192_1328x1903.png', NULL, '0', '0', '', '2025-09-18 14:05:34', '', NULL, NULL);
INSERT INTO `we_ai_picture` VALUES (431, '1+cloth1+bsd2+bsd34', 'https://ai-image.weshop.com/20250918_1_c28a35f8-62c9-4f7e-8eea-10c6b04e4c95_1488x2048.png', '68cba1097af440cb455c6d8a', '68cba109cdf25c6b459afd29', '1', 217, 'https://ai-image.weshop.com/20250918_1_bd329813-51fe-4369-b5bb-7284bdc1a192_1328x1903.png', NULL, '0', '0', '', '2025-09-18 14:05:34', '', NULL, NULL);
INSERT INTO `we_ai_picture` VALUES (432, '1+cloth1+bsd2+bsd34', 'https://ai-image.weshop.com/20250918_1_c71feaf0-81ab-4018-a5a8-a997c93d4f42_1488x2048.png', '68cba1097af440cb455c6d8a', '68cba109cdf25c6b459afd29', '1', 217, 'https://ai-image.weshop.com/20250918_1_bd329813-51fe-4369-b5bb-7284bdc1a192_1328x1903.png', NULL, '0', '0', '', '2025-09-18 14:05:34', '', NULL, NULL);
INSERT INTO `we_ai_picture` VALUES (433, '1+cloth1+bsd2+bsd44', 'https://ai-image.weshop.com/20250918_1_67611295-77b9-47bf-82c1-f1fad2ebb657_1488x2048.png', '68cba1187af440cb455c6d8b', '68cba118cdf25c6b459afd33', '1', 211, 'https://ai-image.weshop.com/20250918_1_8ed3d25e-0cfa-417a-a0e4-2f2f811ac4a0_1312x1833.png', NULL, '0', '0', '', '2025-09-18 14:05:44', '', NULL, NULL);
INSERT INTO `we_ai_picture` VALUES (434, '1+cloth1+bsd2+bsd44', 'https://ai-image.weshop.com/20250918_1_054380a1-0af6-47c8-9c1c-da5cf4f32b10_1488x2048.png', '68cba1187af440cb455c6d8b', '68cba118cdf25c6b459afd33', '1', 211, 'https://ai-image.weshop.com/20250918_1_8ed3d25e-0cfa-417a-a0e4-2f2f811ac4a0_1312x1833.png', NULL, '0', '0', '', '2025-09-18 14:05:44', '', NULL, NULL);
INSERT INTO `we_ai_picture` VALUES (435, '1+cloth1+bsd2+bsd44', 'https://ai-image.weshop.com/20250918_1_69898195-a725-4f24-9898-219c220841d7_1488x2048.png', '68cba1187af440cb455c6d8b', '68cba118cdf25c6b459afd33', '1', 211, 'https://ai-image.weshop.com/20250918_1_8ed3d25e-0cfa-417a-a0e4-2f2f811ac4a0_1312x1833.png', NULL, '0', '0', '', '2025-09-18 14:05:44', '', NULL, NULL);
INSERT INTO `we_ai_picture` VALUES (436, '1+cloth1+bsd2+bsd44', 'https://ai-image.weshop.com/20250918_1_737e01a5-11a9-42a2-ba6e-4abe2e7ec387_1488x2048.png', '68cba1187af440cb455c6d8b', '68cba118cdf25c6b459afd33', '1', 211, 'https://ai-image.weshop.com/20250918_1_8ed3d25e-0cfa-417a-a0e4-2f2f811ac4a0_1312x1833.png', NULL, '0', '0', '', '2025-09-18 14:05:44', '', NULL, NULL);
INSERT INTO `we_ai_picture` VALUES (437, '1+cloth1+bsd2+bsd42', 'https://ai-image.weshop.com/20250918_1_b0386d7a-91ed-4de9-8d2b-c99275c789a9_1168x2048.png', '68cba1387af440cb455c6d96', '68cba1387af440cb455c6d97', '1', 212, 'https://ai-image.weshop.com/20250918_1_299069ab-5a91-4cd3-ac78-37d43e5162a0_1136x1946.png', NULL, '0', '0', '', '2025-09-18 14:06:21', '', NULL, NULL);
INSERT INTO `we_ai_picture` VALUES (438, '1+cloth1+bsd2+bsd42', 'https://ai-image.weshop.com/20250918_1_c231f46f-b5a8-40ef-8edd-bf64c870fc76_1168x2048.png', '68cba1387af440cb455c6d96', '68cba1387af440cb455c6d97', '1', 212, 'https://ai-image.weshop.com/20250918_1_299069ab-5a91-4cd3-ac78-37d43e5162a0_1136x1946.png', NULL, '0', '0', '', '2025-09-18 14:06:21', '', NULL, NULL);
INSERT INTO `we_ai_picture` VALUES (439, '1+cloth1+bsd2+bsd42', 'https://ai-image.weshop.com/20250918_1_22b98971-36ad-49ff-816c-149c40467b3c_1168x2048.png', '68cba1387af440cb455c6d96', '68cba1387af440cb455c6d97', '1', 212, 'https://ai-image.weshop.com/20250918_1_299069ab-5a91-4cd3-ac78-37d43e5162a0_1136x1946.png', NULL, '0', '0', '', '2025-09-18 14:06:21', '', NULL, NULL);
INSERT INTO `we_ai_picture` VALUES (440, '1+cloth1+bsd2+bsd42', 'https://ai-image.weshop.com/20250918_1_3fec0bab-c8a1-4080-9d1f-78d42389eea4_1168x2048.png', '68cba1387af440cb455c6d96', '68cba1387af440cb455c6d97', '1', 212, 'https://ai-image.weshop.com/20250918_1_299069ab-5a91-4cd3-ac78-37d43e5162a0_1136x1946.png', NULL, '0', '0', '', '2025-09-18 14:06:21', '', NULL, NULL);
INSERT INTO `we_ai_picture` VALUES (441, '1+cloth1+bsd2+bsd33', 'https://ai-image.weshop.com/20250918_1_56755728-7b49-4b90-95a6-f064db90e7cf_1592x2048.png', '68cba12fcdf25c6b459afd3e', '68cba12f7af440cb455c6d8c', '1', 218, 'https://ai-image.weshop.com/20250918_1_7758fa20-8dd8-4dbc-b330-cf9404b595fb_1496x1941.png', NULL, '0', '0', '', '2025-09-18 14:06:58', '', NULL, NULL);
INSERT INTO `we_ai_picture` VALUES (442, '1+cloth1+bsd2+bsd33', 'https://ai-image.weshop.com/20250918_1_efb3f196-00ac-47c2-8521-720a96d32d1d_1592x2048.png', '68cba12fcdf25c6b459afd3e', '68cba12f7af440cb455c6d8c', '1', 218, 'https://ai-image.weshop.com/20250918_1_7758fa20-8dd8-4dbc-b330-cf9404b595fb_1496x1941.png', NULL, '0', '0', '', '2025-09-18 14:06:58', '', NULL, NULL);
INSERT INTO `we_ai_picture` VALUES (443, '1+cloth1+bsd2+bsd33', 'https://ai-image.weshop.com/20250918_1_75169614-25ef-4584-a4c7-e545660b31a0_1592x2048.png', '68cba12fcdf25c6b459afd3e', '68cba12f7af440cb455c6d8c', '1', 218, 'https://ai-image.weshop.com/20250918_1_7758fa20-8dd8-4dbc-b330-cf9404b595fb_1496x1941.png', NULL, '0', '0', '', '2025-09-18 14:06:58', '', NULL, NULL);
INSERT INTO `we_ai_picture` VALUES (444, '1+cloth1+bsd2+bsd33', 'https://ai-image.weshop.com/20250918_1_69d4bb9a-bc14-48fd-9d60-86eac733c083_1592x2048.png', '68cba12fcdf25c6b459afd3e', '68cba12f7af440cb455c6d8c', '1', 218, 'https://ai-image.weshop.com/20250918_1_7758fa20-8dd8-4dbc-b330-cf9404b595fb_1496x1941.png', NULL, '0', '0', '', '2025-09-18 14:06:58', '', NULL, NULL);
INSERT INTO `we_ai_picture` VALUES (445, '1+cloth1+bsd2+bsd40', 'https://ai-image.weshop.com/20250918_1_2d298529-7b1d-4bd0-8a1b-f40a4d9c7d06_1360x2048.png', '68cba15e7af440cb455c6da1', '68cba15e7af440cb455c6da2', '1', 213, 'https://ai-image.weshop.com/20250918_1_d73adae9-4cdb-4bef-b674-084a93907024_1256x1828.png', NULL, '0', '0', '', '2025-09-18 14:06:59', '', NULL, NULL);
INSERT INTO `we_ai_picture` VALUES (446, '1+cloth1+bsd2+bsd40', 'https://ai-image.weshop.com/20250918_1_12cb30a6-f1f3-4407-9bc5-9edd1763260f_1360x2048.png', '68cba15e7af440cb455c6da1', '68cba15e7af440cb455c6da2', '1', 213, 'https://ai-image.weshop.com/20250918_1_d73adae9-4cdb-4bef-b674-084a93907024_1256x1828.png', NULL, '0', '0', '', '2025-09-18 14:06:59', '', NULL, NULL);
INSERT INTO `we_ai_picture` VALUES (447, '1+cloth1+bsd2+bsd40', 'https://ai-image.weshop.com/20250918_1_51d69548-b361-4e47-b409-1dfdd5ca0941_1360x2048.png', '68cba15e7af440cb455c6da1', '68cba15e7af440cb455c6da2', '1', 213, 'https://ai-image.weshop.com/20250918_1_d73adae9-4cdb-4bef-b674-084a93907024_1256x1828.png', NULL, '0', '0', '', '2025-09-18 14:06:59', '', NULL, NULL);
INSERT INTO `we_ai_picture` VALUES (448, '1+cloth1+bsd2+bsd40', 'https://ai-image.weshop.com/20250918_1_2cdb77af-9ec6-4a15-8a7d-c967613eeab9_1360x2048.png', '68cba15e7af440cb455c6da1', '68cba15e7af440cb455c6da2', '1', 213, 'https://ai-image.weshop.com/20250918_1_d73adae9-4cdb-4bef-b674-084a93907024_1256x1828.png', NULL, '0', '0', '', '2025-09-18 14:06:59', '', NULL, NULL);
INSERT INTO `we_ai_picture` VALUES (449, '1+cloth1+bsd2+bsd39', 'https://ai-image.weshop.com/20250918_1_f839ac79-1f99-41a2-ae87-1f797bc4c35c_1360x2048.png', '68cba1827af440cb455c6dbf', '68cba182cdf25c6b459afd60', '1', 214, 'https://ai-image.weshop.com/20250918_1_176a5b1f-6fef-43d1-852e-8f8ebafdb870_1256x1828.png_preview.webp', NULL, '0', '0', '', '2025-09-18 14:07:35', '', NULL, NULL);
INSERT INTO `we_ai_picture` VALUES (450, '1+cloth1+bsd2+bsd39', 'https://ai-image.weshop.com/20250918_1_df2b06fb-04d7-4d6e-a143-ef4b828a0ec7_1360x2048.png', '68cba1827af440cb455c6dbf', '68cba182cdf25c6b459afd60', '1', 214, 'https://ai-image.weshop.com/20250918_1_176a5b1f-6fef-43d1-852e-8f8ebafdb870_1256x1828.png_preview.webp', NULL, '0', '0', '', '2025-09-18 14:07:35', '', NULL, NULL);
INSERT INTO `we_ai_picture` VALUES (451, '1+cloth1+bsd2+bsd39', 'https://ai-image.weshop.com/20250918_1_d3f05167-d33e-4e53-8650-738e335ebb32_1360x2048.png', '68cba1827af440cb455c6dbf', '68cba182cdf25c6b459afd60', '1', 214, 'https://ai-image.weshop.com/20250918_1_176a5b1f-6fef-43d1-852e-8f8ebafdb870_1256x1828.png_preview.webp', NULL, '0', '0', '', '2025-09-18 14:07:35', '', NULL, NULL);
INSERT INTO `we_ai_picture` VALUES (452, '1+cloth1+bsd2+bsd39', 'https://ai-image.weshop.com/20250918_1_683486a2-a1fe-4105-a63f-9caf12c97fa6_1360x2048.png', '68cba1827af440cb455c6dbf', '68cba182cdf25c6b459afd60', '1', 214, 'https://ai-image.weshop.com/20250918_1_176a5b1f-6fef-43d1-852e-8f8ebafdb870_1256x1828.png_preview.webp', NULL, '0', '0', '', '2025-09-18 14:07:35', '', NULL, NULL);
INSERT INTO `we_ai_picture` VALUES (453, '1+cloth1+bsd2+bsd28', 'https://ai-image.weshop.com/20250918_1_4a82d639-2c76-49dc-8a9d-75f9f97136b1_1592x2048.png', '68cba1837af440cb455c6dc0', '68cba183cdf25c6b459afd6a', '1', 219, 'https://ai-image.weshop.com/20250918_1_b30099e1-47e1-4725-aed6-1b63db21b8fe_1624x2031.png', NULL, '0', '0', '', '2025-09-18 14:07:41', '', NULL, NULL);
INSERT INTO `we_ai_picture` VALUES (454, '1+cloth1+bsd2+bsd28', 'https://ai-image.weshop.com/20250918_1_5700e107-b32c-43fb-88c5-b00e1a919eb0_1592x2048.png', '68cba1837af440cb455c6dc0', '68cba183cdf25c6b459afd6a', '1', 219, 'https://ai-image.weshop.com/20250918_1_b30099e1-47e1-4725-aed6-1b63db21b8fe_1624x2031.png', NULL, '0', '0', '', '2025-09-18 14:07:41', '', NULL, NULL);
INSERT INTO `we_ai_picture` VALUES (455, '1+cloth1+bsd2+bsd28', 'https://ai-image.weshop.com/20250918_1_3c283688-4d3b-4178-b46b-d44d2c659445_1592x2048.png', '68cba1837af440cb455c6dc0', '68cba183cdf25c6b459afd6a', '1', 219, 'https://ai-image.weshop.com/20250918_1_b30099e1-47e1-4725-aed6-1b63db21b8fe_1624x2031.png', NULL, '0', '0', '', '2025-09-18 14:07:41', '', NULL, NULL);
INSERT INTO `we_ai_picture` VALUES (456, '1+cloth1+bsd2+bsd28', 'https://ai-image.weshop.com/20250918_1_820e0b67-a3e5-4231-998e-99a4b8da6e3b_1592x2048.png', '68cba1837af440cb455c6dc0', '68cba183cdf25c6b459afd6a', '1', 219, 'https://ai-image.weshop.com/20250918_1_b30099e1-47e1-4725-aed6-1b63db21b8fe_1624x2031.png', NULL, '0', '0', '', '2025-09-18 14:07:41', '', NULL, NULL);
INSERT INTO `we_ai_picture` VALUES (457, '1+cloth1+bsd2+bsd38', 'https://ai-image.weshop.com/20250918_1_8803144b-c0d0-48f2-a609-0a100a226b10_1488x2048.png', '68cba1a77af440cb455c6dcb', '68cba1a77af440cb455c6dcc', '1', 215, 'https://ai-image.weshop.com/20250918_1_b130afa6-3a9d-476b-8158-fa2698ad8aa4_936x1327.png', NULL, '0', '0', '', '2025-09-18 14:08:07', '', NULL, NULL);
INSERT INTO `we_ai_picture` VALUES (458, '1+cloth1+bsd2+bsd38', 'https://ai-image.weshop.com/20250918_1_e7cb8460-df61-4464-b4b8-2f36b764dbfb_1488x2048.png', '68cba1a77af440cb455c6dcb', '68cba1a77af440cb455c6dcc', '1', 215, 'https://ai-image.weshop.com/20250918_1_b130afa6-3a9d-476b-8158-fa2698ad8aa4_936x1327.png', NULL, '0', '0', '', '2025-09-18 14:08:07', '', NULL, NULL);
INSERT INTO `we_ai_picture` VALUES (459, '1+cloth1+bsd2+bsd38', 'https://ai-image.weshop.com/20250918_1_f613152c-62e5-4496-8f2a-86cdfbb6be6b_1488x2048.png', '68cba1a77af440cb455c6dcb', '68cba1a77af440cb455c6dcc', '1', 215, 'https://ai-image.weshop.com/20250918_1_b130afa6-3a9d-476b-8158-fa2698ad8aa4_936x1327.png', NULL, '0', '0', '', '2025-09-18 14:08:07', '', NULL, NULL);
INSERT INTO `we_ai_picture` VALUES (460, '1+cloth1+bsd2+bsd38', 'https://ai-image.weshop.com/20250918_1_355ea571-cc3b-4f1c-b8b0-c4d94378e4b4_1488x2048.png', '68cba1a77af440cb455c6dcb', '68cba1a77af440cb455c6dcc', '1', 215, 'https://ai-image.weshop.com/20250918_1_b130afa6-3a9d-476b-8158-fa2698ad8aa4_936x1327.png', NULL, '0', '0', '', '2025-09-18 14:08:07', '', NULL, NULL);
INSERT INTO `we_ai_picture` VALUES (461, '1+cloth1+bsd2+bsd27', 'https://ai-image.weshop.com/20250918_1_6d902df1-caff-485a-8199-89a36c86b7a1_1592x2048.png', '68cba1ad7af440cb455c6dd6', '68cba1adcdf25c6b459afd79', '1', 220, 'https://ai-image.weshop.com/20250918_1_a2d20e39-2a31-4885-ac4e-3b889edf237a_1536x2018.png', NULL, '0', '0', '', '2025-09-18 14:08:18', '', NULL, NULL);
INSERT INTO `we_ai_picture` VALUES (462, '1+cloth1+bsd2+bsd27', 'https://ai-image.weshop.com/20250918_1_09538ded-8405-4d4f-9bcf-2f11b4a4cf45_1592x2048.png', '68cba1ad7af440cb455c6dd6', '68cba1adcdf25c6b459afd79', '1', 220, 'https://ai-image.weshop.com/20250918_1_a2d20e39-2a31-4885-ac4e-3b889edf237a_1536x2018.png', NULL, '0', '0', '', '2025-09-18 14:08:18', '', NULL, NULL);
INSERT INTO `we_ai_picture` VALUES (463, '1+cloth1+bsd2+bsd27', 'https://ai-image.weshop.com/20250918_1_7617e2c7-4edc-44c2-9c40-2c544dd33c11_1592x2048.png', '68cba1ad7af440cb455c6dd6', '68cba1adcdf25c6b459afd79', '1', 220, 'https://ai-image.weshop.com/20250918_1_a2d20e39-2a31-4885-ac4e-3b889edf237a_1536x2018.png', NULL, '0', '0', '', '2025-09-18 14:08:18', '', NULL, NULL);
INSERT INTO `we_ai_picture` VALUES (464, '1+cloth1+bsd2+bsd27', 'https://ai-image.weshop.com/20250918_1_87af1d59-3b48-472b-ad4d-e76b1866c644_1592x2048.png', '68cba1ad7af440cb455c6dd6', '68cba1adcdf25c6b459afd79', '1', 220, 'https://ai-image.weshop.com/20250918_1_a2d20e39-2a31-4885-ac4e-3b889edf237a_1536x2018.png', NULL, '0', '0', '', '2025-09-18 14:08:18', '', NULL, NULL);
INSERT INTO `we_ai_picture` VALUES (465, '1+cloth1+bsd2+bsd36', 'https://ai-image.weshop.com/20250918_1_08bcb805-d2e8-48b5-a22f-255220b7b8a8_1592x2048.png', '68cba1c6cdf25c6b459afd8d', '68cba1c6cdf25c6b459afd8e', '1', 216, 'https://ai-image.weshop.com/20250918_1_4021ab75-03c8-48ee-b34a-1261b727d74b_984x1279.png', NULL, '0', '0', '', '2025-09-18 14:09:59', '', NULL, NULL);
INSERT INTO `we_ai_picture` VALUES (466, '1+cloth1+bsd2+bsd36', 'https://ai-image.weshop.com/20250918_1_da3eaf30-8c07-4211-8787-593fb0b30eee_1592x2048.png', '68cba1c6cdf25c6b459afd8d', '68cba1c6cdf25c6b459afd8e', '1', 216, 'https://ai-image.weshop.com/20250918_1_4021ab75-03c8-48ee-b34a-1261b727d74b_984x1279.png', NULL, '0', '0', '', '2025-09-18 14:09:59', '', NULL, NULL);
INSERT INTO `we_ai_picture` VALUES (467, '1+cloth1+bsd2+bsd36', 'https://ai-image.weshop.com/20250918_1_f52d4d19-dd29-4a28-b3af-3219172a1657_1592x2048.png', '68cba1c6cdf25c6b459afd8d', '68cba1c6cdf25c6b459afd8e', '1', 216, 'https://ai-image.weshop.com/20250918_1_4021ab75-03c8-48ee-b34a-1261b727d74b_984x1279.png', NULL, '0', '0', '', '2025-09-18 14:09:59', '', NULL, NULL);
INSERT INTO `we_ai_picture` VALUES (468, '1+cloth1+bsd2+bsd36', 'https://ai-image.weshop.com/20250918_1_7a26b2f3-28dd-4677-8978-c008bd1dfaa2_1592x2048.png', '68cba1c6cdf25c6b459afd8d', '68cba1c6cdf25c6b459afd8e', '1', 216, 'https://ai-image.weshop.com/20250918_1_4021ab75-03c8-48ee-b34a-1261b727d74b_984x1279.png', NULL, '0', '0', '', '2025-09-18 14:09:59', '', NULL, NULL);
INSERT INTO `we_ai_picture` VALUES (469, '1+cloth1+bsd2+bsd26', 'https://ai-image.weshop.com/20250918_1_ea121a12-b5de-415c-9d06-868f4998850b_1696x2048.png', '68cba1d3cdf25c6b459afda7', '68cba1d37af440cb455c6ddf', '1', 221, 'https://ai-image.weshop.com/20250918_1_f845c1dc-ae5c-4cbd-bdb4-1df31bdbd3bf_1624x2023.png', NULL, '0', '0', '', '2025-09-18 14:10:02', '', NULL, NULL);
INSERT INTO `we_ai_picture` VALUES (470, '1+cloth1+bsd2+bsd26', 'https://ai-image.weshop.com/20250918_1_64e61e05-67c7-4496-b4a0-9fbe34ed630d_1696x2048.png', '68cba1d3cdf25c6b459afda7', '68cba1d37af440cb455c6ddf', '1', 221, 'https://ai-image.weshop.com/20250918_1_f845c1dc-ae5c-4cbd-bdb4-1df31bdbd3bf_1624x2023.png', NULL, '0', '0', '', '2025-09-18 14:10:02', '', NULL, NULL);
INSERT INTO `we_ai_picture` VALUES (471, '1+cloth1+bsd2+bsd26', 'https://ai-image.weshop.com/20250918_1_5b7bbbb0-b125-4d8a-8789-2d980d15ccfd_1696x2048.png', '68cba1d3cdf25c6b459afda7', '68cba1d37af440cb455c6ddf', '1', 221, 'https://ai-image.weshop.com/20250918_1_f845c1dc-ae5c-4cbd-bdb4-1df31bdbd3bf_1624x2023.png', NULL, '0', '0', '', '2025-09-18 14:10:02', '', NULL, NULL);
INSERT INTO `we_ai_picture` VALUES (472, '1+cloth1+bsd2+bsd26', 'https://ai-image.weshop.com/20250918_1_1d3edc13-5c4c-42e5-a67c-07c12a3116c9_1696x2048.png', '68cba1d3cdf25c6b459afda7', '68cba1d37af440cb455c6ddf', '1', 221, 'https://ai-image.weshop.com/20250918_1_f845c1dc-ae5c-4cbd-bdb4-1df31bdbd3bf_1624x2023.png', NULL, '0', '0', '', '2025-09-18 14:10:02', '', NULL, NULL);
INSERT INTO `we_ai_picture` VALUES (473, '1+cloth1+bsd2+bsd25', 'https://ai-image.weshop.com/20250918_1_04054917-28e8-4e31-be29-4b287b3d676c_1488x2048.png', '68cba23a7af440cb455c6df6', '68cba23a7af440cb455c6df7', '1', 222, 'https://ai-image.weshop.com/20250918_1_de049051-ce6c-4b42-a616-2ec796eb3d2e_1168x1631.png', NULL, '0', '0', '', '2025-09-18 14:10:39', '', NULL, NULL);
INSERT INTO `we_ai_picture` VALUES (474, '1+cloth1+bsd2+bsd25', 'https://ai-image.weshop.com/20250918_1_2a3e8388-6b4f-4786-9627-deac6cc73c21_1488x2048.png', '68cba23a7af440cb455c6df6', '68cba23a7af440cb455c6df7', '1', 222, 'https://ai-image.weshop.com/20250918_1_de049051-ce6c-4b42-a616-2ec796eb3d2e_1168x1631.png', NULL, '0', '0', '', '2025-09-18 14:10:39', '', NULL, NULL);
INSERT INTO `we_ai_picture` VALUES (475, '1+cloth1+bsd2+bsd25', 'https://ai-image.weshop.com/20250918_1_789ea687-24aa-4b25-9ea7-f3577e246cac_1488x2048.png', '68cba23a7af440cb455c6df6', '68cba23a7af440cb455c6df7', '1', 222, 'https://ai-image.weshop.com/20250918_1_de049051-ce6c-4b42-a616-2ec796eb3d2e_1168x1631.png', NULL, '0', '0', '', '2025-09-18 14:10:39', '', NULL, NULL);
INSERT INTO `we_ai_picture` VALUES (476, '1+cloth1+bsd2+bsd25', 'https://ai-image.weshop.com/20250918_1_fd3b28d8-f477-49b4-85c4-c2fa4e9b33b3_1488x2048.png', '68cba23a7af440cb455c6df6', '68cba23a7af440cb455c6df7', '1', 222, 'https://ai-image.weshop.com/20250918_1_de049051-ce6c-4b42-a616-2ec796eb3d2e_1168x1631.png', NULL, '0', '0', '', '2025-09-18 14:10:39', '', NULL, NULL);
INSERT INTO `we_ai_picture` VALUES (477, '1+cloth1+bsd2+bsd24', 'https://ai-image.weshop.com/20250918_1_564262f0-8a1d-4bf5-8d89-894dd1a86a55_1592x2048.png', '68cba25fcdf25c6b459afdb5', '68cba25f7af440cb455c6e01', '1', 223, 'https://ai-image.weshop.com/20250918_1_0c144274-f978-4bae-be6f-1803c25a7656_1304x1647.png', NULL, '0', '0', '', '2025-09-18 14:11:17', '', NULL, NULL);
INSERT INTO `we_ai_picture` VALUES (478, '1+cloth1+bsd2+bsd24', 'https://ai-image.weshop.com/20250918_1_b6d0a757-1c65-4c50-bd90-b4baf252d2ef_1592x2048.png', '68cba25fcdf25c6b459afdb5', '68cba25f7af440cb455c6e01', '1', 223, 'https://ai-image.weshop.com/20250918_1_0c144274-f978-4bae-be6f-1803c25a7656_1304x1647.png', NULL, '0', '0', '', '2025-09-18 14:11:17', '', NULL, NULL);
INSERT INTO `we_ai_picture` VALUES (479, '1+cloth1+bsd2+bsd24', 'https://ai-image.weshop.com/20250918_1_1dfd9026-77f7-433f-8a7b-be32ab851c26_1592x2048.png', '68cba25fcdf25c6b459afdb5', '68cba25f7af440cb455c6e01', '1', 223, 'https://ai-image.weshop.com/20250918_1_0c144274-f978-4bae-be6f-1803c25a7656_1304x1647.png', NULL, '0', '0', '', '2025-09-18 14:11:17', '', NULL, NULL);
INSERT INTO `we_ai_picture` VALUES (480, '1+cloth1+bsd2+bsd24', 'https://ai-image.weshop.com/20250918_1_ac8cbeab-d35a-4f05-82ea-7ce3e99ed77c_1592x2048.png', '68cba25fcdf25c6b459afdb5', '68cba25f7af440cb455c6e01', '1', 223, 'https://ai-image.weshop.com/20250918_1_0c144274-f978-4bae-be6f-1803c25a7656_1304x1647.png', NULL, '0', '0', '', '2025-09-18 14:11:17', '', NULL, NULL);
INSERT INTO `we_ai_picture` VALUES (481, '1+cloth1+bsd2+bsd23', 'https://ai-image.weshop.com/20250918_1_6cffa933-a35b-4375-a82e-5fef5f187fc5_1488x2048.png', '68cba2857af440cb455c6e31', '68cba285cdf25c6b459afdca', '1', 224, 'https://ai-image.weshop.com/20250918_1_af82de09-0c2c-460e-8321-0590e6266374_968x1295.png', NULL, '0', '0', '', '2025-09-18 14:11:49', '', NULL, NULL);
INSERT INTO `we_ai_picture` VALUES (482, '1+cloth1+bsd2+bsd23', 'https://ai-image.weshop.com/20250918_1_66d32a63-6646-445d-bc9d-d75d05a775a6_1488x2048.png', '68cba2857af440cb455c6e31', '68cba285cdf25c6b459afdca', '1', 224, 'https://ai-image.weshop.com/20250918_1_af82de09-0c2c-460e-8321-0590e6266374_968x1295.png', NULL, '0', '0', '', '2025-09-18 14:11:49', '', NULL, NULL);
INSERT INTO `we_ai_picture` VALUES (483, '1+cloth1+bsd2+bsd23', 'https://ai-image.weshop.com/20250918_1_eaa61307-4ebe-4784-b60f-d87dda5b8682_1488x2048.png', '68cba2857af440cb455c6e31', '68cba285cdf25c6b459afdca', '1', 224, 'https://ai-image.weshop.com/20250918_1_af82de09-0c2c-460e-8321-0590e6266374_968x1295.png', NULL, '0', '0', '', '2025-09-18 14:11:49', '', NULL, NULL);
INSERT INTO `we_ai_picture` VALUES (484, '1+cloth1+bsd2+bsd23', 'https://ai-image.weshop.com/20250918_1_143bf378-6c39-4b52-ab07-c78f83a23544_1488x2048.png', '68cba2857af440cb455c6e31', '68cba285cdf25c6b459afdca', '1', 224, 'https://ai-image.weshop.com/20250918_1_af82de09-0c2c-460e-8321-0590e6266374_968x1295.png', NULL, '0', '0', '', '2025-09-18 14:11:49', '', NULL, NULL);
INSERT INTO `we_ai_picture` VALUES (485, '1+cloth1+bsd2+bsd22', 'https://ai-image.weshop.com/20250918_1_1acb9b60-7cc1-450c-85b1-9194cd91e058_1488x2048.png', '68cba2a5cdf25c6b459afdd4', '68cba2a57af440cb455c6e32', '1', 225, 'https://ai-image.weshop.com/20250918_1_6e4fe48b-042c-44d6-9f0e-d1b4395d7f64_1088x1455.png', NULL, '0', '0', '', '2025-09-18 14:12:21', '', NULL, NULL);
INSERT INTO `we_ai_picture` VALUES (486, '1+cloth1+bsd2+bsd22', 'https://ai-image.weshop.com/20250918_1_fe92a432-24a2-48c6-9ccf-2d0360c3fc8e_1488x2048.png', '68cba2a5cdf25c6b459afdd4', '68cba2a57af440cb455c6e32', '1', 225, 'https://ai-image.weshop.com/20250918_1_6e4fe48b-042c-44d6-9f0e-d1b4395d7f64_1088x1455.png', NULL, '0', '0', '', '2025-09-18 14:12:21', '', NULL, NULL);
INSERT INTO `we_ai_picture` VALUES (487, '1+cloth1+bsd2+bsd22', 'https://ai-image.weshop.com/20250918_1_cb9bfd16-a127-41b7-bc29-5fe647c2f8ab_1488x2048.png', '68cba2a5cdf25c6b459afdd4', '68cba2a57af440cb455c6e32', '1', 225, 'https://ai-image.weshop.com/20250918_1_6e4fe48b-042c-44d6-9f0e-d1b4395d7f64_1088x1455.png', NULL, '0', '0', '', '2025-09-18 14:12:21', '', NULL, NULL);
INSERT INTO `we_ai_picture` VALUES (488, '1+cloth1+bsd2+bsd22', 'https://ai-image.weshop.com/20250918_1_f0916380-04f5-4d94-908c-6dbe93695313_1488x2048.png', '68cba2a5cdf25c6b459afdd4', '68cba2a57af440cb455c6e32', '1', 225, 'https://ai-image.weshop.com/20250918_1_6e4fe48b-042c-44d6-9f0e-d1b4395d7f64_1088x1455.png', NULL, '0', '0', '', '2025-09-18 14:12:21', '', NULL, NULL);
INSERT INTO `we_ai_picture` VALUES (489, '2+tan3d2+tan1+tan54', 'https://ai-image.weshop.com/20250918_1_1d4b04e7-d558-4705-a3ab-036e421a87b9_1168x2048.png', '68cbac737af440cb455c70aa', '68cbac73cdf25c6b459b004c', '2', 259, 'https://ai-image.weshop.com/20250918_1_9a5b780b-94d1-4c59-bdc0-91fc6634a063_808x1440.png', NULL, '0', '0', '', '2025-09-18 14:54:07', '', NULL, NULL);
INSERT INTO `we_ai_picture` VALUES (490, '2+tan3d2+tan1+tan54', 'https://ai-image.weshop.com/20250918_1_86cf0edb-178f-4f9b-bf91-0a36468748eb_1168x2048.png', '68cbac737af440cb455c70aa', '68cbac73cdf25c6b459b004c', '2', 259, 'https://ai-image.weshop.com/20250918_1_9a5b780b-94d1-4c59-bdc0-91fc6634a063_808x1440.png', NULL, '0', '0', '', '2025-09-18 14:54:07', '', NULL, NULL);
INSERT INTO `we_ai_picture` VALUES (491, '2+tan3d2+tan1+tan54', 'https://ai-image.weshop.com/20250918_1_1eb63dd2-fe35-4695-8213-22a1c770ae37_1168x2048.png', '68cbac737af440cb455c70aa', '68cbac73cdf25c6b459b004c', '2', 259, 'https://ai-image.weshop.com/20250918_1_9a5b780b-94d1-4c59-bdc0-91fc6634a063_808x1440.png', NULL, '0', '0', '', '2025-09-18 14:54:07', '', NULL, NULL);
INSERT INTO `we_ai_picture` VALUES (492, '2+tan3d2+tan1+tan54', 'https://ai-image.weshop.com/20250918_1_5a583584-ce06-4486-a4d0-47d52af4964d_1168x2048.png', '68cbac737af440cb455c70aa', '68cbac73cdf25c6b459b004c', '2', 259, 'https://ai-image.weshop.com/20250918_1_9a5b780b-94d1-4c59-bdc0-91fc6634a063_808x1440.png', NULL, '0', '0', '', '2025-09-18 14:54:07', '', NULL, NULL);
INSERT INTO `we_ai_picture` VALUES (493, '2+tan3d3+tan1+tan54', 'https://ai-image.weshop.com/20250918_1_c69a04e0-4350-4484-b761-6f3d3c680402_1168x2048.png', '68cbac8d7af440cb455c70b1', '68cbac8dcdf25c6b459b006a', '2', 267, 'https://ai-image.weshop.com/20250918_1_54815022-427f-497b-9048-5e7ceaca3b84_824x1464.png', NULL, '0', '0', '', '2025-09-18 14:54:33', '', NULL, NULL);
INSERT INTO `we_ai_picture` VALUES (494, '2+tan3d3+tan1+tan54', 'https://ai-image.weshop.com/20250918_1_91fae0be-03d0-4902-8cb3-f2b95cbdb09f_1168x2048.png', '68cbac8d7af440cb455c70b1', '68cbac8dcdf25c6b459b006a', '2', 267, 'https://ai-image.weshop.com/20250918_1_54815022-427f-497b-9048-5e7ceaca3b84_824x1464.png', NULL, '0', '0', '', '2025-09-18 14:54:33', '', NULL, NULL);
INSERT INTO `we_ai_picture` VALUES (495, '2+tan3d3+tan1+tan54', 'https://ai-image.weshop.com/20250918_1_24c4a51c-9b04-4f69-9e29-604153af1e9b_1168x2048.png', '68cbac8d7af440cb455c70b1', '68cbac8dcdf25c6b459b006a', '2', 267, 'https://ai-image.weshop.com/20250918_1_54815022-427f-497b-9048-5e7ceaca3b84_824x1464.png', NULL, '0', '0', '', '2025-09-18 14:54:33', '', NULL, NULL);
INSERT INTO `we_ai_picture` VALUES (496, '2+tan3d3+tan1+tan54', 'https://ai-image.weshop.com/20250918_1_018279fa-7455-4c5f-95bd-07aff1be8865_1168x2048.png', '68cbac8d7af440cb455c70b1', '68cbac8dcdf25c6b459b006a', '2', 267, 'https://ai-image.weshop.com/20250918_1_54815022-427f-497b-9048-5e7ceaca3b84_824x1464.png', NULL, '0', '0', '', '2025-09-18 14:54:33', '', NULL, NULL);
INSERT INTO `we_ai_picture` VALUES (497, '2+tan3d2+tan1+tan28', 'https://ai-image.weshop.com/20250918_1_e93cf900-27d0-4b3a-a38a-5939949352df_1488x2048.png', '68cbac8fcdf25c6b459b0074', '68cbac8f7af440cb455c70b2', '2', 260, 'https://ai-image.weshop.com/20250918_1_fd6ddc8c-2096-469c-b9e0-acad4a9fb79a_1056x1408.png', NULL, '0', '0', '', '2025-09-18 14:54:45', '', NULL, NULL);
INSERT INTO `we_ai_picture` VALUES (498, '2+tan3d2+tan1+tan28', 'https://ai-image.weshop.com/20250918_1_5a966476-4675-40b1-8a5b-c6973ba875f2_1488x2048.png', '68cbac8fcdf25c6b459b0074', '68cbac8f7af440cb455c70b2', '2', 260, 'https://ai-image.weshop.com/20250918_1_fd6ddc8c-2096-469c-b9e0-acad4a9fb79a_1056x1408.png', NULL, '0', '0', '', '2025-09-18 14:54:45', '', NULL, NULL);
INSERT INTO `we_ai_picture` VALUES (499, '2+tan3d2+tan1+tan28', 'https://ai-image.weshop.com/20250918_1_be2728c5-3b82-4de2-8df1-433cb7b4a371_1488x2048.png', '68cbac8fcdf25c6b459b0074', '68cbac8f7af440cb455c70b2', '2', 260, 'https://ai-image.weshop.com/20250918_1_fd6ddc8c-2096-469c-b9e0-acad4a9fb79a_1056x1408.png', NULL, '0', '0', '', '2025-09-18 14:54:45', '', NULL, NULL);
INSERT INTO `we_ai_picture` VALUES (500, '2+tan3d2+tan1+tan28', 'https://ai-image.weshop.com/20250918_1_00d8b473-9895-451d-89e4-c9c2fd82bc01_1488x2048.png', '68cbac8fcdf25c6b459b0074', '68cbac8f7af440cb455c70b2', '2', 260, 'https://ai-image.weshop.com/20250918_1_fd6ddc8c-2096-469c-b9e0-acad4a9fb79a_1056x1408.png', NULL, '0', '0', '', '2025-09-18 14:54:45', '', NULL, NULL);
INSERT INTO `we_ai_picture` VALUES (501, '2+tan3d4+tan1+tan54', 'https://ai-image.weshop.com/20250918_1_1bd6f245-3d05-40bd-a182-43b98bcc8866_1168x2048.png', '68cbaca67af440cb455c70bf', '68cbaca7cdf25c6b459b007f', '2', 275, 'https://ai-image.weshop.com/20250918_1_61bbd8b6-4f61-4d70-b2c3-713d463e743a_832x1488.png', NULL, '0', '0', '', '2025-09-18 14:55:03', '', NULL, NULL);
INSERT INTO `we_ai_picture` VALUES (502, '2+tan3d4+tan1+tan54', 'https://ai-image.weshop.com/20250918_1_d2b53f2f-05c7-4831-80da-bea7dbc2f970_1168x2048.png', '68cbaca67af440cb455c70bf', '68cbaca7cdf25c6b459b007f', '2', 275, 'https://ai-image.weshop.com/20250918_1_61bbd8b6-4f61-4d70-b2c3-713d463e743a_832x1488.png', NULL, '0', '0', '', '2025-09-18 14:55:03', '', NULL, NULL);
INSERT INTO `we_ai_picture` VALUES (503, '2+tan3d4+tan1+tan54', 'https://ai-image.weshop.com/20250918_1_19b8a5a3-d2e1-420b-a85e-467fda0fca3b_1168x2048.png', '68cbaca67af440cb455c70bf', '68cbaca7cdf25c6b459b007f', '2', 275, 'https://ai-image.weshop.com/20250918_1_61bbd8b6-4f61-4d70-b2c3-713d463e743a_832x1488.png', NULL, '0', '0', '', '2025-09-18 14:55:03', '', NULL, NULL);
INSERT INTO `we_ai_picture` VALUES (504, '2+tan3d4+tan1+tan54', 'https://ai-image.weshop.com/20250918_1_93db7699-5764-44b7-9376-a8fc3fc7afb0_1168x2048.png', '68cbaca67af440cb455c70bf', '68cbaca7cdf25c6b459b007f', '2', 275, 'https://ai-image.weshop.com/20250918_1_61bbd8b6-4f61-4d70-b2c3-713d463e743a_832x1488.png', NULL, '0', '0', '', '2025-09-18 14:55:03', '', NULL, NULL);
INSERT INTO `we_ai_picture` VALUES (505, '2+tan3d3+tan1+tan28', 'https://ai-image.weshop.com/20250918_1_27cb4cac-3b0d-49c9-b722-f5871a1cc244_1592x2048.png', '68cbaca9cdf25c6b459b0089', '68cbaca97af440cb455c70c0', '2', 268, 'https://ai-image.weshop.com/20250918_1_246a1e4d-c089-47b4-be86-5e69790459f6_1064x1408.png', NULL, '0', '0', '', '2025-09-18 14:55:10', '', NULL, NULL);
INSERT INTO `we_ai_picture` VALUES (506, '2+tan3d3+tan1+tan28', 'https://ai-image.weshop.com/20250918_1_582ee35e-dcc3-4dce-90c7-c47e8e76e3dd_1592x2048.png', '68cbaca9cdf25c6b459b0089', '68cbaca97af440cb455c70c0', '2', 268, 'https://ai-image.weshop.com/20250918_1_246a1e4d-c089-47b4-be86-5e69790459f6_1064x1408.png', NULL, '0', '0', '', '2025-09-18 14:55:10', '', NULL, NULL);
INSERT INTO `we_ai_picture` VALUES (507, '2+tan3d3+tan1+tan28', 'https://ai-image.weshop.com/20250918_1_7f35499f-1197-4e96-95de-4b6df73d4327_1592x2048.png', '68cbaca9cdf25c6b459b0089', '68cbaca97af440cb455c70c0', '2', 268, 'https://ai-image.weshop.com/20250918_1_246a1e4d-c089-47b4-be86-5e69790459f6_1064x1408.png', NULL, '0', '0', '', '2025-09-18 14:55:10', '', NULL, NULL);
INSERT INTO `we_ai_picture` VALUES (508, '2+tan3d3+tan1+tan28', 'https://ai-image.weshop.com/20250918_1_0eaf3fd0-6566-4f34-ad6f-eb47c584d1b0_1592x2048.png', '68cbaca9cdf25c6b459b0089', '68cbaca97af440cb455c70c0', '2', 268, 'https://ai-image.weshop.com/20250918_1_246a1e4d-c089-47b4-be86-5e69790459f6_1064x1408.png', NULL, '0', '0', '', '2025-09-18 14:55:10', '', NULL, NULL);
INSERT INTO `we_ai_picture` VALUES (509, '2+tan3d2+tan1+tan27', 'https://ai-image.weshop.com/20250918_1_a8f43d93-826d-40e1-a7bc-1ceef2d90dd1_1488x2048.png', '68cbacb6cdf25c6b459b009e', '68cbacb6cdf25c6b459b009f', '2', 261, 'https://ai-image.weshop.com/20250918_1_04c6b5d4-52d0-44ee-aa5e-1fe6bc396dfc_1456x2048.png', NULL, '0', '0', '', '2025-09-18 14:55:28', '', NULL, NULL);
INSERT INTO `we_ai_picture` VALUES (510, '2+tan3d2+tan1+tan27', 'https://ai-image.weshop.com/20250918_1_2ca5595f-ad25-42b8-b9a1-f321ed1d4718_1488x2048.png', '68cbacb6cdf25c6b459b009e', '68cbacb6cdf25c6b459b009f', '2', 261, 'https://ai-image.weshop.com/20250918_1_04c6b5d4-52d0-44ee-aa5e-1fe6bc396dfc_1456x2048.png', NULL, '0', '0', '', '2025-09-18 14:55:28', '', NULL, NULL);
INSERT INTO `we_ai_picture` VALUES (511, '2+tan3d2+tan1+tan27', 'https://ai-image.weshop.com/20250918_1_bcb30d97-6e1f-446e-b746-77d1000d4ad6_1488x2048.png', '68cbacb6cdf25c6b459b009e', '68cbacb6cdf25c6b459b009f', '2', 261, 'https://ai-image.weshop.com/20250918_1_04c6b5d4-52d0-44ee-aa5e-1fe6bc396dfc_1456x2048.png', NULL, '0', '0', '', '2025-09-18 14:55:28', '', NULL, NULL);
INSERT INTO `we_ai_picture` VALUES (512, '2+tan3d2+tan1+tan27', 'https://ai-image.weshop.com/20250918_1_8436a2d8-3166-4c3f-888e-de34ae129bdc_1488x2048.png', '68cbacb6cdf25c6b459b009e', '68cbacb6cdf25c6b459b009f', '2', 261, 'https://ai-image.weshop.com/20250918_1_04c6b5d4-52d0-44ee-aa5e-1fe6bc396dfc_1456x2048.png', NULL, '0', '0', '', '2025-09-18 14:55:28', '', NULL, NULL);
INSERT INTO `we_ai_picture` VALUES (513, '2+tan3d4+tan1+tan28', 'https://ai-image.weshop.com/20250918_1_bbc50cb5-96d8-4d06-9e23-7c516c151747_1488x2048.png', '68cbacc7cdf25c6b459b00a9', '68cbacc77af440cb455c70d0', '2', 276, 'https://ai-image.weshop.com/20250918_1_58a0bb3d-3dc3-40b2-b300-cfa05c29cff7_1056x1408.png', NULL, '0', '0', '', '2025-09-18 14:55:36', '', NULL, NULL);
INSERT INTO `we_ai_picture` VALUES (514, '2+tan3d4+tan1+tan28', 'https://ai-image.weshop.com/20250918_1_866e549b-c915-44a1-8e26-d9e47378b021_1488x2048.png', '68cbacc7cdf25c6b459b00a9', '68cbacc77af440cb455c70d0', '2', 276, 'https://ai-image.weshop.com/20250918_1_58a0bb3d-3dc3-40b2-b300-cfa05c29cff7_1056x1408.png', NULL, '0', '0', '', '2025-09-18 14:55:36', '', NULL, NULL);
INSERT INTO `we_ai_picture` VALUES (515, '2+tan3d4+tan1+tan28', 'https://ai-image.weshop.com/20250918_1_ceccc82f-bae4-4aba-b02b-2312f0717d12_1488x2048.png', '68cbacc7cdf25c6b459b00a9', '68cbacc77af440cb455c70d0', '2', 276, 'https://ai-image.weshop.com/20250918_1_58a0bb3d-3dc3-40b2-b300-cfa05c29cff7_1056x1408.png', NULL, '0', '0', '', '2025-09-18 14:55:36', '', NULL, NULL);
INSERT INTO `we_ai_picture` VALUES (516, '2+tan3d4+tan1+tan28', 'https://ai-image.weshop.com/20250918_1_67554beb-c056-4d2b-a7e1-55eb46e45554_1488x2048.png', '68cbacc7cdf25c6b459b00a9', '68cbacc77af440cb455c70d0', '2', 276, 'https://ai-image.weshop.com/20250918_1_58a0bb3d-3dc3-40b2-b300-cfa05c29cff7_1056x1408.png', NULL, '0', '0', '', '2025-09-18 14:55:36', '', NULL, NULL);
INSERT INTO `we_ai_picture` VALUES (517, '2+tan3d3+tan1+tan27', 'https://ai-image.weshop.com/20250918_1_21845aff-d27a-49a8-aede-ddf9282158de_1488x2048.png', '68cbaccfcdf25c6b459b00aa', '68cbaccf7af440cb455c70da', '2', 269, 'https://ai-image.weshop.com/20250918_1_edac3fb6-e7c6-4cb7-9a77-803c3583df1c_1456x2048.png', NULL, '0', '0', '', '2025-09-18 14:55:44', '', NULL, NULL);
INSERT INTO `we_ai_picture` VALUES (518, '2+tan3d3+tan1+tan27', 'https://ai-image.weshop.com/20250918_1_28543815-dec4-482b-8b52-82a646158a08_1488x2048.png', '68cbaccfcdf25c6b459b00aa', '68cbaccf7af440cb455c70da', '2', 269, 'https://ai-image.weshop.com/20250918_1_edac3fb6-e7c6-4cb7-9a77-803c3583df1c_1456x2048.png', NULL, '0', '0', '', '2025-09-18 14:55:44', '', NULL, NULL);
INSERT INTO `we_ai_picture` VALUES (519, '2+tan3d3+tan1+tan27', 'https://ai-image.weshop.com/20250918_1_4b9dd6f6-afe9-48f6-9359-3e3d52f49273_1488x2048.png', '68cbaccfcdf25c6b459b00aa', '68cbaccf7af440cb455c70da', '2', 269, 'https://ai-image.weshop.com/20250918_1_edac3fb6-e7c6-4cb7-9a77-803c3583df1c_1456x2048.png', NULL, '0', '0', '', '2025-09-18 14:55:44', '', NULL, NULL);
INSERT INTO `we_ai_picture` VALUES (520, '2+tan3d3+tan1+tan27', 'https://ai-image.weshop.com/20250918_1_1b1ceae9-70a1-4110-9539-4f25596ab731_1488x2048.png', '68cbaccfcdf25c6b459b00aa', '68cbaccf7af440cb455c70da', '2', 269, 'https://ai-image.weshop.com/20250918_1_edac3fb6-e7c6-4cb7-9a77-803c3583df1c_1456x2048.png', NULL, '0', '0', '', '2025-09-18 14:55:44', '', NULL, NULL);
INSERT INTO `we_ai_picture` VALUES (521, '2+tan3d2+tan1+tan49', 'https://ai-image.weshop.com/20250918_1_5368dbdf-7518-4ac8-8839-e2ad455d12ef_1488x2048.png', '68cbace1cdf25c6b459b00ab', '68cbace17af440cb455c70e5', '2', 262, 'https://ai-image.weshop.com/20250918_1_265ff852-8ee5-4e1b-86d4-ecb193390674_1368x1816.png', NULL, '0', '0', '', '2025-09-18 14:56:02', '', NULL, NULL);
INSERT INTO `we_ai_picture` VALUES (522, '2+tan3d2+tan1+tan49', 'https://ai-image.weshop.com/20250918_1_47497bc2-4d17-4867-be67-f1f20da4a6cc_1488x2048.png', '68cbace1cdf25c6b459b00ab', '68cbace17af440cb455c70e5', '2', 262, 'https://ai-image.weshop.com/20250918_1_265ff852-8ee5-4e1b-86d4-ecb193390674_1368x1816.png', NULL, '0', '0', '', '2025-09-18 14:56:02', '', NULL, NULL);
INSERT INTO `we_ai_picture` VALUES (523, '2+tan3d2+tan1+tan49', 'https://ai-image.weshop.com/20250918_1_99383569-76fd-4f87-8eb9-8a8429fe6c18_1488x2048.png', '68cbace1cdf25c6b459b00ab', '68cbace17af440cb455c70e5', '2', 262, 'https://ai-image.weshop.com/20250918_1_265ff852-8ee5-4e1b-86d4-ecb193390674_1368x1816.png', NULL, '0', '0', '', '2025-09-18 14:56:02', '', NULL, NULL);
INSERT INTO `we_ai_picture` VALUES (524, '2+tan3d2+tan1+tan49', 'https://ai-image.weshop.com/20250918_1_fd803e79-46d6-4374-bcfe-b55eff94f700_1488x2048.png', '68cbace1cdf25c6b459b00ab', '68cbace17af440cb455c70e5', '2', 262, 'https://ai-image.weshop.com/20250918_1_265ff852-8ee5-4e1b-86d4-ecb193390674_1368x1816.png', NULL, '0', '0', '', '2025-09-18 14:56:02', '', NULL, NULL);
INSERT INTO `we_ai_picture` VALUES (525, '2+tan3d3+tan1+tan49', 'https://ai-image.weshop.com/20250918_1_8a81e74f-5b2e-4493-a820-b3cc771a92a5_1488x2048.png', '68cbacf1cdf25c6b459b00b1', '68cbacf17af440cb455c70fb', '2', 270, 'https://ai-image.weshop.com/20250918_1_d9f47c1b-b97a-40c4-a93b-817eb0274e6f_1384x1840.png', NULL, '0', '0', '', '2025-09-18 14:57:59', '', NULL, NULL);
INSERT INTO `we_ai_picture` VALUES (526, '2+tan3d3+tan1+tan49', 'https://ai-image.weshop.com/20250918_1_e32061cf-5aa0-437d-9fbd-54a3c5e31d2f_1488x2048.png', '68cbacf1cdf25c6b459b00b1', '68cbacf17af440cb455c70fb', '2', 270, 'https://ai-image.weshop.com/20250918_1_d9f47c1b-b97a-40c4-a93b-817eb0274e6f_1384x1840.png', NULL, '0', '0', '', '2025-09-18 14:57:59', '', NULL, NULL);
INSERT INTO `we_ai_picture` VALUES (527, '2+tan3d3+tan1+tan49', 'https://ai-image.weshop.com/20250918_1_fcef313c-590a-4801-b1b0-554485a1ccbd_1488x2048.png', '68cbacf1cdf25c6b459b00b1', '68cbacf17af440cb455c70fb', '2', 270, 'https://ai-image.weshop.com/20250918_1_d9f47c1b-b97a-40c4-a93b-817eb0274e6f_1384x1840.png', NULL, '0', '0', '', '2025-09-18 14:57:59', '', NULL, NULL);
INSERT INTO `we_ai_picture` VALUES (528, '2+tan3d3+tan1+tan49', 'https://ai-image.weshop.com/20250918_1_47da0acc-6f83-422b-b68d-41bc1d47b16b_1488x2048.png', '68cbacf1cdf25c6b459b00b1', '68cbacf17af440cb455c70fb', '2', 270, 'https://ai-image.weshop.com/20250918_1_d9f47c1b-b97a-40c4-a93b-817eb0274e6f_1384x1840.png', NULL, '0', '0', '', '2025-09-18 14:57:59', '', NULL, NULL);
INSERT INTO `we_ai_picture` VALUES (529, '2+tan3d4+tan1+tan27', 'https://ai-image.weshop.com/20250918_1_9ca6b141-8d67-4e62-8c17-6bc27c087413_1488x2048.png', '68cbace9cdf25c6b459b00ac', '68cbace97af440cb455c70ef', '2', 277, 'https://ai-image.weshop.com/20250918_1_7cbbc601-e001-4872-a680-326ea06692f2_1456x2048.png', NULL, '0', '0', '', '2025-09-18 14:58:01', '', NULL, NULL);
INSERT INTO `we_ai_picture` VALUES (530, '2+tan3d4+tan1+tan27', 'https://ai-image.weshop.com/20250918_1_3ddbe0af-34e3-400f-8689-b6db5a96a99d_1488x2048.png', '68cbace9cdf25c6b459b00ac', '68cbace97af440cb455c70ef', '2', 277, 'https://ai-image.weshop.com/20250918_1_7cbbc601-e001-4872-a680-326ea06692f2_1456x2048.png', NULL, '0', '0', '', '2025-09-18 14:58:01', '', NULL, NULL);
INSERT INTO `we_ai_picture` VALUES (531, '2+tan3d4+tan1+tan27', 'https://ai-image.weshop.com/20250918_1_3cd776b5-092d-40c0-baea-9c8aae6d2995_1488x2048.png', '68cbace9cdf25c6b459b00ac', '68cbace97af440cb455c70ef', '2', 277, 'https://ai-image.weshop.com/20250918_1_7cbbc601-e001-4872-a680-326ea06692f2_1456x2048.png', NULL, '0', '0', '', '2025-09-18 14:58:01', '', NULL, NULL);
INSERT INTO `we_ai_picture` VALUES (532, '2+tan3d4+tan1+tan27', 'https://ai-image.weshop.com/20250918_1_f124cc9f-d88d-4441-9460-406e3c066fca_1488x2048.png', '68cbace9cdf25c6b459b00ac', '68cbace97af440cb455c70ef', '2', 277, 'https://ai-image.weshop.com/20250918_1_7cbbc601-e001-4872-a680-326ea06692f2_1456x2048.png', NULL, '0', '0', '', '2025-09-18 14:58:01', '', NULL, NULL);
INSERT INTO `we_ai_picture` VALUES (533, '2+tan3d4+tan1+tan49', 'https://ai-image.weshop.com/20250918_1_ab490695-3f87-4456-9f16-34b912440355_1488x2048.png', '68cbad7a7af440cb455c710f', '68cbad7acdf25c6b459b00b5', '2', 278, 'https://ai-image.weshop.com/20250918_1_dca09a36-f194-4128-80ea-17c983e0564b_1408x1872.png', NULL, '0', '0', '', '2025-09-18 14:58:35', '', NULL, NULL);
INSERT INTO `we_ai_picture` VALUES (534, '2+tan3d4+tan1+tan49', 'https://ai-image.weshop.com/20250918_1_f70e3400-802c-4665-98ab-2a033de86327_1488x2048.png', '68cbad7a7af440cb455c710f', '68cbad7acdf25c6b459b00b5', '2', 278, 'https://ai-image.weshop.com/20250918_1_dca09a36-f194-4128-80ea-17c983e0564b_1408x1872.png', NULL, '0', '0', '', '2025-09-18 14:58:35', '', NULL, NULL);
INSERT INTO `we_ai_picture` VALUES (535, '2+tan3d4+tan1+tan49', 'https://ai-image.weshop.com/20250918_1_56e5a524-f5e4-45d2-a311-80243a4cc82d_1488x2048.png', '68cbad7a7af440cb455c710f', '68cbad7acdf25c6b459b00b5', '2', 278, 'https://ai-image.weshop.com/20250918_1_dca09a36-f194-4128-80ea-17c983e0564b_1408x1872.png', NULL, '0', '0', '', '2025-09-18 14:58:35', '', NULL, NULL);
INSERT INTO `we_ai_picture` VALUES (536, '2+tan3d4+tan1+tan49', 'https://ai-image.weshop.com/20250918_1_63fb5787-4cf1-4be0-a18a-301ed64bd95f_1488x2048.png', '68cbad7a7af440cb455c710f', '68cbad7acdf25c6b459b00b5', '2', 278, 'https://ai-image.weshop.com/20250918_1_dca09a36-f194-4128-80ea-17c983e0564b_1408x1872.png', NULL, '0', '0', '', '2025-09-18 14:58:35', '', NULL, NULL);

-- ----------------------------
-- Table structure for we_back
-- ----------------------------
DROP TABLE IF EXISTS `we_back`;
CREATE TABLE `we_back`  (
  `id` bigint NOT NULL AUTO_INCREMENT COMMENT '主键',
  `name` varchar(255) CHARACTER SET utf8mb4 COLLATE utf8mb4_general_ci NULL DEFAULT NULL COMMENT '背景名称',
  `back_url` varchar(500) CHARACTER SET utf8mb4 COLLATE utf8mb4_general_ci NULL DEFAULT NULL COMMENT '背景图片URL',
  `back_we_id` varchar(100) CHARACTER SET utf8mb4 COLLATE utf8mb4_general_ci NULL DEFAULT NULL COMMENT '背景ID',
  `promot` varchar(500) CHARACTER SET utf8mb4 COLLATE utf8mb4_general_ci NULL DEFAULT NULL COMMENT '背景描述',
  `type` varchar(50) CHARACTER SET utf8mb4 COLLATE utf8mb4_general_ci NULL DEFAULT NULL COMMENT '背景类型',
  `del_flag` char(1) CHARACTER SET utf8mb4 COLLATE utf8mb4_general_ci NULL DEFAULT '0' COMMENT '删除标志（0代表存在 2代表删除）',
  `create_by` varchar(64) CHARACTER SET utf8mb4 COLLATE utf8mb4_general_ci NULL DEFAULT '' COMMENT '创建者',
  `create_time` datetime NULL DEFAULT NULL COMMENT '创建时间',
  `update_by` varchar(64) CHARACTER SET utf8mb4 COLLATE utf8mb4_general_ci NULL DEFAULT '' COMMENT '更新者',
  `update_time` datetime NULL DEFAULT NULL COMMENT '更新时间',
  `remark` varchar(500) CHARACTER SET utf8mb4 COLLATE utf8mb4_general_ci NULL DEFAULT NULL COMMENT '备注',
  PRIMARY KEY (`id`) USING BTREE
) ENGINE = InnoDB AUTO_INCREMENT = 50 CHARACTER SET = utf8mb4 COLLATE = utf8mb4_general_ci COMMENT = '背景表' ROW_FORMAT = DYNAMIC;

-- ----------------------------
-- Records of we_back
-- ----------------------------
INSERT INTO `we_back` VALUES (1, 'tan22', 'https://ai-image.weshop.com/20250908_1_6242fdf7-19b2-405e-a986-06aae5fd9ecb_632x840.jpg_width256.webp', '10000341765', '画面中，一位女子站在一处建筑的拱门下，身体靠墙。背景有拱形的石质门框，旁边摆放着一盆绿色的植物，地面是由石板铺成的台阶，整体场景营造出一种复古、优雅的氛围。', '2', '0', '', '2025-09-16 18:18:19', '', '2025-09-17 16:17:17', NULL);
INSERT INTO `we_back` VALUES (2, 'tan96', 'https://ai-image.weshop.com/20250909_1_b4e7a4fc-3d76-4593-9aca-c2ddb18e27b6_1024x1280.png_width256.webp', '10000344115', '画面展现的是海边景致，天空呈淡蓝色，略带云层。海面波涛汹涌，白色的浪花不断翻涌、拍向岸边，其间还露出一些礁石。浅棕色的沙滩上，海浪涌来形成白色的泡沫，整体氛围清新又充满自然的动感，营造出惬意的海边氛围。', '2', '0', '', '2025-09-16 18:18:19', '', '2025-09-17 16:20:40', NULL);
INSERT INTO `we_back` VALUES (3, 'tan90', 'https://ai-image.weshop.com/20250909_1_2fa75298-c220-4c56-bb77-eee71e22586f_720x896.png_width256.webp', '10000344097', '画面中，一位女子在海边的沙滩上侧身行走。背景是广阔的海面，海浪轻轻拍打着沙滩，远处的天空澄澈，沙滩上布满自然的脚印，右侧远处还有树木点缀，整体场景静谧悠然，充满海滨的悠闲惬意氛围。', '2', '0', '', '2025-09-16 18:18:19', '', '2025-09-17 16:20:26', NULL);
INSERT INTO `we_back` VALUES (4, 'tan59', 'https://ai-image.weshop.com/20250909_1_d3f6c449-ee04-4d99-9647-9e22bb3f4421_1080x1080.png_width256.webp', '10000343910', '这是一幅充满夏日海滨风情的画面。画面中，一位女子站在沙滩上，她戴着白色墨镜，双手高举，一只手还提着一个草编包，姿态欢快。她身旁有一个木质路标，上面有蓝色和白色的指示牌，标注着 “LAS RANAS 59 Km”“PAPAYA PL 0.3 km” 等字样。远处是蔚蓝的大海，海浪轻轻拍打着沙滩，天空澄澈湛蓝，飘着几朵白云，整体氛围轻松惬意，尽显海滨度假的悠闲与美好。', '2', '0', '', '2025-09-16 18:18:19', '', '2025-09-17 16:20:00', NULL);
INSERT INTO `we_back` VALUES (5, 'tan54', 'https://ai-image.weshop.com/20250909_1_c8f3df8d-2be8-4993-9ec1-3e0e5f3b396d_736x1304.png_width256.webp', '10000343903', '一位女子戴着墨镜，坐在带有日文标识的船上。她双臂交叉，身旁放着一个浅色的包。背景是开阔的海面，海水呈现出澄澈的蓝色，远处是连绵的青山，天空湛蓝，飘着几朵白云，整体画面给人一种清新、惬意的感觉，仿佛正处于一段舒适的海上旅程中。', '2', '0', '', '2025-09-16 18:18:19', '', '2025-09-17 16:19:47', NULL);
INSERT INTO `we_back` VALUES (6, 'tan28', 'https://ai-image.weshop.com/20250909_1_23b24b1f-5e64-4b27-aacf-40704de7cfa2_736x976.png_width256.webp', '10000343270', '画面中，一位女子站在海边的岩石上，一只手抬起放在额头上。背景是广阔的蓝色大海和晴朗的天空，天空中飘着几朵白云，整体场景营造出一种清新、浪漫的氛围。', '2', '0', '', '2025-09-16 18:18:20', '', '2025-09-17 16:18:55', NULL);
INSERT INTO `we_back` VALUES (7, 'tan27', 'https://ai-image.weshop.com/20250909_1_f0567e85-aec5-40d2-ab54-d083e69aa6e2_1080x1512.png_width256.webp', '10000343269', '画面中，一位女子站在街边的红绿灯旁，双腿交叉站立，一只手自然下垂，另一只手放在身后。背景是灰色的墙壁，墙上爬满了开着粉色花朵的藤蔓植物，旁边有一个黑色的交通信号灯，地面是灰色的石板路，整体场景营造出一种都市与自然结合的氛围。', '2', '0', '', '2025-09-16 18:18:20', '', '2025-09-17 16:18:04', NULL);
INSERT INTO `we_back` VALUES (8, 'tan49', 'https://ai-image.weshop.com/20250909_1_55d7b7cc-e105-4740-8a85-dbdbcc86d811_736x976.png_width256.webp', '10000343898', '图中展现了一处海滨场景。人物坐在沙滩的蓝色毯子上，手里拿着墨镜，身旁有草编包、海星等物品。背景里，是广阔的海面，海浪轻轻拍打着沙滩，天空湛蓝，整体氛围清新自然，充满了海滨的闲适与美好。', '2', '0', '', '2025-09-16 18:18:20', '', '2025-09-17 16:19:19', NULL);
INSERT INTO `we_back` VALUES (9, 'bsd49', 'https://ai-image.weshop.com/20250911_1_3a1da09c-7f5d-4b02-89df-5ea02190ffcc_744x1256.png_width256.webp', '10000346067', '模特站立在一片开阔的荒原之上，姿态挺拔而沉静。她的身体微微前倾，双脚并拢，重心稳定地落在地面，展现出一种坚定而内敛的力量感。双臂自然下垂，手插在大衣口袋中，呈现出放松却不失端庄的姿态。头部略微抬起，目光直视前方，神情专注而略带冷峻，仿佛在凝视远方的地平线。整体姿态传达出一种与自然环境融为一体、独立而从容的气质，既具现代感又不失诗意。背景中的广袤天地与她静默的身影形成鲜明对比，进一步突显了其存在感和内在的宁静力量。', '1', '0', '', '2025-09-16 18:18:20', '', '2025-09-17 13:20:21', NULL);
INSERT INTO `we_back` VALUES (10, 'bsd50', 'https://ai-image.weshop.com/20250911_1_a107ad80-70ae-45f8-a25a-d64d3969b8f2_744x1080.png_width256.webp', '10000346066', '模特以侧身姿态站立，身体微微向右倾斜，呈现出一种自然放松的站姿。她的头部略微转向画面左侧，视线投向远方，展现出一种沉静而专注的神情。双臂自然下垂，左手插在羽绒服的口袋中，右手则自然地贴于身体一侧，整体姿态显得从容且富有张力。身体线条流畅，重心稳定，与荒凉的背景形成鲜明对比，突显出一种孤独而坚定的气质。整个姿态传达出一种在严酷环境中依然保持优雅与坚韧的感觉。', '1', '0', '', '2025-09-16 18:18:20', '', '2025-09-17 13:20:21', NULL);
INSERT INTO `we_back` VALUES (11, 'bsd48', 'https://ai-image.weshop.com/20250911_1_39ec5c4b-746a-49c4-9a4d-8db455c313d1_744x1040.png_width256.webp', '10000346063', '在这张图片中，两位模特站在一个色彩明亮的建筑前，背景由黄色、白色和浅蓝色的墙面构成，地面覆盖着一层薄雪，营造出冬日氛围。他们身旁是一只哈士奇犬，被黑色牵引绳牵着。男性模特位于画面左侧，身体略微侧向右侧，目光温柔地注视着身旁的女性模特。他的左手插在羽绒服口袋里，右手自然下垂，握着牵引绳的一端。整体姿态放松而自然，展现出一种随性且温暖的感觉。女性模特站在右侧，身体微微朝向镜头方向，头部微倾，面带微笑，眼神柔和地看向下方的狗或地面，流露出亲切与愉悦的情绪。她的左手也插在羽绒服口袋中，右手轻扶牵引绳，姿态优雅而从容。她的站姿略显舒展，双腿并拢，显得自信又不失亲和力。两人之间的互动自然和谐，彼此之间有微妙的眼神交流，传递出一种轻松愉快的氛围。哈士奇则走在他们前方，头微微抬起，面向镜头，为整个画面增添了生动感和生活气息。整体构图平衡，人物姿态协调，呈现出一种温馨、惬意的冬日出行场景。', '1', '0', '', '2025-09-16 18:18:20', '', '2025-09-17 13:20:21', NULL);
INSERT INTO `we_back` VALUES (12, 'bsd47', 'https://ai-image.weshop.com/20250911_1_4c4ae953-bbb2-4a99-92e4-da58285b96cb_784x1000.png_width256.webp', '10000346062', '模特站立在雪地环境中，身体略微侧向画面左侧，头部微微转向镜头方向，目光直视前方，展现出一种沉稳而专注的神情。她的姿态挺拔，肩部自然放松，双臂自然下垂，右手握着滑雪板的一端，滑雪板斜跨于身前，从左下延伸至右上，形成一条动态的视觉引导线。双腿微微分开，站姿稳健，重心均匀分布，体现出一种准备行动却又保持静止的平衡感。整体姿态传达出自信、从容与户外运动的活力气息，与雪山背景融为一体，突显出一种冷峻而优雅的氛围。', '1', '0', '', '2025-09-16 18:18:20', '', '2025-09-17 13:20:21', NULL);
INSERT INTO `we_back` VALUES (13, 'bsd46', 'https://ai-image.weshop.com/20250911_1_07328ac2-e8ee-4419-9a8c-e33634322c86_704x960.png_width256.webp', '10000346060', '在这张图片中，两位模特正走在一条铺满落叶的街道上，背景是一家名为“Tasting Room”的店铺。她们的姿态自然、轻松，展现出一种随性而愉悦的氛围。左侧的模特身体微微侧向画面右侧，右手轻轻搭在胸前的羽绒服拉链处，左手自然下垂，略带羞涩地低着头，目光向下，似乎在专注地行走，整体姿态显得安静而内敛。她的步伐轻盈，仿佛在享受当下的宁静时刻。右侧的模特则面向镜头，面带灿烂的笑容，神情开朗而富有感染力。她的身体略微前倾，右臂自然伸展，左臂微曲，呈现出一种动态的平衡感。她的头部微微向左倾斜，眼神明亮，流露出一种活泼与自信。整个姿态充满活力，仿佛在与观者互动，传递出一种愉悦的情绪。两人并肩而行，彼此之间保持一定的距离，但又通过肢体语言展现出默契的陪伴感。她们的步态协调，节奏一致，营造出一种和谐、温暖的氛围。阳光洒在她们身上，使整个画面显得明亮而温馨，进一步突显了她们轻松自在的状态。', '1', '0', '', '2025-09-16 18:18:20', '', '2025-09-17 13:20:21', NULL);
INSERT INTO `we_back` VALUES (14, 'bsd44', 'https://ai-image.weshop.com/20250911_1_52d79728-9a20-4301-9200-6c37422abbd0_848x1280.png_width256.webp', '10000346050', '模特站立在户外的台阶上，身体微微侧向镜头，呈现出一种自然又略带自信的姿态。她的左脚略微向前，重心稳稳地落在双脚之间，展现出平衡而放松的站姿。右手自然地搭在身前，手指轻触外套的拉链区域，动作优雅且富有细节感；左手手臂自然下垂，与整体造型协调统一。头部微微抬起，目光直视前方，神情沉静而专注，透露出一种从容不迫的气质。整个姿态既不过分张扬，也不显得拘谨，流露出都市女性特有的独立与时尚感。背景中的建筑线条和地面砖块的几何结构进一步衬托出她挺拔的身形与稳健的气场。', '1', '0', '', '2025-09-16 18:18:20', '', '2025-09-17 13:20:21', NULL);
INSERT INTO `we_back` VALUES (15, 'bsd42', 'https://ai-image.weshop.com/20250911_1_0f640235-a7be-49ba-a397-d846fa88cdb0_672x1200.png_width256.webp', '10000346048', '模特以侧身姿态行走，身体微微前倾，展现出一种自然、轻松的动态感。她的右腿向前迈步，膝盖微屈，左腿则在后方支撑身体，呈现出典型的行走过程中的一瞬间。双臂自然摆动，右手持一杯咖啡，手臂略微弯曲，手部位置略低于腰部，与腿部动作协调一致，增强了整体的流畅感。头部微微转向右侧，目光投向画面外的某个方向，流露出专注而沉静的神情。整体姿态显得从容不迫，充满都市生活的节奏感和现代气息。背景中的建筑线条简洁，进一步突出了人物的动作与轮廓。', '1', '0', '', '2025-09-16 18:18:20', '', '2025-09-17 13:20:21', NULL);
INSERT INTO `we_back` VALUES (16, 'bsd40', 'https://ai-image.weshop.com/20250911_1_4418010f-b529-4512-88fc-503fb949a451_848x1280.png_width256.webp', '10000346046', '模特以一种自信而优雅的姿态行走于开阔的石板广场上。她的身体略微侧向镜头，头部微微转向后方，目光坚定地望向画面一侧，展现出一种从容不迫的气场。双腿呈迈步姿态，右腿向前伸展，左腿自然跟随，膝盖微弯，步伐稳健有力，显示出流畅的动态感。整体姿态呈现出一种轻盈与力量并存的平衡感，仿佛在行走中依然保持着高度的控制与节奏感。她的肩膀自然放松，手臂随步伐轻微摆动，体现出一种自然且不失时尚的动感。整个身体线条流畅，姿态舒展，传递出一种都市女性的独立与魅力。', '1', '0', '', '2025-09-16 18:18:20', '', '2025-09-17 13:20:21', NULL);
INSERT INTO `we_back` VALUES (17, 'bsd39', 'https://ai-image.weshop.com/20250911_1_2eadc294-7d79-4b40-ad16-abbaea4e4737_736x976.png_width256.webp', '10000346045', '模特以侧身站立的姿态呈现，身体微微向右转，头部略微抬起并转向画面右侧，目光投向远方，展现出一种优雅而沉静的气质。她的左臂自然地插在大衣口袋中，右手则轻轻垂于身侧，整体姿态显得放松而自信。双腿微微分开，站姿稳健，呈现出一种从容不迫的都市女性形象。背景中的建筑和街道线条与她的身形形成对比，突显出她挺拔而富有层次感的轮廓。整个姿态传达出一种安静、内敛且略带思索的情绪，仿佛正在享受片刻的宁静时光。', '1', '0', '', '2025-09-16 18:18:20', '', '2025-09-17 13:20:21', NULL);
INSERT INTO `we_back` VALUES (18, 'bsd38', 'https://ai-image.weshop.com/20250911_1_919e5825-7b95-4b2c-93c0-48b19f8f134b_912x1280.png_width256.webp', '10000346043', '模特站在户外，身体微微侧向画面左侧，头部转向右侧，目光朝向右上方，面带微笑，神情自然愉悦。她的右手自然弯曲，握着一杯咖啡，手部动作轻松而优雅。左手则自然垂在身侧，姿态从容。整体姿势呈现出一种行走中的瞬间定格，仿佛正享受着冬日街头的悠闲时光。背景中飘落的雪花与温暖的灯光形成对比，衬托出她轻盈而自信的姿态。', '1', '0', '', '2025-09-16 18:18:20', '', '2025-09-17 13:20:21', NULL);
INSERT INTO `we_back` VALUES (19, 'bsd36', 'https://ai-image.weshop.com/20250911_1_8ca1bf47-8c4b-4019-a4e4-ad3f25c43236_728x944.png_width256.webp', '10000346041', '模特站立在桥边的栏杆旁，身体微微侧向镜头，呈现出一种自然又略带沉思的姿态。她的左臂自然地搭在金属栏杆上，手掌轻放在栏杆边缘，支撑着身体的重量，而右臂则向后伸展，略微抬起，展现出一种放松但不失力量感的平衡。她的头部微微低垂，目光向下凝视，神情专注而内敛，仿佛在思考或沉浸在周围的环境中。整体姿态显得既随性又充满张力，透露出一种都市中的冷静与从容。背景中的桥梁结构和水面倒影为她的姿态增添了层次感和空间感，使整个画面更具视觉冲击力。', '1', '0', '', '2025-09-16 18:18:20', '', '2025-09-17 13:20:21', NULL);
INSERT INTO `we_back` VALUES (20, 'bsd34', 'https://ai-image.weshop.com/20250911_1_04edf1af-f363-45fd-a707-286eede93b74_736x1056.png_width256.webp', '10000346039', '模特站在冰面上，身体微微侧向镜头，头部略微转向右侧，面带微笑，眼神自然地望向画面右侧。她的姿态轻松自然，双臂自然下垂，右手轻轻握着一个红色的小物件，左手自然垂放于身侧。整体姿态呈现出一种愉悦、放松的氛围，仿佛正在享受冰场上的冬日时光。她站立的姿态稳定而优雅，与背景中热闹的溜冰场景和节日装饰相得益彰，展现出一种和谐而生动的画面感。', '1', '0', '', '2025-09-16 18:18:20', '', '2025-09-17 13:20:21', NULL);
INSERT INTO `we_back` VALUES (21, 'bsd33', 'https://ai-image.weshop.com/20250911_1_e91744e7-25a0-4883-8363-674ce3a83394_736x976.png_width256.webp', '10000346038', '在这张图片中，模特站在冰面上，身体微微前倾，展现出一种轻盈而优雅的滑冰姿态。她的双臂自然地向两侧伸展，右手略高，左手稍低，仿佛在保持平衡的同时享受着滑行的乐趣。她的头部微微侧向一边，面带微笑，眼神明亮，透露出愉悦和自信的情绪。整体姿态显得轻松自如，充满动感与活力，仿佛正沉浸在冬日冰场的欢乐氛围中。背景中的圣诞树和装饰灯光为这一动态瞬间增添了节日的温馨气息。', '1', '0', '', '2025-09-16 18:18:20', '', '2025-09-17 13:20:21', NULL);
INSERT INTO `we_back` VALUES (22, 'bsd28', 'https://ai-image.weshop.com/20250911_1_5a5b83fe-7fbd-462f-b896-6111791dcd8b_736x920.png_width256.webp', '10000346032', '模特以一种沉稳而富有力量的姿态坐在一块巨大的岩石上。她的身体微微前倾，右腿自然弯曲，脚掌着地，膝盖朝向画面左侧；左腿则伸直，脚尖轻触地面，形成一种不对称但平衡的坐姿。她的双手自然交叠放在右膝上，手指放松，展现出一种从容不迫的气质。头部略微抬起，目光坚定地望向前方，神情专注而自信。整个姿态传达出一种与自然环境和谐共处的静谧感，同时又不失现代都市女性的独立与坚韧。背景中的蓝天与岩石的质感进一步衬托出她姿态的稳定与坚定。', '1', '0', '', '2025-09-16 18:18:20', '', '2025-09-17 13:20:21', NULL);
INSERT INTO `we_back` VALUES (23, 'bsd27', 'https://ai-image.weshop.com/20250911_1_f5b95b6f-c769-427b-9fc2-fb0b4e0cc128_960x1280.jpg_width256.webp', '10000346031', '在这张图片中，模特坐在一个被雪覆盖的木制长凳上，背景是一座木质小屋和被雪点缀的树林。她双腿交叉，一只脚自然地搭在另一只腿上，呈现出一种轻松而随意的姿态。她的双臂向两侧伸展，手掌微微张开，仿佛在拥抱周围的雪景，展现出一种自由、愉悦的情绪。身体略微前倾，头部微微侧向一侧，面带微笑，整体姿态显得轻盈、自信且富有表现力。这种姿势不仅突出了她在雪中的存在感，也传递出一种与自然融为一体的宁静与惬意。', '1', '0', '', '2025-09-16 18:18:20', '', '2025-09-17 13:20:21', NULL);
INSERT INTO `we_back` VALUES (24, 'bsd26', 'https://ai-image.weshop.com/20250911_1_f9a3bf2e-41c7-4ea1-b8ef-cdb8bb11dd03_744x936.png_width256.webp', '10000346030', '模特站立在雪地中，身体微微前倾，双臂自然下垂，双手自然放松。她的双腿略微分开，站姿稳重而自然，脚跟微微抬起，仿佛正踏在松软的积雪上。整体姿态显得从容且自信，与周围的雪景融为一体，展现出一种静谧而优雅的氛围。她面向镜头，目光直视前方，呈现出一种沉静而专注的神情。', '1', '0', '', '2025-09-16 18:18:20', '', '2025-09-17 13:20:21', NULL);
INSERT INTO `we_back` VALUES (25, 'bsd25', 'https://ai-image.weshop.com/20250911_1_ad50ea7e-06ca-49fa-9e6a-1130cd96d3fb_648x904.png_width256.webp', '10000346029', '在这张图片中，模特站在一片被白雪覆盖的森林里，背景是高耸的松树，树枝上积着厚厚的雪，营造出宁静而清冷的冬日氛围。她的身体微微侧向画面右侧，头部轻轻仰起，面带微笑，双眼微闭，仿佛在感受雪花飘落的轻柔与寒冷空气的清新。她的双手交叠在胸前，姿态自然放松，似乎正捧着或轻轻护住什么温暖的东西，流露出一种温柔、惬意的情绪。整体姿态呈现出一种沉浸在自然之中的宁静与愉悦感，仿佛在与冬日的静谧对话。', '1', '0', '', '2025-09-16 18:18:20', '', '2025-09-17 13:20:21', NULL);
INSERT INTO `we_back` VALUES (26, 'bsd24', 'https://ai-image.weshop.com/20250911_1_9e3df97c-88d7-4211-8935-16077442d97a_560x704.png_width256.webp', '10000346028', '模特站在雪地中，身体微微前倾，双臂自然张开，右手举起呈握拳状，仿佛在轻盈地挥动或准备接住飘落的雪花。她的头部略微低垂，目光向下，嘴角微扬，流露出一种轻松愉悦的情绪。整体姿态显得活泼而自然，仿佛正在享受冬日雪景带来的乐趣。背景是被白雪覆盖的松树林和灰白色的天空，营造出宁静而清冷的氛围，与她动态的姿态形成对比，突显出一种生动的瞬间感。', '1', '0', '', '2025-09-16 18:18:20', '', '2025-09-17 13:20:21', NULL);
INSERT INTO `we_back` VALUES (27, 'bsd23', 'https://ai-image.weshop.com/20250911_1_642eac92-3a3a-4f43-a730-66ebc3640229_728x976.png_width256.webp', '10000346027', '模特站在雪中，身体微微向右侧倾斜，头部轻轻扬起，目光向上仰望，似乎在凝视飘落的雪花。她的右手自然抬起，手掌张开，仿佛在轻柔地接住或感受雪花的触感，姿态优雅而富有诗意。左手则自然下垂，动作放松而自然。整体姿态展现出一种宁静、愉悦与对自然之美的沉浸感，仿佛在享受冬日雪景带来的片刻宁静与美好。背景中的木屋和飘落的雪花进一步烘托出她从容、悠然的姿态氛围。', '1', '0', '', '2025-09-16 18:18:20', '', '2025-09-17 13:20:21', NULL);
INSERT INTO `we_back` VALUES (28, 'bsd22', 'https://ai-image.weshop.com/20250911_1_c67fae69-aa79-47cb-bc8e-950865ab1a28_720x960.png_width256.webp', '10000346026', '在这张图片中，模特站在雪地中央，双臂自然向两侧张开，手掌向上托举，仿佛在迎接或抛洒雪花。她的身体微微前倾，姿态轻盈而充满活力，展现出一种与自然互动的愉悦感。她正抬头仰望天空，脸上带着微笑，神情轻松愉快，似乎沉浸在冬日美景之中。空中飘散的雪花像是从她的手中扬起，形成一道优美的弧线，增强了画面的动感和梦幻氛围。整体姿态传达出一种自由、欢快和与大自然亲密接触的情感。', '1', '0', '', '2025-09-16 18:18:20', '', '2025-09-17 13:20:21', NULL);
INSERT INTO `we_back` VALUES (29, 'bsd21', 'https://ai-image.weshop.com/20250911_1_5e6e1718-6d12-4ae9-b4a4-39910c582956_736x1104.png_width256.webp', '10000346025', '在这张图片中，模特站在一片被白雪覆盖的森林小径上，背景是高耸的雪松树，阳光透过树叶洒下斑驳的光影。她的姿态自然放松，身体微微侧向镜头，头部略微倾斜，目光温柔地望向镜头方向，流露出一种宁静而自信的神情。她的双臂交叉抱在胸前，右手轻轻搭在左臂上，呈现出一种温暖而自若的姿态，仿佛在抵御寒冷的同时也展现出内心的从容。整个姿势显得既优雅又舒适，与周围的冬日雪景和谐相融，营造出一种静谧而富有诗意的氛围。', '1', '0', '', '2025-09-16 18:18:20', '', '2025-09-17 13:20:21', NULL);
INSERT INTO `we_back` VALUES (30, 'bsd20', 'https://ai-image.weshop.com/20250911_1_e89f2e0a-0d58-42f7-9f69-c9d74bf7f2a2_736x920.png_width256.webp', '10000346024', '模特以一种自然、轻松的姿态行走在山间草地上。她的身体微微前倾，右腿向前迈步，左腿紧随其后，呈现出行走中的动态瞬间。双臂自然摆动，右手略微向后，左手则轻轻向前，仿佛在平衡步伐。她的头部微微侧向画面左侧，面带微笑，目光朝向远方，流露出愉悦与放松的情绪。整体姿态轻盈而富有活力，展现出一种与自然环境和谐共处的从容感。背景是层叠的山脉和秋意盎然的树林，阳光洒在她的身上，增强了画面的温暖氛围。', '1', '0', '', '2025-09-16 18:18:20', '', '2025-09-17 13:20:21', NULL);
INSERT INTO `we_back` VALUES (31, 'bsd19', 'https://ai-image.weshop.com/20250911_1_9ff12b24-3ade-496b-afd9-bf26fa06e222_960x1200.png_width256.webp', '10000346023', '模特站在海边的滩涂上，身体微微侧向画面右侧，头部略微转向远方，目光投向海面与山脉交汇的地平线方向。她的姿态自然放松，双臂自然垂于身侧，右手轻轻搭在身前，左手自然下垂，呈现出一种静谧而沉思的状态。双腿微微分开站立，重心略向前倾，显示出一种平稳而坚定的站姿。整体姿态流露出一种与自然环境和谐共处的宁静感，仿佛在凝视远方的风景，沉浸在片刻的思绪之中。背景中的海水与远山进一步衬托出她姿态的从容与优雅。', '1', '0', '', '2025-09-16 18:18:20', '', '2025-09-17 13:20:21', NULL);
INSERT INTO `we_back` VALUES (32, 'bsd18', 'https://ai-image.weshop.com/20250911_1_6b2a74f8-1686-4982-9cf5-9a17fe17c9e1_792x1064.png_width256.webp', '10000346022', '模特的姿态展现出一种自信而从容的气质。她侧身站立，身体微微向右倾斜，头部略微抬起，目光投向画面右侧远方，似乎在凝视着远处的风景，流露出一种沉静与专注的情绪。她的左手臂微屈，显得放松而有力量感；右手则插在羽绒服的口袋中，姿态随意却不失优雅。双腿微微分开，重心落在左腿上，右腿略向前伸展，形成一种动态平衡，增强了整体的立体感和视觉张力。整个姿态既自然又富有表现力，仿佛正走在山间小径上，享受着大自然的宁静与辽阔。', '1', '0', '', '2025-09-16 18:18:20', '', '2025-09-17 13:20:21', NULL);
INSERT INTO `we_back` VALUES (33, 'bsd17', 'https://ai-image.weshop.com/20250911_1_82fb3619-f06b-4101-a0fb-26891ae93a59_736x1104.png_width256.webp', '10000346021', '模特站立在户外自然环境中，身体微微前倾，展现出一种自信而沉稳的姿态。她的双臂自然下垂，左手轻放在身侧，手指微微弯曲，姿态放松但不失优雅。右臂则略微向后收拢，手插在羽绒服的口袋中，呈现出一种随性又从容的神情。她的肩膀保持自然放松的状态，没有刻意挺直或耸起，整体姿态显得既舒适又具有时尚感。头部微微抬起，目光直视前方，流露出一种坚定而略带冷峻的气质。整个身体线条流畅，站姿稳健，与背后的山景形成和谐的视觉平衡，突显出一种与自然融为一体的静谧力量。', '1', '0', '', '2025-09-16 18:18:20', '', '2025-09-17 13:20:21', NULL);
INSERT INTO `we_back` VALUES (34, 'bsd16', 'https://ai-image.weshop.com/20250911_1_98339ef4-e21c-49d1-b429-acac0d55cd11_1080x1440.png_width256.webp', '10000346019', '模特以一种优雅而自然的姿态站立在森林中的一处斜坡上，身体微微侧向画面右侧，头部略微抬起，目光投向远方，展现出一种沉静而专注的神情。她的左脚稳稳地踩在一块覆盖着苔藓的岩石上，右脚则轻轻踏在倾斜的树干边缘，呈现出一种动态平衡感。左手自然垂放在身侧，手指微曲，右手则轻搭在身旁的树干上，仿佛在支撑身体的同时也与自然环境产生互动。整体姿态既具力量感又不失柔美，表现出一种与自然和谐共存的从容与自信。', '1', '0', '', '2025-09-16 18:18:20', '', '2025-09-17 13:20:21', NULL);
INSERT INTO `we_back` VALUES (35, 'bsd15', 'https://ai-image.weshop.com/20250911_1_af0add17-912e-4b9b-b6ea-028ba6a32874_736x1104.png_width256.webp', '10000346018', '在这张图片中，模特站在一片广阔的雪地之上，背景是连绵起伏的雪山和晴朗的蓝天。她的姿态自然优雅，身体微微侧向镜头，双腿分开站立，呈现出一种自信而放松的状态。她的左腿略微向前，右腿稍后，形成一种平衡且富有动感的站姿。双臂自然垂于身体两侧，右手轻轻搭在身前，左手则微微抬起，仿佛在调整衣领或轻抚外套，展现出一种不经意的优雅。整体姿态既显得从容大方，又流露出与自然环境和谐共处的惬意感。她面带微笑，目光直视镜头，传递出愉悦和自信的情绪。整个画面充满了冬日的纯净与宁静，而她的姿态则为这幅静谧的雪景增添了一抹生动的人文气息。', '1', '0', '', '2025-09-16 18:18:20', '', '2025-09-17 13:20:21', NULL);
INSERT INTO `we_back` VALUES (36, 'bsd14', 'https://ai-image.weshop.com/20250911_1_5c487bab-3b9d-4b28-8fab-8eb261ddcebd_824x536.png_width256.webp', '10000346017', '在这张图片中，模特站立在雪地山坡上，身体微微侧向镜头，呈现出一种自然且略带优雅的姿态。她的头部略微低垂，目光向下，似乎在凝视地面或沉思，给人一种安静、内敛的感觉。双臂自然下垂，轻轻搭在身侧，左手则微微抬起，手部动作显得放松而随意。整体姿态流畅而协调，展现出一种与雪山环境相融合的从容与自信。背景是开阔的雪景和远处连绵的山脉，增强了画面的空间感和宁静氛围。', '1', '0', '', '2025-09-16 18:18:20', '', '2025-09-17 13:20:21', NULL);
INSERT INTO `we_back` VALUES (37, 'bsd13', 'https://ai-image.weshop.com/20250911_1_ea6b5c44-ea9f-4d1d-8fd6-eb8f97104589_1080x1344.png_width256.webp', '10000346016', '这张图片中，两位模特站在一个开阔的白色平台上，背景是蓝天白云，整体氛围明亮而纯净。他们姿态自然、充满张力，展现出一种现代与极简风格的融合。左侧的模特身体略微前倾，双腿分开呈稳健的站姿，重心略向右偏，左腿微屈，右腿直立支撑，呈现出一种动态平衡感。双手插在大衣口袋中，头部微微侧转，目光投向画面右侧，仿佛在观察或等待什么，整体姿态显得沉稳而专注。右侧的模特则更为挺拔，身体正对镜头，双肩放松但保持挺直，右臂自然下垂，左手轻轻拉住外套的一角，似乎在调整衣摆，动作流畅而富有节奏感。双腿略微分开，膝盖微曲，重心分布均匀，表现出一种从容不迫的自信。她的视线朝向画面前方，神情坚定，带有一种探索或前行的意味。两人之间形成了一种微妙的互动关系：左侧模特的姿态更具内敛与思考感，而右侧模特则更显主动与开放。他们的站位和姿态共同营造出一种空间上的延伸感，仿佛正在走向未知的远方。背景中的斜线结构与云层的流动线条进一步增强了画面的层次与动感，使整个场景既静谧又充满力量。', '1', '0', '', '2025-09-16 18:18:20', '', '2025-09-17 13:20:21', NULL);
INSERT INTO `we_back` VALUES (38, 'bsd12', 'https://ai-image.weshop.com/20250911_1_8c5b0ebd-2d76-4adc-ad78-690c53e825bd_1200x1800.png_width256.webp', '10000346014', '这张图片中，两位模特站在雪地上，背景是蓝天白云和几条缆车索道。他们姿态自然且富有动感，展现出一种轻松而自信的氛围。左侧的模特身体略微前倾，左腿向前跨出一步，右腿微微弯曲支撑重心，呈现出一种准备起步或行走的姿态。他的双手抬起，一只手放在耳侧，似乎在调整护目镜或整理头部装备，动作流畅且充满生活感。整体姿势显得轻盈而有节奏，仿佛正享受着滑雪场上的自由时光。右侧的模特则站立得更为直立，身体略向一侧倾斜，右腿在前，左腿稍后，形成一种动态平衡。他的双臂自然垂放于身体两侧，右手插在大衣口袋中，左手轻轻搭在身侧，姿态从容而放松。头部微微侧转，目光朝向画面外，流露出一种专注又不失优雅的神情。两人之间的距离适中，彼此之间没有直接互动，但通过相似的站姿和方向感，营造出一种默契与协调的视觉效果。他们的姿态不仅展现了冬季户外活动中的活力与时尚感，也传递出一种对自然环境的融入与享受。整个画面因他们的姿态而充满动感与生命力。', '1', '0', '', '2025-09-16 18:18:20', '', '2025-09-17 13:20:21', NULL);
INSERT INTO `we_back` VALUES (39, 'bsd11', 'https://ai-image.weshop.com/20250911_1_bb77704c-cd10-47a2-8e03-f685ea96fb34_688x864.png_width256.webp', '10000346013', '模特正走在雪地与岩石交错的山坡上，身体微微前倾，展现出一种动态平衡的姿态。她的重心落在右腿上，左腿向后抬起，膝盖微屈，呈现出行走或轻跃的瞬间动作。双臂自然摆动，右手略微前伸，左手向后张开，增强了整体的运动感和协调性。头部略低，视线朝向地面，似乎在专注地观察脚下路况。整个姿态流露出一种轻松而自信的户外探索状态，仿佛正在享受雪山环境中的自由与活力。背景是晴朗的蓝天和积雪覆盖的山岩，衬托出她行动中的流畅线条与节奏感。', '1', '0', '', '2025-09-16 18:18:20', '', '2025-09-17 13:20:21', NULL);
INSERT INTO `we_back` VALUES (40, 'bsd10', 'https://ai-image.weshop.com/20250911_1_a4ce2d52-3402-4afc-9aa5-9d81486799be_824x976.png_width256.webp', '10000346012', '模特站在雪地山坡上，双臂向两侧张开，呈现出一种自由、舒展的姿态。她的身体微微前倾，重心略向前移，仿佛正准备跃起或在享受风的吹拂。双腿分开，一只脚略微向前，另一只脚稍后，形成一种动态平衡感。整体姿态充满活力与自信，展现出在高山雪景中尽情释放自我的愉悦情绪。背景是晴朗的蓝天和岩石点缀的积雪坡面，衬托出她轻盈而富有动感的身影。', '1', '0', '', '2025-09-16 18:18:20', '', '2025-09-17 13:20:21', NULL);
INSERT INTO `we_back` VALUES (41, 'bsd9', 'https://ai-image.weshop.com/20250911_1_e56cdb23-8729-4f48-af6c-3c4f2356acaa_736x976.png_width256.webp', '10000346010', '模特站在一片开阔的雪地上，身体微微前倾，双臂自然抬起，双手放在头部两侧，正调整着护目镜。她的姿态显得轻松而自信，面带微笑，目光朝向镜头，展现出一种愉悦和享受当下的神情。双腿略微分开，站姿稳定，仿佛刚刚完成一次滑雪动作或正准备开始新的滑行。整体姿态充满活力与动感，与背后的雪山和蓝天形成鲜明对比，突显出她在户外运动中的自由与畅快。', '1', '0', '', '2025-09-16 18:18:20', '', '2025-09-17 13:20:21', NULL);
INSERT INTO `we_back` VALUES (42, 'bsd8', 'https://ai-image.weshop.com/20250911_1_5d9765f2-4a6b-4121-88c1-e041fd534ca2_960x1280.png_width256.webp', '10000346009', '模特站立在雪地中，身体微微前倾，呈现出一种自然且略带沉稳的姿态。她的双脚略微分开，与肩同宽，重心稳定地落在两腿之间，展现出良好的平衡感。膝盖微微弯曲，使整体姿态显得放松而不僵硬。她的双手交叠于胸前，轻轻拉住外套的领口，动作细腻而有层次，仿佛在抵御寒风，同时增添了一丝优雅与专注的神情。头部微微抬起，目光直视前方，透露出坚定与从容的气质。整个姿态既符合寒冷环境下的自然反应，又不失时尚表现力，展现出一种静谧中蕴含力量的美感。', '1', '0', '', '2025-09-16 18:18:20', '', '2025-09-17 13:20:21', NULL);
INSERT INTO `we_back` VALUES (43, 'bsd7', 'https://ai-image.weshop.com/20250911_1_bca6ab36-22e2-40f6-8b22-9e32e5b2334a_848x1280.png_width256.webp', '10000346008', '模特站在雪地上，身体微微侧向画面左侧，呈现出一种自然且充满动感的姿态。她的左腿略微向前伸展，膝盖微弯，右腿则稳稳地支撑着身体重心，形成一个稳定的三角形站姿。双臂自然展开，右手握着一根滑雪杖，手柄朝上，滑雪杖斜插在雪地中，显示出她在滑雪过程中的平衡与控制力。左手自然垂于身体一侧，略向外打开，增加了整体姿态的舒展感。头部微微抬起，目光望向远方，展现出专注与自信的神情。整个姿态流畅而有力，体现出滑雪运动中的优雅与力量结合，仿佛正准备开始滑行或刚刚完成一次动作。背景是开阔的雪山和晴朗的蓝天，进一步衬托出她动态而从容的姿势。', '1', '0', '', '2025-09-16 18:18:20', '', '2025-09-17 13:20:21', NULL);
INSERT INTO `we_back` VALUES (44, 'bsd6', 'https://ai-image.weshop.com/20250911_1_ca8c45bc-8a0c-4416-ae7d-eaae540ee761_736x1208.png_width256.webp', '10000346007', '模特以一种自信而从容的姿态行走在雪地上，身体微微前倾，展现出动态的行走姿态。她的左腿向前迈步，膝盖自然弯曲，右腿则紧随其后，脚跟刚刚离地，呈现出行走中的连贯节奏。双臂自然下垂，略微摆动，与步伐协调一致，体现出平衡与流畅的动作感。头部微微侧向一侧，目光坚定地望向前方，透露出专注与沉稳的气质。整体姿态优雅而有力，仿佛在雪原上自如地穿行，展现出一种与自然环境和谐共处的从容气度。', '1', '0', '', '2025-09-16 18:18:20', '', '2025-09-17 13:20:21', NULL);
INSERT INTO `we_back` VALUES (45, 'bsd5', 'https://ai-image.weshop.com/20250911_1_d9a92c70-20e2-40b5-9fc0-ff56e04cb504_736x1096.png_width256.webp', '10000346006', '模特站立在雪地上，身体略微侧向画面左侧，呈现出一种自然且自信的姿态。她的左腿微微向前伸展，膝盖微屈，右腿则保持直立支撑，形成稳定的三角形站姿。双臂自然下垂，左手轻握一个黑色滑雪头盔，悬于身侧，显得放松而从容。头部微微抬起，视线朝向镜头方向，展现出一种专注而沉稳的神情。整体姿态既展现了运动中的优雅，又透露出对环境的掌控感，仿佛正准备开始一场滑雪之旅。背景是广阔的雪山和晴朗的天空，进一步衬托出她坚定而从容的气质。', '1', '0', '', '2025-09-16 18:18:20', '', '2025-09-17 13:20:21', NULL);
INSERT INTO `we_back` VALUES (46, 'bsd4', 'https://ai-image.weshop.com/20250911_1_2bbb454e-e189-4983-a1f5-d974ce7a4679_960x1280.png_width256.webp', '10000346005', '模特站立在雪地之中，身体微微侧向画面左侧，呈现出一种轻松自然的姿态。她的左腿向前抬起，脚尖轻轻点地，右腿则稳稳支撑身体，展现出一种动态的平衡感。她的双手自然地插在羽绒服的口袋中，左手微微握着一个黑色的小物件，可能是滑雪杖的把手，增添了一丝户外活动的气息。头部略微向右倾斜，面带微笑，目光看向画面右侧，流露出愉悦和自信的情绪。整体姿态既充满活力又不失优雅，仿佛正在享受雪山中的美好时光。', '1', '0', '', '2025-09-16 18:18:20', '', '2025-09-17 13:20:21', NULL);
INSERT INTO `we_back` VALUES (47, 'bsd3', 'https://ai-image.weshop.com/20250911_1_2bc4ee3f-a212-46a0-bcc7-27be02017da2_800x1200.png_width256.webp', '10000345963', '模特正走在一片广阔的雪地上，身体微微前倾，呈现出一种动态的行走姿态。她的右腿在前，左腿在后，步伐稳健而有力，仿佛正在迈步前行。双臂自然摆动，右手略微抬起，左手则向后伸展，与腿部动作形成协调的节奏感。整体姿态展现出一种自信而从容的气质，仿佛在雪地中自由穿行，充满活力与动感。背景是连绵的雪山和蓝天白云，衬托出她行走时的轻盈与坚定。', '1', '0', '', '2025-09-16 18:18:20', '', '2025-09-17 13:20:21', NULL);
INSERT INTO `we_back` VALUES (48, 'bsd2', 'https://ai-image.weshop.com/20250911_1_aad04a58-9523-4bd9-a9e3-d282401e0d8e_1024x1280.png_width256.webp', '10000345961', '模特站立在广阔的雪地上，身体挺直，姿态稳重而从容。双臂自然下垂，微微握拳，呈现出一种放松但警觉的状态。双腿并拢，脚跟略微分开，站姿稳健，仿佛在适应雪地的松软与不平。头部微微前倾，目光朝向画面前方，给人一种专注而沉静的感觉。整体姿态传达出一种在严寒环境中保持平衡与自信的气质，与周围的雪山背景融为一体，展现出人与自然之间的和谐与力量感。', '1', '0', '', '2025-09-16 18:18:20', '', '2025-09-17 13:20:20', NULL);
INSERT INTO `we_back` VALUES (49, 'bsd1', 'https://ai-image.weshop.com/20250911_1_b52b9ed0-37f1-495e-b0bc-1b37f3e9d689_848x1280.png_width256.webp', '10000345954', '模特的姿态展现出一种动态而自信的行走姿态，身体微微前倾，重心略向前移，表现出在雪地中稳健前行的动感。她的右腿向前跨出，膝盖微屈，脚掌稳稳踩在积雪上，留下清晰的足迹；左腿则自然向后伸展，保持平衡。双臂自然摆动，右手略微前伸，左手向后摆动，增强了行走时的协调感与节奏感。整体姿态流畅自然，透露出一种从容不迫、适应寒冷环境的优雅与力量感。她的头部略微抬起，目光坚定地望向前方，体现出专注与探索的神情，仿佛正迈向未知的雪域深处。整个姿态不仅展现了运动中的美感，也传递出与自然和谐共处的从容气质。', '1', '0', '', '2025-09-16 18:18:20', '', '2025-09-17 13:20:20', NULL);

-- ----------------------------
-- Table structure for we_cloth
-- ----------------------------
DROP TABLE IF EXISTS `we_cloth`;
CREATE TABLE `we_cloth`  (
  `id` bigint NOT NULL AUTO_INCREMENT COMMENT '主键',
  `name` varchar(255) CHARACTER SET utf8mb4 COLLATE utf8mb4_general_ci NULL DEFAULT NULL COMMENT '服装名称',
  `cloth_url` varchar(500) CHARACTER SET utf8mb4 COLLATE utf8mb4_general_ci NULL DEFAULT NULL COMMENT '服装图片URL',
  `type` varchar(50) CHARACTER SET utf8mb4 COLLATE utf8mb4_general_ci NULL DEFAULT NULL COMMENT '服装类型',
  `del_flag` char(1) CHARACTER SET utf8mb4 COLLATE utf8mb4_general_ci NULL DEFAULT '0' COMMENT '删除标志（0代表存在 2代表删除）',
  `create_by` varchar(64) CHARACTER SET utf8mb4 COLLATE utf8mb4_general_ci NULL DEFAULT '' COMMENT '创建者',
  `create_time` datetime NULL DEFAULT NULL COMMENT '创建时间',
  `update_by` varchar(64) CHARACTER SET utf8mb4 COLLATE utf8mb4_general_ci NULL DEFAULT '' COMMENT '更新者',
  `update_time` datetime NULL DEFAULT NULL COMMENT '更新时间',
  `remark` varchar(500) CHARACTER SET utf8mb4 COLLATE utf8mb4_general_ci NULL DEFAULT NULL COMMENT '备注',
  PRIMARY KEY (`id`) USING BTREE
) ENGINE = InnoDB AUTO_INCREMENT = 8 CHARACTER SET = utf8mb4 COLLATE = utf8mb4_general_ci COMMENT = '服装表' ROW_FORMAT = DYNAMIC;

-- ----------------------------
-- Records of we_cloth
-- ----------------------------
INSERT INTO `we_cloth` VALUES (1, 'bsd3', 'http://t2oo80zmt.hb-bkt.clouddn.com/pic/cloth3.jpg', '1', '0', '', '2025-09-17 09:52:27', '', NULL, NULL);
INSERT INTO `we_cloth` VALUES (2, 'bsd4', 'http://t2oo80zmt.hb-bkt.clouddn.com/pic/cloth4.jpg', '1', '0', '', '2025-09-17 09:52:54', '', NULL, NULL);
INSERT INTO `we_cloth` VALUES (3, 'cloth1', 'http://t2oo80zmt.hb-bkt.clouddn.com/pic/cloth1.jpg', '1', '0', '', '2025-09-17 13:26:57', '', NULL, NULL);
INSERT INTO `we_cloth` VALUES (4, 'tan3d1', 'http://t2oo80zmt.hb-bkt.clouddn.com/pic/tan3d1.png', '2', '0', '', '2025-09-17 15:09:06', '', NULL, NULL);
INSERT INTO `we_cloth` VALUES (5, 'tan3d2', 'http://t2oo80zmt.hb-bkt.clouddn.com/pic/tan3d2.png', '2', '0', '', '2025-09-17 15:09:55', '', NULL, NULL);
INSERT INTO `we_cloth` VALUES (6, 'tan3d3', 'http://t2oo80zmt.hb-bkt.clouddn.com/pic/tan3d3.png', '2', '0', '', '2025-09-17 15:10:19', '', NULL, NULL);
INSERT INTO `we_cloth` VALUES (7, 'tan3d4', 'http://t2oo80zmt.hb-bkt.clouddn.com/pic/tan3d4.png', '2', '0', '', '2025-09-17 15:10:49', '', NULL, NULL);

-- ----------------------------
-- Table structure for we_look
-- ----------------------------
DROP TABLE IF EXISTS `we_look`;
CREATE TABLE `we_look`  (
  `id` bigint NOT NULL AUTO_INCREMENT COMMENT '主键',
  `name` varchar(255) CHARACTER SET utf8mb4 COLLATE utf8mb4_general_ci NULL DEFAULT NULL COMMENT '外观名称',
  `look_url` varchar(500) CHARACTER SET utf8mb4 COLLATE utf8mb4_general_ci NULL DEFAULT NULL COMMENT '外观图片URL',
  `task_id` varchar(100) CHARACTER SET utf8mb4 COLLATE utf8mb4_general_ci NULL DEFAULT NULL COMMENT '任务ID',
  `execute_id` varchar(100) CHARACTER SET utf8mb4 COLLATE utf8mb4_general_ci NULL DEFAULT NULL COMMENT '执行ID',
  `type` varchar(50) CHARACTER SET utf8mb4 COLLATE utf8mb4_general_ci NULL DEFAULT NULL COMMENT '外观类型',
  `model_id` bigint NULL DEFAULT NULL COMMENT '关联we_model表的主键',
  `model_we_id` varchar(100) CHARACTER SET utf8mb4 COLLATE utf8mb4_general_ci NULL DEFAULT NULL COMMENT '模特ID',
  `model_url` varchar(500) CHARACTER SET utf8mb4 COLLATE utf8mb4_general_ci NULL DEFAULT NULL COMMENT '模特文件URL',
  `back_id` bigint NULL DEFAULT NULL COMMENT '关联we_back表的主键',
  `back_we_id` varchar(100) CHARACTER SET utf8mb4 COLLATE utf8mb4_general_ci NULL DEFAULT NULL COMMENT '背景ID',
  `back_url` varchar(500) CHARACTER SET utf8mb4 COLLATE utf8mb4_general_ci NULL DEFAULT NULL COMMENT '背景图片URL',
  `cloth_id` bigint NULL DEFAULT NULL COMMENT '关联we_cloth表的主键',
  `cloth_url` varchar(500) CHARACTER SET utf8mb4 COLLATE utf8mb4_general_ci NULL DEFAULT NULL COMMENT '服装图片URL',
  `del_flag` char(1) CHARACTER SET utf8mb4 COLLATE utf8mb4_general_ci NULL DEFAULT '0' COMMENT '删除标志（0代表存在 2代表删除）',
  `create_by` varchar(64) CHARACTER SET utf8mb4 COLLATE utf8mb4_general_ci NULL DEFAULT '' COMMENT '创建者',
  `create_time` datetime NULL DEFAULT NULL COMMENT '创建时间',
  `update_by` varchar(64) CHARACTER SET utf8mb4 COLLATE utf8mb4_general_ci NULL DEFAULT '' COMMENT '更新者',
  `update_time` datetime NULL DEFAULT NULL COMMENT '更新时间',
  `remark` varchar(500) CHARACTER SET utf8mb4 COLLATE utf8mb4_general_ci NULL DEFAULT '' COMMENT '备注',
  PRIMARY KEY (`id`) USING BTREE
) ENGINE = InnoDB AUTO_INCREMENT = 279 CHARACTER SET = utf8mb4 COLLATE = utf8mb4_general_ci COMMENT = '外观表' ROW_FORMAT = DYNAMIC;

-- ----------------------------
-- Records of we_look
-- ----------------------------
INSERT INTO `we_look` VALUES (1, '1+bsd3+bsd1+bsd49', 'https://ai-image.weshop.com/20250917_1_ee4c5145-5ebe-40ac-b3af-0c409f697c55_488x754.png', '68ca512c7af440cb455c43c5', '68ca512ccdf25c6b459ad32b', '1', 2, '10000345931', 'https://ai-image.weshop.com/20250911_1_805bf342-a8f1-4960-b233-7d5103fdcb9c_640x800.png_crop512.jpeg', 9, '10000346067', 'https://ai-image.weshop.com/20250911_1_3a1da09c-7f5d-4b02-89df-5ea02190ffcc_744x1256.png_width256.webp', 1, 'http://t2oo80zmt.hb-bkt.clouddn.com/pic/cloth3.jpg', '0', '', '2025-09-17 10:02:30', '', '2025-09-17 14:13:28', '');
INSERT INTO `we_look` VALUES (2, '1+bsd3+bsd1+bsd50', 'https://ai-image.weshop.com/20250917_1_732bd62e-2269-4851-a268-1afddfeca83b_568x830.png', '68ca512ccdf25c6b459ad31d', '68ca512c7af440cb455c43bb', '1', 2, '10000345931', 'https://ai-image.weshop.com/20250911_1_805bf342-a8f1-4960-b233-7d5103fdcb9c_640x800.png_crop512.jpeg', 10, '10000346066', 'https://ai-image.weshop.com/20250911_1_a107ad80-70ae-45f8-a25a-d64d3969b8f2_744x1080.png_width256.webp', 1, 'http://t2oo80zmt.hb-bkt.clouddn.com/pic/cloth3.jpg', '0', '', '2025-09-17 10:02:30', '', '2025-09-17 14:13:38', '');
INSERT INTO `we_look` VALUES (3, '1+bsd3+bsd1+bsd48', 'https://ai-image.weshop.com/20250917_1_6f3266e6-ddc8-4582-b683-0e485a4a2c88_592x813.png', '68ca512c7af440cb455c43c7', '68ca512ccdf25c6b459ad33b', '1', 2, '10000345931', 'https://ai-image.weshop.com/20250911_1_805bf342-a8f1-4960-b233-7d5103fdcb9c_640x800.png_crop512.jpeg', 11, '10000346063', 'https://ai-image.weshop.com/20250911_1_39ec5c4b-746a-49c4-9a4d-8db455c313d1_744x1040.png_width256.webp', 1, 'http://t2oo80zmt.hb-bkt.clouddn.com/pic/cloth3.jpg', '0', '', '2025-09-17 10:02:30', '', '2025-09-17 14:14:19', '');
INSERT INTO `we_look` VALUES (4, '1+bsd3+bsd1+bsd47', 'https://ai-image.weshop.com/20250917_1_10c21c43-f31c-4196-badf-f02355ad0c30_544x695.png', '68ca512ccdf25c6b459ad329', '68ca512c7af440cb455c43cd', '1', 2, '10000345931', 'https://ai-image.weshop.com/20250911_1_805bf342-a8f1-4960-b233-7d5103fdcb9c_640x800.png_crop512.jpeg', 12, '10000346062', 'https://ai-image.weshop.com/20250911_1_4c4ae953-bbb2-4a99-92e4-da58285b96cb_784x1000.png_width256.webp', 1, 'http://t2oo80zmt.hb-bkt.clouddn.com/pic/cloth3.jpg', '0', '', '2025-09-17 10:02:30', '', '2025-09-17 14:14:45', '');
INSERT INTO `we_look` VALUES (5, '1+bsd3+bsd1+bsd46', 'https://ai-image.weshop.com/20250917_1_eb8e95c1-462f-47d1-9303-f77e364392e6_592x807.png', '68ca512c7af440cb455c43b7', '68ca512ccdf25c6b459ad32f', '1', 2, '10000345931', 'https://ai-image.weshop.com/20250911_1_805bf342-a8f1-4960-b233-7d5103fdcb9c_640x800.png_crop512.jpeg', 13, '10000346060', 'https://ai-image.weshop.com/20250911_1_07328ac2-e8ee-4419-9a8c-e33634322c86_704x960.png_width256.webp', 1, 'http://t2oo80zmt.hb-bkt.clouddn.com/pic/cloth3.jpg', '0', '', '2025-09-17 10:02:30', '', '2025-09-17 14:14:14', '');
INSERT INTO `we_look` VALUES (6, '1+bsd3+bsd1+bsd44', 'https://ai-image.weshop.com/20250917_1_90467f05-c5f4-4306-8156-2822fbd84a37_544x769.png', '68ca512c7af440cb455c43bf', '68ca512ccdf25c6b459ad333', '1', 2, '10000345931', 'https://ai-image.weshop.com/20250911_1_805bf342-a8f1-4960-b233-7d5103fdcb9c_640x800.png_crop512.jpeg', 14, '10000346050', 'https://ai-image.weshop.com/20250911_1_52d79728-9a20-4301-9200-6c37422abbd0_848x1280.png_width256.webp', 1, 'http://t2oo80zmt.hb-bkt.clouddn.com/pic/cloth3.jpg', '0', '', '2025-09-17 10:02:30', '', '2025-09-17 14:14:14', '');
INSERT INTO `we_look` VALUES (7, '1+bsd3+bsd1+bsd42', 'https://ai-image.weshop.com/20250917_1_d3fb1853-de8c-4f2f-8343-dfb6d3d69cc4_464x788.png', '68ca512ccdf25c6b459ad31f', '68ca512c7af440cb455c43c9', '1', 2, '10000345931', 'https://ai-image.weshop.com/20250911_1_805bf342-a8f1-4960-b233-7d5103fdcb9c_640x800.png_crop512.jpeg', 15, '10000346048', 'https://ai-image.weshop.com/20250911_1_0f640235-a7be-49ba-a397-d846fa88cdb0_672x1200.png_width256.webp', 1, 'http://t2oo80zmt.hb-bkt.clouddn.com/pic/cloth3.jpg', '0', '', '2025-09-17 10:02:30', '', '2025-09-17 14:14:14', '');
INSERT INTO `we_look` VALUES (8, '1+bsd3+bsd1+bsd40', 'https://ai-image.weshop.com/20250917_1_884cf52c-7489-4530-943e-5a29fec7c2ae_544x802.png', '68ca512ccdf25c6b459ad323', '68ca512ccdf25c6b459ad325', '1', 2, '10000345931', 'https://ai-image.weshop.com/20250911_1_805bf342-a8f1-4960-b233-7d5103fdcb9c_640x800.png_crop512.jpeg', 16, '10000346046', 'https://ai-image.weshop.com/20250911_1_4418010f-b529-4512-88fc-503fb949a451_848x1280.png_width256.webp', 1, 'http://t2oo80zmt.hb-bkt.clouddn.com/pic/cloth3.jpg', '0', '', '2025-09-17 10:02:30', '', '2025-09-17 14:14:08', '');
INSERT INTO `we_look` VALUES (9, '1+bsd3+bsd1+bsd39', 'https://ai-image.weshop.com/20250917_1_7a0d3a68-b840-4764-a661-a306d5e88ebd_624x830.png', '68ca512ccdf25c6b459ad321', '68ca512c7af440cb455c43c1', '1', 2, '10000345931', 'https://ai-image.weshop.com/20250911_1_805bf342-a8f1-4960-b233-7d5103fdcb9c_640x800.png_crop512.jpeg', 17, '10000346045', 'https://ai-image.weshop.com/20250911_1_2eadc294-7d79-4b40-ad16-abbaea4e4737_736x976.png_width256.webp', 1, 'http://t2oo80zmt.hb-bkt.clouddn.com/pic/cloth3.jpg', '0', '', '2025-09-17 10:02:30', '', '2025-09-17 14:14:03', '');
INSERT INTO `we_look` VALUES (10, '1+bsd3+bsd1+bsd38', 'https://ai-image.weshop.com/20250917_1_9b0804c3-c84f-400f-8b55-ce6f4a3d6409_440x623.png', '68ca512c7af440cb455c43b9', '68ca512ccdf25c6b459ad337', '1', 2, '10000345931', 'https://ai-image.weshop.com/20250911_1_805bf342-a8f1-4960-b233-7d5103fdcb9c_640x800.png_crop512.jpeg', 18, '10000346043', 'https://ai-image.weshop.com/20250911_1_919e5825-7b95-4b2c-93c0-48b19f8f134b_912x1280.png_width256.webp', 1, 'http://t2oo80zmt.hb-bkt.clouddn.com/pic/cloth3.jpg', '0', '', '2025-09-17 10:02:30', '', '2025-09-17 14:13:59', '');
INSERT INTO `we_look` VALUES (11, '1+bsd3+bsd1+bsd36', 'https://ai-image.weshop.com/20250918_1_01c73bc6-2c78-4ac8-a924-f16f7916f8f9_472x623.png', '68cb6a9b7af440cb455c61ff', '68cb6a9b7af440cb455c6201', '1', 2, '10000345931', 'https://ai-image.weshop.com/20250911_1_805bf342-a8f1-4960-b233-7d5103fdcb9c_640x800.png_crop512.jpeg', 19, '10000346041', 'https://ai-image.weshop.com/20250911_1_8ca1bf47-8c4b-4019-a4e4-ad3f25c43236_728x944.png_width256.webp', 1, 'http://t2oo80zmt.hb-bkt.clouddn.com/pic/cloth3.jpg', '0', '', '2025-09-17 10:02:30', '', '2025-09-18 10:15:12', '');
INSERT INTO `we_look` VALUES (12, '1+bsd3+bsd1+bsd34', 'https://ai-image.weshop.com/20250918_1_d7e78c22-fc80-48c2-afc1-81fa75046fdb_560x807.png', '68cb6a9b7af440cb455c61fb', '68cb6a9bcdf25c6b459af164', '1', 2, '10000345931', 'https://ai-image.weshop.com/20250911_1_805bf342-a8f1-4960-b233-7d5103fdcb9c_640x800.png_crop512.jpeg', 20, '10000346039', 'https://ai-image.weshop.com/20250911_1_04edf1af-f363-45fd-a707-286eede93b74_736x1056.png_width256.webp', 1, 'http://t2oo80zmt.hb-bkt.clouddn.com/pic/cloth3.jpg', '0', '', '2025-09-17 10:02:30', '', '2025-09-18 10:15:12', '');
INSERT INTO `we_look` VALUES (13, '1+bsd3+bsd1+bsd33', 'https://ai-image.weshop.com/20250918_1_2fbc3658-44da-41a2-b984-3c76428369bc_624x815.png', '68cb6a9bcdf25c6b459af14c', '68cb6a9b7af440cb455c6207', '1', 2, '10000345931', 'https://ai-image.weshop.com/20250911_1_805bf342-a8f1-4960-b233-7d5103fdcb9c_640x800.png_crop512.jpeg', 21, '10000346038', 'https://ai-image.weshop.com/20250911_1_e91744e7-25a0-4883-8363-674ce3a83394_736x976.png_width256.webp', 1, 'http://t2oo80zmt.hb-bkt.clouddn.com/pic/cloth3.jpg', '0', '', '2025-09-17 10:02:30', '', '2025-09-18 10:14:57', '');
INSERT INTO `we_look` VALUES (14, '1+bsd3+bsd1+bsd28', 'https://ai-image.weshop.com/20250918_1_7b0faa30-62b7-4975-8bec-4705f31dd08f_664x829.png', '68cb6a9bcdf25c6b459af156', '68cb6a9bcdf25c6b459af158', '1', 2, '10000345931', 'https://ai-image.weshop.com/20250911_1_805bf342-a8f1-4960-b233-7d5103fdcb9c_640x800.png_crop512.jpeg', 22, '10000346032', 'https://ai-image.weshop.com/20250911_1_5a5b83fe-7fbd-462f-b896-6111791dcd8b_736x920.png_width256.webp', 1, 'http://t2oo80zmt.hb-bkt.clouddn.com/pic/cloth3.jpg', '0', '', '2025-09-17 10:02:30', '', '2025-09-18 10:15:57', '');
INSERT INTO `we_look` VALUES (15, '1+bsd3+bsd1+bsd27', 'https://ai-image.weshop.com/20250918_1_d45f6776-a75b-4d00-bbb1-bb3923f698b3_624x818.png', '68cb6a9bcdf25c6b459af150', '68cb6a9b7af440cb455c620f', '1', 2, '10000345931', 'https://ai-image.weshop.com/20250911_1_805bf342-a8f1-4960-b233-7d5103fdcb9c_640x800.png_crop512.jpeg', 23, '10000346031', 'https://ai-image.weshop.com/20250911_1_f5b95b6f-c769-427b-9fc2-fb0b4e0cc128_960x1280.jpg_width256.webp', 1, 'http://t2oo80zmt.hb-bkt.clouddn.com/pic/cloth3.jpg', '0', '', '2025-09-17 10:02:30', '', '2025-09-18 10:14:52', '');
INSERT INTO `we_look` VALUES (16, '1+bsd3+bsd1+bsd26', 'https://ai-image.weshop.com/20250918_1_5b98b008-513a-41d7-8bf7-d6227d3632d3_656x820.png', '68cb6a9bcdf25c6b459af14e', '68cb6a9ccdf25c6b459af16c', '1', 2, '10000345931', 'https://ai-image.weshop.com/20250911_1_805bf342-a8f1-4960-b233-7d5103fdcb9c_640x800.png_crop512.jpeg', 24, '10000346030', 'https://ai-image.weshop.com/20250911_1_f9a3bf2e-41c7-4ea1-b8ef-cdb8bb11dd03_744x936.png_width256.webp', 1, 'http://t2oo80zmt.hb-bkt.clouddn.com/pic/cloth3.jpg', '0', '', '2025-09-17 10:02:30', '', '2025-09-18 10:15:48', '');
INSERT INTO `we_look` VALUES (17, '1+bsd3+bsd1+bsd25', 'https://ai-image.weshop.com/20250918_1_1ba929ce-8340-430a-be56-ec5b101a10fa_488x687.png', '68cb6a9b7af440cb455c6205', '68cb6a9c7af440cb455c6213', '1', 2, '10000345931', 'https://ai-image.weshop.com/20250911_1_805bf342-a8f1-4960-b233-7d5103fdcb9c_640x800.png_crop512.jpeg', 25, '10000346029', 'https://ai-image.weshop.com/20250911_1_ad50ea7e-06ca-49fa-9e6a-1130cd96d3fb_648x904.png_width256.webp', 1, 'http://t2oo80zmt.hb-bkt.clouddn.com/pic/cloth3.jpg', '0', '', '2025-09-17 10:02:30', '', '2025-09-18 10:14:47', '');
INSERT INTO `we_look` VALUES (18, '1+bsd3+bsd1+bsd24', 'https://ai-image.weshop.com/20250918_1_320cc328-0b49-4a33-9d61-16d5cd00d400_656x829.png', '68cb6a9bcdf25c6b459af162', '68cb6a9bcdf25c6b459af168', '1', 2, '10000345931', 'https://ai-image.weshop.com/20250911_1_805bf342-a8f1-4960-b233-7d5103fdcb9c_640x800.png_crop512.jpeg', 26, '10000346028', 'https://ai-image.weshop.com/20250911_1_9e3df97c-88d7-4211-8935-16077442d97a_560x704.png_width256.webp', 1, 'http://t2oo80zmt.hb-bkt.clouddn.com/pic/cloth3.jpg', '0', '', '2025-09-17 10:02:30', '', '2025-09-18 10:14:52', '');
INSERT INTO `we_look` VALUES (19, '1+bsd3+bsd1+bsd23', 'https://ai-image.weshop.com/20250918_1_3dae964d-3c0e-4ef3-adfc-8efa9bf893a6_432x583.png', '68cb6a9b7af440cb455c61f9', '68cb6a9b7af440cb455c620b', '1', 2, '10000345931', 'https://ai-image.weshop.com/20250911_1_805bf342-a8f1-4960-b233-7d5103fdcb9c_640x800.png_crop512.jpeg', 27, '10000346027', 'https://ai-image.weshop.com/20250911_1_642eac92-3a3a-4f43-a730-66ebc3640229_728x976.png_width256.webp', 1, 'http://t2oo80zmt.hb-bkt.clouddn.com/pic/cloth3.jpg', '0', '', '2025-09-17 10:02:30', '', '2025-09-18 10:14:57', '');
INSERT INTO `we_look` VALUES (20, '1+bsd3+bsd1+bsd22', 'https://ai-image.weshop.com/20250918_1_b8596c68-40b8-4ebe-ba32-9ca0a6ee1cb7_456x615.png', '68cb6a9b7af440cb455c61fd', '68cb6a9bcdf25c6b459af152', '1', 2, '10000345931', 'https://ai-image.weshop.com/20250911_1_805bf342-a8f1-4960-b233-7d5103fdcb9c_640x800.png_crop512.jpeg', 28, '10000346026', 'https://ai-image.weshop.com/20250911_1_c67fae69-aa79-47cb-bc8e-950865ab1a28_720x960.png_width256.webp', 1, 'http://t2oo80zmt.hb-bkt.clouddn.com/pic/cloth3.jpg', '0', '', '2025-09-17 10:02:30', '', '2025-09-18 10:14:26', '');
INSERT INTO `we_look` VALUES (21, '1+bsd3+bsd1+bsd21', 'https://ai-image.weshop.com/20250918_1_3f91b860-77fc-4512-ac58-2d6bdb0aa6db_376x567.png', '68cb6ac77af440cb455c622c', '68cb6ac77af440cb455c622e', '1', 2, '10000345931', 'https://ai-image.weshop.com/20250911_1_805bf342-a8f1-4960-b233-7d5103fdcb9c_640x800.png_crop512.jpeg', 29, '10000346025', 'https://ai-image.weshop.com/20250911_1_5e6e1718-6d12-4ae9-b4a4-39910c582956_736x1104.png_width256.webp', 1, 'http://t2oo80zmt.hb-bkt.clouddn.com/pic/cloth3.jpg', '0', '', '2025-09-17 10:02:30', '', '2025-09-18 10:16:47', '');
INSERT INTO `we_look` VALUES (22, '1+bsd3+bsd1+bsd20', 'https://ai-image.weshop.com/20250918_1_f0c87ae3-7fcd-4b2b-bccb-ef0de5f990b7_504x631.png', '68cb6ac7cdf25c6b459af17f', '68cb6ac7cdf25c6b459af187', '1', 2, '10000345931', 'https://ai-image.weshop.com/20250911_1_805bf342-a8f1-4960-b233-7d5103fdcb9c_640x800.png_crop512.jpeg', 30, '10000346024', 'https://ai-image.weshop.com/20250911_1_e89f2e0a-0d58-42f7-9f69-c9d74bf7f2a2_736x920.png_width256.webp', 1, 'http://t2oo80zmt.hb-bkt.clouddn.com/pic/cloth3.jpg', '0', '', '2025-09-17 10:02:30', '', '2025-09-18 10:16:06', '');
INSERT INTO `we_look` VALUES (23, '1+bsd3+bsd1+bsd19', 'https://ai-image.weshop.com/20250918_1_57568c51-322e-4ae4-855d-f1215f118416_664x809.png', '68cb6ac77af440cb455c621b', '68cb6ac77af440cb455c621f', '1', 2, '10000345931', 'https://ai-image.weshop.com/20250911_1_805bf342-a8f1-4960-b233-7d5103fdcb9c_640x800.png_crop512.jpeg', 31, '10000346023', 'https://ai-image.weshop.com/20250911_1_9ff12b24-3ade-496b-afd9-bf26fa06e222_960x1200.png_width256.webp', 1, 'http://t2oo80zmt.hb-bkt.clouddn.com/pic/cloth3.jpg', '0', '', '2025-09-17 10:02:30', '', '2025-09-18 10:16:57', '');
INSERT INTO `we_look` VALUES (24, '1+bsd3+bsd1+bsd18', 'https://ai-image.weshop.com/20250918_1_b6442fd6-ba92-41ce-9ec9-4b92baef47da_616x831.png', '68cb6ac7cdf25c6b459af179', '68cb6ac7cdf25c6b459af18b', '1', 2, '10000345931', 'https://ai-image.weshop.com/20250911_1_805bf342-a8f1-4960-b233-7d5103fdcb9c_640x800.png_crop512.jpeg', 32, '10000346022', 'https://ai-image.weshop.com/20250911_1_6b2a74f8-1686-4982-9cf5-9a17fe17c9e1_792x1064.png_width256.webp', 1, 'http://t2oo80zmt.hb-bkt.clouddn.com/pic/cloth3.jpg', '0', '', '2025-09-17 10:02:30', '', '2025-09-18 10:15:26', '');
INSERT INTO `we_look` VALUES (25, '1+bsd3+bsd1+bsd17', 'https://ai-image.weshop.com/20250918_1_c08f7e99-59e0-444d-9bdf-fe9027968095_448x687.png', '68cb6ac77af440cb455c621e', '68cb6ac77af440cb455c6226', '1', 2, '10000345931', 'https://ai-image.weshop.com/20250911_1_805bf342-a8f1-4960-b233-7d5103fdcb9c_640x800.png_crop512.jpeg', 33, '10000346021', 'https://ai-image.weshop.com/20250911_1_82fb3619-f06b-4101-a0fb-26891ae93a59_736x1104.png_width256.webp', 1, 'http://t2oo80zmt.hb-bkt.clouddn.com/pic/cloth3.jpg', '0', '', '2025-09-17 10:02:30', '', '2025-09-18 10:15:46', '');
INSERT INTO `we_look` VALUES (26, '1+bsd3+bsd1+bsd16', 'https://ai-image.weshop.com/20250918_1_4912d3e4-6aa1-4736-aa54-09b8e59d71b0_624x622.png', '68cb6ac7cdf25c6b459af177', '68cb6ac7cdf25c6b459af17b', '1', 2, '10000345931', 'https://ai-image.weshop.com/20250911_1_805bf342-a8f1-4960-b233-7d5103fdcb9c_640x800.png_crop512.jpeg', 34, '10000346019', 'https://ai-image.weshop.com/20250911_1_98339ef4-e21c-49d1-b429-acac0d55cd11_1080x1440.png_width256.webp', 1, 'http://t2oo80zmt.hb-bkt.clouddn.com/pic/cloth3.jpg', '0', '', '2025-09-17 10:02:30', '', '2025-09-18 10:15:46', '');
INSERT INTO `we_look` VALUES (27, '1+bsd3+bsd1+bsd15', 'https://ai-image.weshop.com/20250918_1_6e7f2f71-95ed-4c54-88d4-68cc31c8cc76_512x767.png', '68cb6ac77af440cb455c6224', '68cb6ac77af440cb455c6232', '1', 2, '10000345931', 'https://ai-image.weshop.com/20250911_1_805bf342-a8f1-4960-b233-7d5103fdcb9c_640x800.png_crop512.jpeg', 35, '10000346018', 'https://ai-image.weshop.com/20250911_1_af0add17-912e-4b9b-b6ea-028ba6a32874_736x1104.png_width256.webp', 1, 'http://t2oo80zmt.hb-bkt.clouddn.com/pic/cloth3.jpg', '0', '', '2025-09-17 10:02:30', '', '2025-09-18 10:16:57', '');
INSERT INTO `we_look` VALUES (28, '1+bsd3+bsd1+bsd14', 'https://ai-image.weshop.com/20250918_1_2a11893f-be1b-4e06-bcd9-f4d65e03897e_832x535.png', '68cb6ac77af440cb455c622a', '68cb6ac8cdf25c6b459af18f', '1', 2, '10000345931', 'https://ai-image.weshop.com/20250911_1_805bf342-a8f1-4960-b233-7d5103fdcb9c_640x800.png_crop512.jpeg', 36, '10000346017', 'https://ai-image.weshop.com/20250911_1_5c487bab-3b9d-4b28-8fab-8eb261ddcebd_824x536.png_width256.webp', 1, 'http://t2oo80zmt.hb-bkt.clouddn.com/pic/cloth3.jpg', '0', '', '2025-09-17 10:02:30', '', '2025-09-18 10:15:46', '');
INSERT INTO `we_look` VALUES (29, '1+bsd3+bsd1+bsd13', 'https://ai-image.weshop.com/20250918_1_f2c0883a-b7d5-4c1e-bd77-de5537a6f057_664x663.png', '68cb6ac7cdf25c6b459af181', '68cb6ac77af440cb455c6236', '1', 2, '10000345931', 'https://ai-image.weshop.com/20250911_1_805bf342-a8f1-4960-b233-7d5103fdcb9c_640x800.png_crop512.jpeg', 37, '10000346016', 'https://ai-image.weshop.com/20250911_1_ea6b5c44-ea9f-4d1d-8fd6-eb8f97104589_1080x1344.png_width256.webp', 1, 'http://t2oo80zmt.hb-bkt.clouddn.com/pic/cloth3.jpg', '0', '', '2025-09-17 10:02:30', '', '2025-09-18 10:17:03', '');
INSERT INTO `we_look` VALUES (30, '1+bsd3+bsd1+bsd12', 'https://ai-image.weshop.com/20250918_1_6dff19eb-b504-4996-82b6-ec34b84989da_552x748.png', '68cb6ac7cdf25c6b459af175', '68cb6ac7cdf25c6b459af183', '1', 2, '10000345931', 'https://ai-image.weshop.com/20250911_1_805bf342-a8f1-4960-b233-7d5103fdcb9c_640x800.png_crop512.jpeg', 38, '10000346014', 'https://ai-image.weshop.com/20250911_1_8c5b0ebd-2d76-4adc-ad78-690c53e825bd_1200x1800.png_width256.webp', 1, 'http://t2oo80zmt.hb-bkt.clouddn.com/pic/cloth3.jpg', '0', '', '2025-09-17 10:02:30', '', '2025-09-18 10:15:41', '');
INSERT INTO `we_look` VALUES (31, '1+bsd3+bsd1+bsd11', 'https://ai-image.weshop.com/20250918_1_ee6f17f5-d6b4-46ae-a2c5-d931c4fb3f10_600x692.png', '68cb6aea7af440cb455c623e', '68cb6aeacdf25c6b459af1ae', '1', 2, '10000345931', 'https://ai-image.weshop.com/20250911_1_805bf342-a8f1-4960-b233-7d5103fdcb9c_640x800.png_crop512.jpeg', 39, '10000346013', 'https://ai-image.weshop.com/20250911_1_bb77704c-cd10-47a2-8e03-f685ea96fb34_688x864.png_width256.webp', 1, 'http://t2oo80zmt.hb-bkt.clouddn.com/pic/cloth3.jpg', '0', '', '2025-09-17 10:02:30', '', '2025-09-18 10:16:37', '');
INSERT INTO `we_look` VALUES (32, '1+bsd3+bsd1+bsd10', 'https://ai-image.weshop.com/20250918_1_d19559fa-0f01-40a2-abe3-af25574843f5_696x800.png', '68cb6aeacdf25c6b459af19a', '68cb6aea7af440cb455c625c', '1', 2, '10000345931', 'https://ai-image.weshop.com/20250911_1_805bf342-a8f1-4960-b233-7d5103fdcb9c_640x800.png_crop512.jpeg', 40, '10000346012', 'https://ai-image.weshop.com/20250911_1_a4ce2d52-3402-4afc-9aa5-9d81486799be_824x976.png_width256.webp', 1, 'http://t2oo80zmt.hb-bkt.clouddn.com/pic/cloth3.jpg', '0', '', '2025-09-17 10:02:30', '', '2025-09-18 10:16:37', '');
INSERT INTO `we_look` VALUES (33, '1+bsd3+bsd1+bsd9', 'https://ai-image.weshop.com/20250918_1_6c4bcc71-a5e2-4a3c-be20-b9e7d90db5bc_624x821.png', '68cb6aeacdf25c6b459af198', '68cb6aea7af440cb455c6240', '1', 2, '10000345931', 'https://ai-image.weshop.com/20250911_1_805bf342-a8f1-4960-b233-7d5103fdcb9c_640x800.png_crop512.jpeg', 41, '10000346010', 'https://ai-image.weshop.com/20250911_1_e56cdb23-8729-4f48-af6c-3c4f2356acaa_736x976.png_width256.webp', 1, 'http://t2oo80zmt.hb-bkt.clouddn.com/pic/cloth3.jpg', '0', '', '2025-09-17 10:02:30', '', '2025-09-18 10:17:42', '');
INSERT INTO `we_look` VALUES (34, '1+bsd3+bsd1+bsd8', 'https://ai-image.weshop.com/20250918_1_d2973824-33ba-4292-bf0b-77a62f907b54_624x766.png', '68cb6aea7af440cb455c625a', '68cb6aeacdf25c6b459af1a6', '1', 2, '10000345931', 'https://ai-image.weshop.com/20250911_1_805bf342-a8f1-4960-b233-7d5103fdcb9c_640x800.png_crop512.jpeg', 42, '10000346009', 'https://ai-image.weshop.com/20250911_1_5d9765f2-4a6b-4121-88c1-e041fd534ca2_960x1280.png_width256.webp', 1, 'http://t2oo80zmt.hb-bkt.clouddn.com/pic/cloth3.jpg', '0', '', '2025-09-17 10:02:30', '', '2025-09-18 10:17:42', '');
INSERT INTO `we_look` VALUES (35, '1+bsd3+bsd1+bsd7', 'https://ai-image.weshop.com/20250918_1_39ce8245-6c23-4d4b-a469-f157f0caa98b_544x803.png', '68cb6aea7af440cb455c6257', '68cb6aeb7af440cb455c6260', '1', 2, '10000345931', 'https://ai-image.weshop.com/20250911_1_805bf342-a8f1-4960-b233-7d5103fdcb9c_640x800.png_crop512.jpeg', 43, '10000346008', 'https://ai-image.weshop.com/20250911_1_bca6ab36-22e2-40f6-8b22-9e32e5b2334a_848x1280.png_width256.webp', 1, 'http://t2oo80zmt.hb-bkt.clouddn.com/pic/cloth3.jpg', '0', '', '2025-09-17 10:02:30', '', '2025-09-18 10:17:48', '');
INSERT INTO `we_look` VALUES (36, '1+bsd3+bsd1+bsd6', 'https://ai-image.weshop.com/20250918_1_04358c02-963a-483c-a9a6-8789b862cc23_504x757.png', '68cb6aeacdf25c6b459af19c', '68cb6aea7af440cb455c6254', '1', 2, '10000345931', 'https://ai-image.weshop.com/20250911_1_805bf342-a8f1-4960-b233-7d5103fdcb9c_640x800.png_crop512.jpeg', 44, '10000346007', 'https://ai-image.weshop.com/20250911_1_ca8c45bc-8a0c-4416-ae7d-eaae540ee761_736x1208.png_width256.webp', 1, 'http://t2oo80zmt.hb-bkt.clouddn.com/pic/cloth3.jpg', '0', '', '2025-09-17 10:02:30', '', '2025-09-18 10:17:48', '');
INSERT INTO `we_look` VALUES (37, '1+bsd3+bsd1+bsd5', 'https://ai-image.weshop.com/20250918_1_848514ca-f0eb-489f-aba5-3f42cc94a7c9_552x810.png', '68cb6aea7af440cb455c6247', '68cb6aea7af440cb455c6250', '1', 2, '10000345931', 'https://ai-image.weshop.com/20250911_1_805bf342-a8f1-4960-b233-7d5103fdcb9c_640x800.png_crop512.jpeg', 45, '10000346006', 'https://ai-image.weshop.com/20250911_1_d9a92c70-20e2-40b5-9fc0-ff56e04cb504_736x1096.png_width256.webp', 1, 'http://t2oo80zmt.hb-bkt.clouddn.com/pic/cloth3.jpg', '0', '', '2025-09-17 10:02:30', '', '2025-09-18 10:16:51', '');
INSERT INTO `we_look` VALUES (38, '1+bsd3+bsd1+bsd4', 'https://ai-image.weshop.com/20250918_1_766ccfb5-6be5-4ef5-a26e-0ac3f1fb191b_616x808.png', '68cb6aeacdf25c6b459af19e', '68cb6aea7af440cb455c6249', '1', 2, '10000345931', 'https://ai-image.weshop.com/20250911_1_805bf342-a8f1-4960-b233-7d5103fdcb9c_640x800.png_crop512.jpeg', 46, '10000346005', 'https://ai-image.weshop.com/20250911_1_2bbb454e-e189-4983-a1f5-d974ce7a4679_960x1280.png_width256.webp', 1, 'http://t2oo80zmt.hb-bkt.clouddn.com/pic/cloth3.jpg', '0', '', '2025-09-17 10:02:30', '', '2025-09-18 10:17:37', '');
INSERT INTO `we_look` VALUES (39, '1+bsd3+bsd1+bsd3', 'https://ai-image.weshop.com/20250918_1_ef6362cb-098d-4b41-b8c1-c0c9d0f1fb3e_552x653.png', '68cb6aeacdf25c6b459af1a3', '68cb6aeacdf25c6b459af1aa', '1', 2, '10000345931', 'https://ai-image.weshop.com/20250911_1_805bf342-a8f1-4960-b233-7d5103fdcb9c_640x800.png_crop512.jpeg', 47, '10000345963', 'https://ai-image.weshop.com/20250911_1_2bc4ee3f-a212-46a0-bcc7-27be02017da2_800x1200.png_width256.webp', 1, 'http://t2oo80zmt.hb-bkt.clouddn.com/pic/cloth3.jpg', '0', '', '2025-09-17 10:02:30', '', '2025-09-18 10:16:56', '');
INSERT INTO `we_look` VALUES (40, '1+bsd3+bsd1+bsd2', 'https://ai-image.weshop.com/20250918_1_7feecea4-4579-424d-bc90-0fa5307dc9ea_664x683.png', '68cb6aea7af440cb455c6244', '68cb6aeacdf25c6b459af1a0', '1', 2, '10000345931', 'https://ai-image.weshop.com/20250911_1_805bf342-a8f1-4960-b233-7d5103fdcb9c_640x800.png_crop512.jpeg', 48, '10000345961', 'https://ai-image.weshop.com/20250911_1_aad04a58-9523-4bd9-a9e3-d282401e0d8e_1024x1280.png_width256.webp', 1, 'http://t2oo80zmt.hb-bkt.clouddn.com/pic/cloth3.jpg', '0', '', '2025-09-17 10:02:30', '', '2025-09-18 10:17:52', '');
INSERT INTO `we_look` VALUES (41, '1+bsd3+bsd1+bsd1', NULL, NULL, NULL, '1', 2, '10000345931', 'https://ai-image.weshop.com/20250911_1_805bf342-a8f1-4960-b233-7d5103fdcb9c_640x800.png_crop512.jpeg', 49, '10000345954', 'https://ai-image.weshop.com/20250911_1_b52b9ed0-37f1-495e-b0bc-1b37f3e9d689_848x1280.png_width256.webp', 1, 'http://t2oo80zmt.hb-bkt.clouddn.com/pic/cloth3.jpg', '0', '', '2025-09-17 10:02:30', '', NULL, '');
INSERT INTO `we_look` VALUES (42, '1+bsd3+bsd2+bsd49', NULL, NULL, NULL, '1', 3, '10000345929', 'https://ai-image.weshop.com/20250911_1_3c3602d7-777f-4655-98a1-78e4248a2e6d_1024x1280.png_crop512.jpeg', 9, '10000346067', 'https://ai-image.weshop.com/20250911_1_3a1da09c-7f5d-4b02-89df-5ea02190ffcc_744x1256.png_width256.webp', 1, 'http://t2oo80zmt.hb-bkt.clouddn.com/pic/cloth3.jpg', '0', '', '2025-09-17 10:02:30', '', NULL, '');
INSERT INTO `we_look` VALUES (43, '1+bsd3+bsd2+bsd50', NULL, NULL, NULL, '1', 3, '10000345929', 'https://ai-image.weshop.com/20250911_1_3c3602d7-777f-4655-98a1-78e4248a2e6d_1024x1280.png_crop512.jpeg', 10, '10000346066', 'https://ai-image.weshop.com/20250911_1_a107ad80-70ae-45f8-a25a-d64d3969b8f2_744x1080.png_width256.webp', 1, 'http://t2oo80zmt.hb-bkt.clouddn.com/pic/cloth3.jpg', '0', '', '2025-09-17 10:02:30', '', NULL, '');
INSERT INTO `we_look` VALUES (45, '1+bsd3+bsd2+bsd47', NULL, NULL, NULL, '1', 3, '10000345929', 'https://ai-image.weshop.com/20250911_1_3c3602d7-777f-4655-98a1-78e4248a2e6d_1024x1280.png_crop512.jpeg', 12, '10000346062', 'https://ai-image.weshop.com/20250911_1_4c4ae953-bbb2-4a99-92e4-da58285b96cb_784x1000.png_width256.webp', 1, 'http://t2oo80zmt.hb-bkt.clouddn.com/pic/cloth3.jpg', '0', '', '2025-09-17 10:02:31', '', NULL, '');
INSERT INTO `we_look` VALUES (47, '1+bsd3+bsd2+bsd44', NULL, NULL, NULL, '1', 3, '10000345929', 'https://ai-image.weshop.com/20250911_1_3c3602d7-777f-4655-98a1-78e4248a2e6d_1024x1280.png_crop512.jpeg', 14, '10000346050', 'https://ai-image.weshop.com/20250911_1_52d79728-9a20-4301-9200-6c37422abbd0_848x1280.png_width256.webp', 1, 'http://t2oo80zmt.hb-bkt.clouddn.com/pic/cloth3.jpg', '0', '', '2025-09-17 10:02:31', '', NULL, '');
INSERT INTO `we_look` VALUES (48, '1+bsd3+bsd2+bsd42', NULL, NULL, NULL, '1', 3, '10000345929', 'https://ai-image.weshop.com/20250911_1_3c3602d7-777f-4655-98a1-78e4248a2e6d_1024x1280.png_crop512.jpeg', 15, '10000346048', 'https://ai-image.weshop.com/20250911_1_0f640235-a7be-49ba-a397-d846fa88cdb0_672x1200.png_width256.webp', 1, 'http://t2oo80zmt.hb-bkt.clouddn.com/pic/cloth3.jpg', '0', '', '2025-09-17 10:02:31', '', NULL, '');
INSERT INTO `we_look` VALUES (49, '1+bsd3+bsd2+bsd40', NULL, NULL, NULL, '1', 3, '10000345929', 'https://ai-image.weshop.com/20250911_1_3c3602d7-777f-4655-98a1-78e4248a2e6d_1024x1280.png_crop512.jpeg', 16, '10000346046', 'https://ai-image.weshop.com/20250911_1_4418010f-b529-4512-88fc-503fb949a451_848x1280.png_width256.webp', 1, 'http://t2oo80zmt.hb-bkt.clouddn.com/pic/cloth3.jpg', '0', '', '2025-09-17 10:02:31', '', NULL, '');
INSERT INTO `we_look` VALUES (50, '1+bsd3+bsd2+bsd39', NULL, NULL, NULL, '1', 3, '10000345929', 'https://ai-image.weshop.com/20250911_1_3c3602d7-777f-4655-98a1-78e4248a2e6d_1024x1280.png_crop512.jpeg', 17, '10000346045', 'https://ai-image.weshop.com/20250911_1_2eadc294-7d79-4b40-ad16-abbaea4e4737_736x976.png_width256.webp', 1, 'http://t2oo80zmt.hb-bkt.clouddn.com/pic/cloth3.jpg', '0', '', '2025-09-17 10:02:31', '', NULL, '');
INSERT INTO `we_look` VALUES (51, '1+bsd3+bsd2+bsd38', NULL, NULL, NULL, '1', 3, '10000345929', 'https://ai-image.weshop.com/20250911_1_3c3602d7-777f-4655-98a1-78e4248a2e6d_1024x1280.png_crop512.jpeg', 18, '10000346043', 'https://ai-image.weshop.com/20250911_1_919e5825-7b95-4b2c-93c0-48b19f8f134b_912x1280.png_width256.webp', 1, 'http://t2oo80zmt.hb-bkt.clouddn.com/pic/cloth3.jpg', '0', '', '2025-09-17 10:02:31', '', NULL, '');
INSERT INTO `we_look` VALUES (52, '1+bsd3+bsd2+bsd36', NULL, NULL, NULL, '1', 3, '10000345929', 'https://ai-image.weshop.com/20250911_1_3c3602d7-777f-4655-98a1-78e4248a2e6d_1024x1280.png_crop512.jpeg', 19, '10000346041', 'https://ai-image.weshop.com/20250911_1_8ca1bf47-8c4b-4019-a4e4-ad3f25c43236_728x944.png_width256.webp', 1, 'http://t2oo80zmt.hb-bkt.clouddn.com/pic/cloth3.jpg', '0', '', '2025-09-17 10:02:31', '', NULL, '');
INSERT INTO `we_look` VALUES (53, '1+bsd3+bsd2+bsd34', NULL, NULL, NULL, '1', 3, '10000345929', 'https://ai-image.weshop.com/20250911_1_3c3602d7-777f-4655-98a1-78e4248a2e6d_1024x1280.png_crop512.jpeg', 20, '10000346039', 'https://ai-image.weshop.com/20250911_1_04edf1af-f363-45fd-a707-286eede93b74_736x1056.png_width256.webp', 1, 'http://t2oo80zmt.hb-bkt.clouddn.com/pic/cloth3.jpg', '0', '', '2025-09-17 10:02:31', '', NULL, '');
INSERT INTO `we_look` VALUES (54, '1+bsd3+bsd2+bsd33', NULL, NULL, NULL, '1', 3, '10000345929', 'https://ai-image.weshop.com/20250911_1_3c3602d7-777f-4655-98a1-78e4248a2e6d_1024x1280.png_crop512.jpeg', 21, '10000346038', 'https://ai-image.weshop.com/20250911_1_e91744e7-25a0-4883-8363-674ce3a83394_736x976.png_width256.webp', 1, 'http://t2oo80zmt.hb-bkt.clouddn.com/pic/cloth3.jpg', '0', '', '2025-09-17 10:02:31', '', NULL, '');
INSERT INTO `we_look` VALUES (55, '1+bsd3+bsd2+bsd28', NULL, NULL, NULL, '1', 3, '10000345929', 'https://ai-image.weshop.com/20250911_1_3c3602d7-777f-4655-98a1-78e4248a2e6d_1024x1280.png_crop512.jpeg', 22, '10000346032', 'https://ai-image.weshop.com/20250911_1_5a5b83fe-7fbd-462f-b896-6111791dcd8b_736x920.png_width256.webp', 1, 'http://t2oo80zmt.hb-bkt.clouddn.com/pic/cloth3.jpg', '0', '', '2025-09-17 10:02:31', '', NULL, '');
INSERT INTO `we_look` VALUES (56, '1+bsd3+bsd2+bsd27', NULL, NULL, NULL, '1', 3, '10000345929', 'https://ai-image.weshop.com/20250911_1_3c3602d7-777f-4655-98a1-78e4248a2e6d_1024x1280.png_crop512.jpeg', 23, '10000346031', 'https://ai-image.weshop.com/20250911_1_f5b95b6f-c769-427b-9fc2-fb0b4e0cc128_960x1280.jpg_width256.webp', 1, 'http://t2oo80zmt.hb-bkt.clouddn.com/pic/cloth3.jpg', '0', '', '2025-09-17 10:02:31', '', NULL, '');
INSERT INTO `we_look` VALUES (57, '1+bsd3+bsd2+bsd26', NULL, NULL, NULL, '1', 3, '10000345929', 'https://ai-image.weshop.com/20250911_1_3c3602d7-777f-4655-98a1-78e4248a2e6d_1024x1280.png_crop512.jpeg', 24, '10000346030', 'https://ai-image.weshop.com/20250911_1_f9a3bf2e-41c7-4ea1-b8ef-cdb8bb11dd03_744x936.png_width256.webp', 1, 'http://t2oo80zmt.hb-bkt.clouddn.com/pic/cloth3.jpg', '0', '', '2025-09-17 10:02:31', '', NULL, '');
INSERT INTO `we_look` VALUES (58, '1+bsd3+bsd2+bsd25', NULL, NULL, NULL, '1', 3, '10000345929', 'https://ai-image.weshop.com/20250911_1_3c3602d7-777f-4655-98a1-78e4248a2e6d_1024x1280.png_crop512.jpeg', 25, '10000346029', 'https://ai-image.weshop.com/20250911_1_ad50ea7e-06ca-49fa-9e6a-1130cd96d3fb_648x904.png_width256.webp', 1, 'http://t2oo80zmt.hb-bkt.clouddn.com/pic/cloth3.jpg', '0', '', '2025-09-17 10:02:31', '', NULL, '');
INSERT INTO `we_look` VALUES (59, '1+bsd3+bsd2+bsd24', NULL, NULL, NULL, '1', 3, '10000345929', 'https://ai-image.weshop.com/20250911_1_3c3602d7-777f-4655-98a1-78e4248a2e6d_1024x1280.png_crop512.jpeg', 26, '10000346028', 'https://ai-image.weshop.com/20250911_1_9e3df97c-88d7-4211-8935-16077442d97a_560x704.png_width256.webp', 1, 'http://t2oo80zmt.hb-bkt.clouddn.com/pic/cloth3.jpg', '0', '', '2025-09-17 10:02:31', '', NULL, '');
INSERT INTO `we_look` VALUES (60, '1+bsd3+bsd2+bsd23', NULL, NULL, NULL, '1', 3, '10000345929', 'https://ai-image.weshop.com/20250911_1_3c3602d7-777f-4655-98a1-78e4248a2e6d_1024x1280.png_crop512.jpeg', 27, '10000346027', 'https://ai-image.weshop.com/20250911_1_642eac92-3a3a-4f43-a730-66ebc3640229_728x976.png_width256.webp', 1, 'http://t2oo80zmt.hb-bkt.clouddn.com/pic/cloth3.jpg', '0', '', '2025-09-17 10:02:31', '', NULL, '');
INSERT INTO `we_look` VALUES (61, '1+bsd3+bsd2+bsd22', NULL, NULL, NULL, '1', 3, '10000345929', 'https://ai-image.weshop.com/20250911_1_3c3602d7-777f-4655-98a1-78e4248a2e6d_1024x1280.png_crop512.jpeg', 28, '10000346026', 'https://ai-image.weshop.com/20250911_1_c67fae69-aa79-47cb-bc8e-950865ab1a28_720x960.png_width256.webp', 1, 'http://t2oo80zmt.hb-bkt.clouddn.com/pic/cloth3.jpg', '0', '', '2025-09-17 10:02:31', '', NULL, '');
INSERT INTO `we_look` VALUES (62, '1+bsd3+bsd2+bsd21', NULL, NULL, NULL, '1', 3, '10000345929', 'https://ai-image.weshop.com/20250911_1_3c3602d7-777f-4655-98a1-78e4248a2e6d_1024x1280.png_crop512.jpeg', 29, '10000346025', 'https://ai-image.weshop.com/20250911_1_5e6e1718-6d12-4ae9-b4a4-39910c582956_736x1104.png_width256.webp', 1, 'http://t2oo80zmt.hb-bkt.clouddn.com/pic/cloth3.jpg', '0', '', '2025-09-17 10:02:31', '', NULL, '');
INSERT INTO `we_look` VALUES (63, '1+bsd3+bsd2+bsd20', NULL, NULL, NULL, '1', 3, '10000345929', 'https://ai-image.weshop.com/20250911_1_3c3602d7-777f-4655-98a1-78e4248a2e6d_1024x1280.png_crop512.jpeg', 30, '10000346024', 'https://ai-image.weshop.com/20250911_1_e89f2e0a-0d58-42f7-9f69-c9d74bf7f2a2_736x920.png_width256.webp', 1, 'http://t2oo80zmt.hb-bkt.clouddn.com/pic/cloth3.jpg', '0', '', '2025-09-17 10:02:31', '', NULL, '');
INSERT INTO `we_look` VALUES (64, '1+bsd3+bsd2+bsd19', NULL, NULL, NULL, '1', 3, '10000345929', 'https://ai-image.weshop.com/20250911_1_3c3602d7-777f-4655-98a1-78e4248a2e6d_1024x1280.png_crop512.jpeg', 31, '10000346023', 'https://ai-image.weshop.com/20250911_1_9ff12b24-3ade-496b-afd9-bf26fa06e222_960x1200.png_width256.webp', 1, 'http://t2oo80zmt.hb-bkt.clouddn.com/pic/cloth3.jpg', '0', '', '2025-09-17 10:02:31', '', NULL, '');
INSERT INTO `we_look` VALUES (65, '1+bsd3+bsd2+bsd18', NULL, NULL, NULL, '1', 3, '10000345929', 'https://ai-image.weshop.com/20250911_1_3c3602d7-777f-4655-98a1-78e4248a2e6d_1024x1280.png_crop512.jpeg', 32, '10000346022', 'https://ai-image.weshop.com/20250911_1_6b2a74f8-1686-4982-9cf5-9a17fe17c9e1_792x1064.png_width256.webp', 1, 'http://t2oo80zmt.hb-bkt.clouddn.com/pic/cloth3.jpg', '0', '', '2025-09-17 10:02:31', '', NULL, '');
INSERT INTO `we_look` VALUES (66, '1+bsd3+bsd2+bsd17', NULL, NULL, NULL, '1', 3, '10000345929', 'https://ai-image.weshop.com/20250911_1_3c3602d7-777f-4655-98a1-78e4248a2e6d_1024x1280.png_crop512.jpeg', 33, '10000346021', 'https://ai-image.weshop.com/20250911_1_82fb3619-f06b-4101-a0fb-26891ae93a59_736x1104.png_width256.webp', 1, 'http://t2oo80zmt.hb-bkt.clouddn.com/pic/cloth3.jpg', '0', '', '2025-09-17 10:02:31', '', NULL, '');
INSERT INTO `we_look` VALUES (67, '1+bsd3+bsd2+bsd16', NULL, NULL, NULL, '1', 3, '10000345929', 'https://ai-image.weshop.com/20250911_1_3c3602d7-777f-4655-98a1-78e4248a2e6d_1024x1280.png_crop512.jpeg', 34, '10000346019', 'https://ai-image.weshop.com/20250911_1_98339ef4-e21c-49d1-b429-acac0d55cd11_1080x1440.png_width256.webp', 1, 'http://t2oo80zmt.hb-bkt.clouddn.com/pic/cloth3.jpg', '0', '', '2025-09-17 10:02:31', '', NULL, '');
INSERT INTO `we_look` VALUES (68, '1+bsd3+bsd2+bsd15', NULL, NULL, NULL, '1', 3, '10000345929', 'https://ai-image.weshop.com/20250911_1_3c3602d7-777f-4655-98a1-78e4248a2e6d_1024x1280.png_crop512.jpeg', 35, '10000346018', 'https://ai-image.weshop.com/20250911_1_af0add17-912e-4b9b-b6ea-028ba6a32874_736x1104.png_width256.webp', 1, 'http://t2oo80zmt.hb-bkt.clouddn.com/pic/cloth3.jpg', '0', '', '2025-09-17 10:02:31', '', NULL, '');
INSERT INTO `we_look` VALUES (69, '1+bsd3+bsd2+bsd14', NULL, NULL, NULL, '1', 3, '10000345929', 'https://ai-image.weshop.com/20250911_1_3c3602d7-777f-4655-98a1-78e4248a2e6d_1024x1280.png_crop512.jpeg', 36, '10000346017', 'https://ai-image.weshop.com/20250911_1_5c487bab-3b9d-4b28-8fab-8eb261ddcebd_824x536.png_width256.webp', 1, 'http://t2oo80zmt.hb-bkt.clouddn.com/pic/cloth3.jpg', '0', '', '2025-09-17 10:02:31', '', NULL, '');
INSERT INTO `we_look` VALUES (70, '1+bsd3+bsd2+bsd13', NULL, NULL, NULL, '1', 3, '10000345929', 'https://ai-image.weshop.com/20250911_1_3c3602d7-777f-4655-98a1-78e4248a2e6d_1024x1280.png_crop512.jpeg', 37, '10000346016', 'https://ai-image.weshop.com/20250911_1_ea6b5c44-ea9f-4d1d-8fd6-eb8f97104589_1080x1344.png_width256.webp', 1, 'http://t2oo80zmt.hb-bkt.clouddn.com/pic/cloth3.jpg', '0', '', '2025-09-17 10:02:31', '', NULL, '');
INSERT INTO `we_look` VALUES (71, '1+bsd3+bsd2+bsd12', NULL, NULL, NULL, '1', 3, '10000345929', 'https://ai-image.weshop.com/20250911_1_3c3602d7-777f-4655-98a1-78e4248a2e6d_1024x1280.png_crop512.jpeg', 38, '10000346014', 'https://ai-image.weshop.com/20250911_1_8c5b0ebd-2d76-4adc-ad78-690c53e825bd_1200x1800.png_width256.webp', 1, 'http://t2oo80zmt.hb-bkt.clouddn.com/pic/cloth3.jpg', '0', '', '2025-09-17 10:02:31', '', NULL, '');
INSERT INTO `we_look` VALUES (72, '1+bsd3+bsd2+bsd11', NULL, NULL, NULL, '1', 3, '10000345929', 'https://ai-image.weshop.com/20250911_1_3c3602d7-777f-4655-98a1-78e4248a2e6d_1024x1280.png_crop512.jpeg', 39, '10000346013', 'https://ai-image.weshop.com/20250911_1_bb77704c-cd10-47a2-8e03-f685ea96fb34_688x864.png_width256.webp', 1, 'http://t2oo80zmt.hb-bkt.clouddn.com/pic/cloth3.jpg', '0', '', '2025-09-17 10:02:31', '', NULL, '');
INSERT INTO `we_look` VALUES (73, '1+bsd3+bsd2+bsd10', NULL, NULL, NULL, '1', 3, '10000345929', 'https://ai-image.weshop.com/20250911_1_3c3602d7-777f-4655-98a1-78e4248a2e6d_1024x1280.png_crop512.jpeg', 40, '10000346012', 'https://ai-image.weshop.com/20250911_1_a4ce2d52-3402-4afc-9aa5-9d81486799be_824x976.png_width256.webp', 1, 'http://t2oo80zmt.hb-bkt.clouddn.com/pic/cloth3.jpg', '0', '', '2025-09-17 10:02:31', '', NULL, '');
INSERT INTO `we_look` VALUES (74, '1+bsd3+bsd2+bsd9', NULL, NULL, NULL, '1', 3, '10000345929', 'https://ai-image.weshop.com/20250911_1_3c3602d7-777f-4655-98a1-78e4248a2e6d_1024x1280.png_crop512.jpeg', 41, '10000346010', 'https://ai-image.weshop.com/20250911_1_e56cdb23-8729-4f48-af6c-3c4f2356acaa_736x976.png_width256.webp', 1, 'http://t2oo80zmt.hb-bkt.clouddn.com/pic/cloth3.jpg', '0', '', '2025-09-17 10:02:31', '', NULL, '');
INSERT INTO `we_look` VALUES (75, '1+bsd3+bsd2+bsd8', NULL, NULL, NULL, '1', 3, '10000345929', 'https://ai-image.weshop.com/20250911_1_3c3602d7-777f-4655-98a1-78e4248a2e6d_1024x1280.png_crop512.jpeg', 42, '10000346009', 'https://ai-image.weshop.com/20250911_1_5d9765f2-4a6b-4121-88c1-e041fd534ca2_960x1280.png_width256.webp', 1, 'http://t2oo80zmt.hb-bkt.clouddn.com/pic/cloth3.jpg', '0', '', '2025-09-17 10:02:31', '', NULL, '');
INSERT INTO `we_look` VALUES (76, '1+bsd3+bsd2+bsd7', NULL, NULL, NULL, '1', 3, '10000345929', 'https://ai-image.weshop.com/20250911_1_3c3602d7-777f-4655-98a1-78e4248a2e6d_1024x1280.png_crop512.jpeg', 43, '10000346008', 'https://ai-image.weshop.com/20250911_1_bca6ab36-22e2-40f6-8b22-9e32e5b2334a_848x1280.png_width256.webp', 1, 'http://t2oo80zmt.hb-bkt.clouddn.com/pic/cloth3.jpg', '0', '', '2025-09-17 10:02:31', '', NULL, '');
INSERT INTO `we_look` VALUES (77, '1+bsd3+bsd2+bsd6', NULL, NULL, NULL, '1', 3, '10000345929', 'https://ai-image.weshop.com/20250911_1_3c3602d7-777f-4655-98a1-78e4248a2e6d_1024x1280.png_crop512.jpeg', 44, '10000346007', 'https://ai-image.weshop.com/20250911_1_ca8c45bc-8a0c-4416-ae7d-eaae540ee761_736x1208.png_width256.webp', 1, 'http://t2oo80zmt.hb-bkt.clouddn.com/pic/cloth3.jpg', '0', '', '2025-09-17 10:02:31', '', NULL, '');
INSERT INTO `we_look` VALUES (78, '1+bsd3+bsd2+bsd5', NULL, NULL, NULL, '1', 3, '10000345929', 'https://ai-image.weshop.com/20250911_1_3c3602d7-777f-4655-98a1-78e4248a2e6d_1024x1280.png_crop512.jpeg', 45, '10000346006', 'https://ai-image.weshop.com/20250911_1_d9a92c70-20e2-40b5-9fc0-ff56e04cb504_736x1096.png_width256.webp', 1, 'http://t2oo80zmt.hb-bkt.clouddn.com/pic/cloth3.jpg', '0', '', '2025-09-17 10:02:31', '', NULL, '');
INSERT INTO `we_look` VALUES (79, '1+bsd3+bsd2+bsd4', NULL, NULL, NULL, '1', 3, '10000345929', 'https://ai-image.weshop.com/20250911_1_3c3602d7-777f-4655-98a1-78e4248a2e6d_1024x1280.png_crop512.jpeg', 46, '10000346005', 'https://ai-image.weshop.com/20250911_1_2bbb454e-e189-4983-a1f5-d974ce7a4679_960x1280.png_width256.webp', 1, 'http://t2oo80zmt.hb-bkt.clouddn.com/pic/cloth3.jpg', '0', '', '2025-09-17 10:02:31', '', NULL, '');
INSERT INTO `we_look` VALUES (80, '1+bsd3+bsd2+bsd3', NULL, NULL, NULL, '1', 3, '10000345929', 'https://ai-image.weshop.com/20250911_1_3c3602d7-777f-4655-98a1-78e4248a2e6d_1024x1280.png_crop512.jpeg', 47, '10000345963', 'https://ai-image.weshop.com/20250911_1_2bc4ee3f-a212-46a0-bcc7-27be02017da2_800x1200.png_width256.webp', 1, 'http://t2oo80zmt.hb-bkt.clouddn.com/pic/cloth3.jpg', '0', '', '2025-09-17 10:02:31', '', NULL, '');
INSERT INTO `we_look` VALUES (81, '1+bsd3+bsd2+bsd2', NULL, NULL, NULL, '1', 3, '10000345929', 'https://ai-image.weshop.com/20250911_1_3c3602d7-777f-4655-98a1-78e4248a2e6d_1024x1280.png_crop512.jpeg', 48, '10000345961', 'https://ai-image.weshop.com/20250911_1_aad04a58-9523-4bd9-a9e3-d282401e0d8e_1024x1280.png_width256.webp', 1, 'http://t2oo80zmt.hb-bkt.clouddn.com/pic/cloth3.jpg', '0', '', '2025-09-17 10:02:31', '', NULL, '');
INSERT INTO `we_look` VALUES (82, '1+bsd3+bsd2+bsd1', NULL, NULL, NULL, '1', 3, '10000345929', 'https://ai-image.weshop.com/20250911_1_3c3602d7-777f-4655-98a1-78e4248a2e6d_1024x1280.png_crop512.jpeg', 49, '10000345954', 'https://ai-image.weshop.com/20250911_1_b52b9ed0-37f1-495e-b0bc-1b37f3e9d689_848x1280.png_width256.webp', 1, 'http://t2oo80zmt.hb-bkt.clouddn.com/pic/cloth3.jpg', '0', '', '2025-09-17 10:02:31', '', NULL, '');
INSERT INTO `we_look` VALUES (83, '1+bsd4+bsd1+bsd49', 'https://ai-image.weshop.com/20250917_1_18e63029-f738-474c-9654-5fa19aacce8a_472x726.png', '68ca4ef77af440cb455c42ec', '68ca4ef77af440cb455c42ee', '1', 2, '10000345931', 'https://ai-image.weshop.com/20250911_1_805bf342-a8f1-4960-b233-7d5103fdcb9c_640x800.png_crop512.jpeg', 9, '10000346067', 'https://ai-image.weshop.com/20250911_1_3a1da09c-7f5d-4b02-89df-5ea02190ffcc_744x1256.png_width256.webp', 2, 'http://t2oo80zmt.hb-bkt.clouddn.com/pic/cloth4.jpg', '0', '', '2025-09-17 10:02:31', '', '2025-09-17 14:04:38', '');
INSERT INTO `we_look` VALUES (84, '1+bsd4+bsd1+bsd50', 'https://ai-image.weshop.com/20250917_1_819c2bbb-07c7-4fb3-a721-5be1622bf1df_544x799.png', '68ca4ef7cdf25c6b459ad25c', '68ca4ef7cdf25c6b459ad25e', '1', 2, '10000345931', 'https://ai-image.weshop.com/20250911_1_805bf342-a8f1-4960-b233-7d5103fdcb9c_640x800.png_crop512.jpeg', 10, '10000346066', 'https://ai-image.weshop.com/20250911_1_a107ad80-70ae-45f8-a25a-d64d3969b8f2_744x1080.png_width256.webp', 2, 'http://t2oo80zmt.hb-bkt.clouddn.com/pic/cloth4.jpg', '0', '', '2025-09-17 10:02:31', '', '2025-09-17 14:04:29', '');
INSERT INTO `we_look` VALUES (85, '1+bsd4+bsd1+bsd48', 'https://ai-image.weshop.com/20250917_1_60fcc50b-88b2-42f7-8ace-72233ee72351_560x789.png', '68ca4ef7cdf25c6b459ad25a', '68ca4ef77af440cb455c42f2', '1', 2, '10000345931', 'https://ai-image.weshop.com/20250911_1_805bf342-a8f1-4960-b233-7d5103fdcb9c_640x800.png_crop512.jpeg', 11, '10000346063', 'https://ai-image.weshop.com/20250911_1_39ec5c4b-746a-49c4-9a4d-8db455c313d1_744x1040.png_width256.webp', 2, 'http://t2oo80zmt.hb-bkt.clouddn.com/pic/cloth4.jpg', '0', '', '2025-09-17 10:02:31', '', '2025-09-17 14:04:09', '');
INSERT INTO `we_look` VALUES (86, '1+bsd4+bsd1+bsd47', 'https://ai-image.weshop.com/20250917_1_b527a90d-a9b4-4c8e-9181-a2e17ee0e035_600x760.png', '68ca4f9ccdf25c6b459ad283', '68ca4f9c7af440cb455c4329', '1', 2, '10000345931', 'https://ai-image.weshop.com/20250911_1_805bf342-a8f1-4960-b233-7d5103fdcb9c_640x800.png_crop512.jpeg', 12, '10000346062', 'https://ai-image.weshop.com/20250911_1_4c4ae953-bbb2-4a99-92e4-da58285b96cb_784x1000.png_width256.webp', 2, 'http://t2oo80zmt.hb-bkt.clouddn.com/pic/cloth4.jpg', '0', '', '2025-09-17 10:02:31', '', '2025-09-17 14:06:59', '');
INSERT INTO `we_look` VALUES (87, '1+bsd4+bsd1+bsd46', 'https://ai-image.weshop.com/20250917_1_961cfc37-8ad1-4930-af8f-49f6cce3f31b_584x795.png', '68ca4f9c7af440cb455c431b', '68ca4f9c7af440cb455c4325', '1', 2, '10000345931', 'https://ai-image.weshop.com/20250911_1_805bf342-a8f1-4960-b233-7d5103fdcb9c_640x800.png_crop512.jpeg', 13, '10000346060', 'https://ai-image.weshop.com/20250911_1_07328ac2-e8ee-4419-9a8c-e33634322c86_704x960.png_width256.webp', 2, 'http://t2oo80zmt.hb-bkt.clouddn.com/pic/cloth4.jpg', '0', '', '2025-09-17 10:02:31', '', '2025-09-17 14:06:58', '');
INSERT INTO `we_look` VALUES (88, '1+bsd4+bsd1+bsd44', 'https://ai-image.weshop.com/20250917_1_d538ddb0-9d30-49b6-ac05-9a6e64e34cd7_528x740.png', '68ca4f9ccdf25c6b459ad281', '68ca4f9ccdf25c6b459ad285', '1', 2, '10000345931', 'https://ai-image.weshop.com/20250911_1_805bf342-a8f1-4960-b233-7d5103fdcb9c_640x800.png_crop512.jpeg', 14, '10000346050', 'https://ai-image.weshop.com/20250911_1_52d79728-9a20-4301-9200-6c37422abbd0_848x1280.png_width256.webp', 2, 'http://t2oo80zmt.hb-bkt.clouddn.com/pic/cloth4.jpg', '0', '', '2025-09-17 10:02:31', '', '2025-09-17 14:07:19', '');
INSERT INTO `we_look` VALUES (89, '1+bsd4+bsd1+bsd42', 'https://ai-image.weshop.com/20250917_1_9a78640b-04b6-4c14-99cb-5e77ed698455_448x758.png', '68ca4f9c7af440cb455c4321', '68ca4f9ccdf25c6b459ad27d', '1', 2, '10000345931', 'https://ai-image.weshop.com/20250911_1_805bf342-a8f1-4960-b233-7d5103fdcb9c_640x800.png_crop512.jpeg', 15, '10000346048', 'https://ai-image.weshop.com/20250911_1_0f640235-a7be-49ba-a397-d846fa88cdb0_672x1200.png_width256.webp', 2, 'http://t2oo80zmt.hb-bkt.clouddn.com/pic/cloth4.jpg', '0', '', '2025-09-17 10:02:31', '', '2025-09-17 14:07:13', '');
INSERT INTO `we_look` VALUES (90, '1+bsd4+bsd1+bsd40', 'https://ai-image.weshop.com/20250917_1_39abb664-73fc-4a70-9983-4c79899e251f_528x773.png', '68ca4f9ccdf25c6b459ad278', '68ca4f9c7af440cb455c431d', '1', 2, '10000345931', 'https://ai-image.weshop.com/20250911_1_805bf342-a8f1-4960-b233-7d5103fdcb9c_640x800.png_crop512.jpeg', 16, '10000346046', 'https://ai-image.weshop.com/20250911_1_4418010f-b529-4512-88fc-503fb949a451_848x1280.png_width256.webp', 2, 'http://t2oo80zmt.hb-bkt.clouddn.com/pic/cloth4.jpg', '0', '', '2025-09-17 10:02:31', '', '2025-09-17 14:07:19', '');
INSERT INTO `we_look` VALUES (91, '1+bsd4+bsd1+bsd39', 'https://ai-image.weshop.com/20250917_1_b446ee3e-eba6-4cd9-ae56-0a31980ee07a_592x790.png', '68ca4f9c7af440cb455c4323', '68ca4f9c7af440cb455c432d', '1', 2, '10000345931', 'https://ai-image.weshop.com/20250911_1_805bf342-a8f1-4960-b233-7d5103fdcb9c_640x800.png_crop512.jpeg', 17, '10000346045', 'https://ai-image.weshop.com/20250911_1_2eadc294-7d79-4b40-ad16-abbaea4e4737_736x976.png_width256.webp', 2, 'http://t2oo80zmt.hb-bkt.clouddn.com/pic/cloth4.jpg', '0', '', '2025-09-17 10:02:31', '', '2025-09-17 14:07:19', '');
INSERT INTO `we_look` VALUES (92, '1+bsd4+bsd1+bsd38', 'https://ai-image.weshop.com/20250917_1_8c14bee6-3bed-4419-8f80-3f6095f4ab52_560x798.png', '68ca4f9ccdf25c6b459ad27a', '68ca4f9ccdf25c6b459ad289', '1', 2, '10000345931', 'https://ai-image.weshop.com/20250911_1_805bf342-a8f1-4960-b233-7d5103fdcb9c_640x800.png_crop512.jpeg', 18, '10000346043', 'https://ai-image.weshop.com/20250911_1_919e5825-7b95-4b2c-93c0-48b19f8f134b_912x1280.png_width256.webp', 2, 'http://t2oo80zmt.hb-bkt.clouddn.com/pic/cloth4.jpg', '0', '', '2025-09-17 10:02:31', '', '2025-09-17 14:07:24', '');
INSERT INTO `we_look` VALUES (93, '1+bsd4+bsd1+bsd36', 'https://ai-image.weshop.com/20250918_1_ace9e132-44d3-44aa-94a3-009dbc649b76_600x774.png', '68cb9901cdf25c6b459af91f', '68cb9901cdf25c6b459af92d', '1', 2, '10000345931', 'https://ai-image.weshop.com/20250911_1_805bf342-a8f1-4960-b233-7d5103fdcb9c_640x800.png_crop512.jpeg', 19, '10000346041', 'https://ai-image.weshop.com/20250911_1_8ca1bf47-8c4b-4019-a4e4-ad3f25c43236_728x944.png_width256.webp', 2, 'http://t2oo80zmt.hb-bkt.clouddn.com/pic/cloth4.jpg', '0', '', '2025-09-17 10:02:31', '', '2025-09-18 13:32:29', '');
INSERT INTO `we_look` VALUES (94, '1+bsd4+bsd1+bsd34', 'https://ai-image.weshop.com/20250918_1_26b642f6-40c9-4097-9e22-67370fb5bda9_552x797.png', '68cb9901cdf25c6b459af91d', '68cb9901cdf25c6b459af923', '1', 2, '10000345931', 'https://ai-image.weshop.com/20250911_1_805bf342-a8f1-4960-b233-7d5103fdcb9c_640x800.png_crop512.jpeg', 20, '10000346039', 'https://ai-image.weshop.com/20250911_1_04edf1af-f363-45fd-a707-286eede93b74_736x1056.png_width256.webp', 2, 'http://t2oo80zmt.hb-bkt.clouddn.com/pic/cloth4.jpg', '0', '', '2025-09-17 10:02:31', '', '2025-09-18 13:32:44', '');
INSERT INTO `we_look` VALUES (95, '1+bsd4+bsd1+bsd33', 'https://ai-image.weshop.com/20250918_1_432c1b85-0055-424a-8999-072567c026b3_600x784.png', '68cb9901cdf25c6b459af931', '68cb9902cdf25c6b459af937', '1', 2, '10000345931', 'https://ai-image.weshop.com/20250911_1_805bf342-a8f1-4960-b233-7d5103fdcb9c_640x800.png_crop512.jpeg', 21, '10000346038', 'https://ai-image.weshop.com/20250911_1_e91744e7-25a0-4883-8363-674ce3a83394_736x976.png_width256.webp', 2, 'http://t2oo80zmt.hb-bkt.clouddn.com/pic/cloth4.jpg', '0', '', '2025-09-17 10:02:31', '', '2025-09-18 13:33:00', '');
INSERT INTO `we_look` VALUES (96, '1+bsd4+bsd1+bsd28', 'https://ai-image.weshop.com/20250918_1_93041427-c18a-428f-af9f-ce52e389e95a_640x798.png', '68cb9901cdf25c6b459af921', '68cb9901cdf25c6b459af929', '1', 2, '10000345931', 'https://ai-image.weshop.com/20250911_1_805bf342-a8f1-4960-b233-7d5103fdcb9c_640x800.png_crop512.jpeg', 22, '10000346032', 'https://ai-image.weshop.com/20250911_1_5a5b83fe-7fbd-462f-b896-6111791dcd8b_736x920.png_width256.webp', 2, 'http://t2oo80zmt.hb-bkt.clouddn.com/pic/cloth4.jpg', '0', '', '2025-09-17 10:02:31', '', '2025-09-18 13:32:29', '');
INSERT INTO `we_look` VALUES (97, '1+bsd4+bsd1+bsd27', 'https://ai-image.weshop.com/20250918_1_f8a50edf-7fb2-42d4-b62a-68c932676b3d_600x788.png', '68cb99017af440cb455c69b3', '68cb99017af440cb455c69bb', '1', 2, '10000345931', 'https://ai-image.weshop.com/20250911_1_805bf342-a8f1-4960-b233-7d5103fdcb9c_640x800.png_crop512.jpeg', 23, '10000346031', 'https://ai-image.weshop.com/20250911_1_f5b95b6f-c769-427b-9fc2-fb0b4e0cc128_960x1280.jpg_width256.webp', 2, 'http://t2oo80zmt.hb-bkt.clouddn.com/pic/cloth4.jpg', '0', '', '2025-09-17 10:02:31', '', '2025-09-18 13:32:54', '');
INSERT INTO `we_look` VALUES (98, '1+bsd4+bsd1+bsd26', 'https://ai-image.weshop.com/20250918_1_b8cf73c3-9d04-459e-a05a-6ad6a752a4f2_632x788.png', '68cb99017af440cb455c69b1', '68cb99027af440cb455c69c3', '1', 2, '10000345931', 'https://ai-image.weshop.com/20250911_1_805bf342-a8f1-4960-b233-7d5103fdcb9c_640x800.png_crop512.jpeg', 24, '10000346030', 'https://ai-image.weshop.com/20250911_1_f9a3bf2e-41c7-4ea1-b8ef-cdb8bb11dd03_744x936.png_width256.webp', 2, 'http://t2oo80zmt.hb-bkt.clouddn.com/pic/cloth4.jpg', '0', '', '2025-09-17 10:02:31', '', '2025-09-18 13:32:59', '');
INSERT INTO `we_look` VALUES (99, '1+bsd4+bsd1+bsd25', 'https://ai-image.weshop.com/20250918_1_6cf35f07-1304-4cf0-802a-b4523ca872c1_568x799.png', '68cb99017af440cb455c69b9', '68cb99017af440cb455c69bf', '1', 2, '10000345931', 'https://ai-image.weshop.com/20250911_1_805bf342-a8f1-4960-b233-7d5103fdcb9c_640x800.png_crop512.jpeg', 25, '10000346029', 'https://ai-image.weshop.com/20250911_1_ad50ea7e-06ca-49fa-9e6a-1130cd96d3fb_648x904.png_width256.webp', 2, 'http://t2oo80zmt.hb-bkt.clouddn.com/pic/cloth4.jpg', '0', '', '2025-09-17 10:02:31', '', '2025-09-18 13:32:54', '');
INSERT INTO `we_look` VALUES (100, '1+bsd4+bsd1+bsd24', 'https://ai-image.weshop.com/20250918_1_2ad79508-67d6-4dd0-bd2f-302321960d86_632x798.png', '68cb9901cdf25c6b459af927', '68cb9901cdf25c6b459af933', '1', 2, '10000345931', 'https://ai-image.weshop.com/20250911_1_805bf342-a8f1-4960-b233-7d5103fdcb9c_640x800.png_crop512.jpeg', 26, '10000346028', 'https://ai-image.weshop.com/20250911_1_9e3df97c-88d7-4211-8935-16077442d97a_560x704.png_width256.webp', 2, 'http://t2oo80zmt.hb-bkt.clouddn.com/pic/cloth4.jpg', '0', '', '2025-09-17 10:02:31', '', '2025-09-18 13:32:29', '');
INSERT INTO `we_look` VALUES (101, '1+bsd4+bsd1+bsd23', 'https://ai-image.weshop.com/20250918_1_b3a8cbaf-6683-4149-ac7c-ba5e384228f9_592x791.png', '68cb99017af440cb455c69b7', '68cb99027af440cb455c69cb', '1', 2, '10000345931', 'https://ai-image.weshop.com/20250911_1_805bf342-a8f1-4960-b233-7d5103fdcb9c_640x800.png_crop512.jpeg', 27, '10000346027', 'https://ai-image.weshop.com/20250911_1_642eac92-3a3a-4f43-a730-66ebc3640229_728x976.png_width256.webp', 2, 'http://t2oo80zmt.hb-bkt.clouddn.com/pic/cloth4.jpg', '0', '', '2025-09-17 10:02:31', '', '2025-09-18 13:33:00', '');
INSERT INTO `we_look` VALUES (102, '1+bsd4+bsd1+bsd22', 'https://ai-image.weshop.com/20250918_1_d7d1c50e-d84a-4801-8a51-0e16847772bd_560x743.png', '68cb99017af440cb455c69b5', '68cb99027af440cb455c69c7', '1', 2, '10000345931', 'https://ai-image.weshop.com/20250911_1_805bf342-a8f1-4960-b233-7d5103fdcb9c_640x800.png_crop512.jpeg', 28, '10000346026', 'https://ai-image.weshop.com/20250911_1_c67fae69-aa79-47cb-bc8e-950865ab1a28_720x960.png_width256.webp', 2, 'http://t2oo80zmt.hb-bkt.clouddn.com/pic/cloth4.jpg', '0', '', '2025-09-17 10:02:31', '', '2025-09-18 13:32:49', '');
INSERT INTO `we_look` VALUES (103, '1+bsd4+bsd1+bsd21', NULL, NULL, NULL, '1', 2, '10000345931', 'https://ai-image.weshop.com/20250911_1_805bf342-a8f1-4960-b233-7d5103fdcb9c_640x800.png_crop512.jpeg', 29, '10000346025', 'https://ai-image.weshop.com/20250911_1_5e6e1718-6d12-4ae9-b4a4-39910c582956_736x1104.png_width256.webp', 2, 'http://t2oo80zmt.hb-bkt.clouddn.com/pic/cloth4.jpg', '0', '', '2025-09-17 10:02:31', '', NULL, '');
INSERT INTO `we_look` VALUES (104, '1+bsd4+bsd1+bsd20', NULL, NULL, NULL, '1', 2, '10000345931', 'https://ai-image.weshop.com/20250911_1_805bf342-a8f1-4960-b233-7d5103fdcb9c_640x800.png_crop512.jpeg', 30, '10000346024', 'https://ai-image.weshop.com/20250911_1_e89f2e0a-0d58-42f7-9f69-c9d74bf7f2a2_736x920.png_width256.webp', 2, 'http://t2oo80zmt.hb-bkt.clouddn.com/pic/cloth4.jpg', '0', '', '2025-09-17 10:02:31', '', NULL, '');
INSERT INTO `we_look` VALUES (105, '1+bsd4+bsd1+bsd19', NULL, NULL, NULL, '1', 2, '10000345931', 'https://ai-image.weshop.com/20250911_1_805bf342-a8f1-4960-b233-7d5103fdcb9c_640x800.png_crop512.jpeg', 31, '10000346023', 'https://ai-image.weshop.com/20250911_1_9ff12b24-3ade-496b-afd9-bf26fa06e222_960x1200.png_width256.webp', 2, 'http://t2oo80zmt.hb-bkt.clouddn.com/pic/cloth4.jpg', '0', '', '2025-09-17 10:02:31', '', NULL, '');
INSERT INTO `we_look` VALUES (106, '1+bsd4+bsd1+bsd18', NULL, NULL, NULL, '1', 2, '10000345931', 'https://ai-image.weshop.com/20250911_1_805bf342-a8f1-4960-b233-7d5103fdcb9c_640x800.png_crop512.jpeg', 32, '10000346022', 'https://ai-image.weshop.com/20250911_1_6b2a74f8-1686-4982-9cf5-9a17fe17c9e1_792x1064.png_width256.webp', 2, 'http://t2oo80zmt.hb-bkt.clouddn.com/pic/cloth4.jpg', '0', '', '2025-09-17 10:02:31', '', NULL, '');
INSERT INTO `we_look` VALUES (107, '1+bsd4+bsd1+bsd17', NULL, NULL, NULL, '1', 2, '10000345931', 'https://ai-image.weshop.com/20250911_1_805bf342-a8f1-4960-b233-7d5103fdcb9c_640x800.png_crop512.jpeg', 33, '10000346021', 'https://ai-image.weshop.com/20250911_1_82fb3619-f06b-4101-a0fb-26891ae93a59_736x1104.png_width256.webp', 2, 'http://t2oo80zmt.hb-bkt.clouddn.com/pic/cloth4.jpg', '0', '', '2025-09-17 10:02:31', '', NULL, '');
INSERT INTO `we_look` VALUES (108, '1+bsd4+bsd1+bsd16', NULL, NULL, NULL, '1', 2, '10000345931', 'https://ai-image.weshop.com/20250911_1_805bf342-a8f1-4960-b233-7d5103fdcb9c_640x800.png_crop512.jpeg', 34, '10000346019', 'https://ai-image.weshop.com/20250911_1_98339ef4-e21c-49d1-b429-acac0d55cd11_1080x1440.png_width256.webp', 2, 'http://t2oo80zmt.hb-bkt.clouddn.com/pic/cloth4.jpg', '0', '', '2025-09-17 10:02:31', '', NULL, '');
INSERT INTO `we_look` VALUES (109, '1+bsd4+bsd1+bsd15', NULL, NULL, NULL, '1', 2, '10000345931', 'https://ai-image.weshop.com/20250911_1_805bf342-a8f1-4960-b233-7d5103fdcb9c_640x800.png_crop512.jpeg', 35, '10000346018', 'https://ai-image.weshop.com/20250911_1_af0add17-912e-4b9b-b6ea-028ba6a32874_736x1104.png_width256.webp', 2, 'http://t2oo80zmt.hb-bkt.clouddn.com/pic/cloth4.jpg', '0', '', '2025-09-17 10:02:31', '', NULL, '');
INSERT INTO `we_look` VALUES (110, '1+bsd4+bsd1+bsd14', NULL, NULL, NULL, '1', 2, '10000345931', 'https://ai-image.weshop.com/20250911_1_805bf342-a8f1-4960-b233-7d5103fdcb9c_640x800.png_crop512.jpeg', 36, '10000346017', 'https://ai-image.weshop.com/20250911_1_5c487bab-3b9d-4b28-8fab-8eb261ddcebd_824x536.png_width256.webp', 2, 'http://t2oo80zmt.hb-bkt.clouddn.com/pic/cloth4.jpg', '0', '', '2025-09-17 10:02:31', '', NULL, '');
INSERT INTO `we_look` VALUES (111, '1+bsd4+bsd1+bsd13', NULL, NULL, NULL, '1', 2, '10000345931', 'https://ai-image.weshop.com/20250911_1_805bf342-a8f1-4960-b233-7d5103fdcb9c_640x800.png_crop512.jpeg', 37, '10000346016', 'https://ai-image.weshop.com/20250911_1_ea6b5c44-ea9f-4d1d-8fd6-eb8f97104589_1080x1344.png_width256.webp', 2, 'http://t2oo80zmt.hb-bkt.clouddn.com/pic/cloth4.jpg', '0', '', '2025-09-17 10:02:31', '', NULL, '');
INSERT INTO `we_look` VALUES (112, '1+bsd4+bsd1+bsd12', NULL, NULL, NULL, '1', 2, '10000345931', 'https://ai-image.weshop.com/20250911_1_805bf342-a8f1-4960-b233-7d5103fdcb9c_640x800.png_crop512.jpeg', 38, '10000346014', 'https://ai-image.weshop.com/20250911_1_8c5b0ebd-2d76-4adc-ad78-690c53e825bd_1200x1800.png_width256.webp', 2, 'http://t2oo80zmt.hb-bkt.clouddn.com/pic/cloth4.jpg', '0', '', '2025-09-17 10:02:31', '', NULL, '');
INSERT INTO `we_look` VALUES (113, '1+bsd4+bsd1+bsd11', NULL, NULL, NULL, '1', 2, '10000345931', 'https://ai-image.weshop.com/20250911_1_805bf342-a8f1-4960-b233-7d5103fdcb9c_640x800.png_crop512.jpeg', 39, '10000346013', 'https://ai-image.weshop.com/20250911_1_bb77704c-cd10-47a2-8e03-f685ea96fb34_688x864.png_width256.webp', 2, 'http://t2oo80zmt.hb-bkt.clouddn.com/pic/cloth4.jpg', '0', '', '2025-09-17 10:02:31', '', NULL, '');
INSERT INTO `we_look` VALUES (114, '1+bsd4+bsd1+bsd10', NULL, NULL, NULL, '1', 2, '10000345931', 'https://ai-image.weshop.com/20250911_1_805bf342-a8f1-4960-b233-7d5103fdcb9c_640x800.png_crop512.jpeg', 40, '10000346012', 'https://ai-image.weshop.com/20250911_1_a4ce2d52-3402-4afc-9aa5-9d81486799be_824x976.png_width256.webp', 2, 'http://t2oo80zmt.hb-bkt.clouddn.com/pic/cloth4.jpg', '0', '', '2025-09-17 10:02:31', '', NULL, '');
INSERT INTO `we_look` VALUES (115, '1+bsd4+bsd1+bsd9', NULL, NULL, NULL, '1', 2, '10000345931', 'https://ai-image.weshop.com/20250911_1_805bf342-a8f1-4960-b233-7d5103fdcb9c_640x800.png_crop512.jpeg', 41, '10000346010', 'https://ai-image.weshop.com/20250911_1_e56cdb23-8729-4f48-af6c-3c4f2356acaa_736x976.png_width256.webp', 2, 'http://t2oo80zmt.hb-bkt.clouddn.com/pic/cloth4.jpg', '0', '', '2025-09-17 10:02:31', '', NULL, '');
INSERT INTO `we_look` VALUES (116, '1+bsd4+bsd1+bsd8', NULL, NULL, NULL, '1', 2, '10000345931', 'https://ai-image.weshop.com/20250911_1_805bf342-a8f1-4960-b233-7d5103fdcb9c_640x800.png_crop512.jpeg', 42, '10000346009', 'https://ai-image.weshop.com/20250911_1_5d9765f2-4a6b-4121-88c1-e041fd534ca2_960x1280.png_width256.webp', 2, 'http://t2oo80zmt.hb-bkt.clouddn.com/pic/cloth4.jpg', '0', '', '2025-09-17 10:02:31', '', NULL, '');
INSERT INTO `we_look` VALUES (117, '1+bsd4+bsd1+bsd7', NULL, NULL, NULL, '1', 2, '10000345931', 'https://ai-image.weshop.com/20250911_1_805bf342-a8f1-4960-b233-7d5103fdcb9c_640x800.png_crop512.jpeg', 43, '10000346008', 'https://ai-image.weshop.com/20250911_1_bca6ab36-22e2-40f6-8b22-9e32e5b2334a_848x1280.png_width256.webp', 2, 'http://t2oo80zmt.hb-bkt.clouddn.com/pic/cloth4.jpg', '0', '', '2025-09-17 10:02:31', '', NULL, '');
INSERT INTO `we_look` VALUES (118, '1+bsd4+bsd1+bsd6', NULL, NULL, NULL, '1', 2, '10000345931', 'https://ai-image.weshop.com/20250911_1_805bf342-a8f1-4960-b233-7d5103fdcb9c_640x800.png_crop512.jpeg', 44, '10000346007', 'https://ai-image.weshop.com/20250911_1_ca8c45bc-8a0c-4416-ae7d-eaae540ee761_736x1208.png_width256.webp', 2, 'http://t2oo80zmt.hb-bkt.clouddn.com/pic/cloth4.jpg', '0', '', '2025-09-17 10:02:31', '', NULL, '');
INSERT INTO `we_look` VALUES (119, '1+bsd4+bsd1+bsd5', NULL, NULL, NULL, '1', 2, '10000345931', 'https://ai-image.weshop.com/20250911_1_805bf342-a8f1-4960-b233-7d5103fdcb9c_640x800.png_crop512.jpeg', 45, '10000346006', 'https://ai-image.weshop.com/20250911_1_d9a92c70-20e2-40b5-9fc0-ff56e04cb504_736x1096.png_width256.webp', 2, 'http://t2oo80zmt.hb-bkt.clouddn.com/pic/cloth4.jpg', '0', '', '2025-09-17 10:02:31', '', NULL, '');
INSERT INTO `we_look` VALUES (120, '1+bsd4+bsd1+bsd4', NULL, NULL, NULL, '1', 2, '10000345931', 'https://ai-image.weshop.com/20250911_1_805bf342-a8f1-4960-b233-7d5103fdcb9c_640x800.png_crop512.jpeg', 46, '10000346005', 'https://ai-image.weshop.com/20250911_1_2bbb454e-e189-4983-a1f5-d974ce7a4679_960x1280.png_width256.webp', 2, 'http://t2oo80zmt.hb-bkt.clouddn.com/pic/cloth4.jpg', '0', '', '2025-09-17 10:02:31', '', NULL, '');
INSERT INTO `we_look` VALUES (121, '1+bsd4+bsd1+bsd3', NULL, NULL, NULL, '1', 2, '10000345931', 'https://ai-image.weshop.com/20250911_1_805bf342-a8f1-4960-b233-7d5103fdcb9c_640x800.png_crop512.jpeg', 47, '10000345963', 'https://ai-image.weshop.com/20250911_1_2bc4ee3f-a212-46a0-bcc7-27be02017da2_800x1200.png_width256.webp', 2, 'http://t2oo80zmt.hb-bkt.clouddn.com/pic/cloth4.jpg', '0', '', '2025-09-17 10:02:31', '', NULL, '');
INSERT INTO `we_look` VALUES (122, '1+bsd4+bsd1+bsd2', NULL, NULL, NULL, '1', 2, '10000345931', 'https://ai-image.weshop.com/20250911_1_805bf342-a8f1-4960-b233-7d5103fdcb9c_640x800.png_crop512.jpeg', 48, '10000345961', 'https://ai-image.weshop.com/20250911_1_aad04a58-9523-4bd9-a9e3-d282401e0d8e_1024x1280.png_width256.webp', 2, 'http://t2oo80zmt.hb-bkt.clouddn.com/pic/cloth4.jpg', '0', '', '2025-09-17 10:02:31', '', NULL, '');
INSERT INTO `we_look` VALUES (123, '1+bsd4+bsd1+bsd1', NULL, NULL, NULL, '1', 2, '10000345931', 'https://ai-image.weshop.com/20250911_1_805bf342-a8f1-4960-b233-7d5103fdcb9c_640x800.png_crop512.jpeg', 49, '10000345954', 'https://ai-image.weshop.com/20250911_1_b52b9ed0-37f1-495e-b0bc-1b37f3e9d689_848x1280.png_width256.webp', 2, 'http://t2oo80zmt.hb-bkt.clouddn.com/pic/cloth4.jpg', '0', '', '2025-09-17 10:02:31', '', NULL, '');
INSERT INTO `we_look` VALUES (124, '1+bsd4+bsd2+bsd49', 'https://ai-image.weshop.com/20250918_1_26fd5e79-7af9-4197-b138-b7316ed5091a_472x726.png', '68cb9932cdf25c6b459af94d', '68cb99337af440cb455c69fd', '1', 3, '10000345929', 'https://ai-image.weshop.com/20250911_1_3c3602d7-777f-4655-98a1-78e4248a2e6d_1024x1280.png_crop512.jpeg', 9, '10000346067', 'https://ai-image.weshop.com/20250911_1_3a1da09c-7f5d-4b02-89df-5ea02190ffcc_744x1256.png_width256.webp', 2, 'http://t2oo80zmt.hb-bkt.clouddn.com/pic/cloth4.jpg', '0', '', '2025-09-17 10:02:31', '', '2025-09-18 13:33:29', '');
INSERT INTO `we_look` VALUES (125, '1+bsd4+bsd2+bsd50', 'https://ai-image.weshop.com/20250918_1_bc6d4d42-879a-4d1d-903b-416a6532ffcb_544x799.png', '68cb9933cdf25c6b459af953', '68cb99337af440cb455c69f3', '1', 3, '10000345929', 'https://ai-image.weshop.com/20250911_1_3c3602d7-777f-4655-98a1-78e4248a2e6d_1024x1280.png_crop512.jpeg', 10, '10000346066', 'https://ai-image.weshop.com/20250911_1_a107ad80-70ae-45f8-a25a-d64d3969b8f2_744x1080.png_width256.webp', 2, 'http://t2oo80zmt.hb-bkt.clouddn.com/pic/cloth4.jpg', '0', '', '2025-09-17 10:02:31', '', '2025-09-18 13:33:53', '');
INSERT INTO `we_look` VALUES (127, '1+bsd4+bsd2+bsd47', 'https://ai-image.weshop.com/20250918_1_34d4a604-a6f8-455b-8b93-4ae7b426d1fb_600x760.png', '68cb9932cdf25c6b459af94b', '68cb9933cdf25c6b459af959', '1', 3, '10000345929', 'https://ai-image.weshop.com/20250911_1_3c3602d7-777f-4655-98a1-78e4248a2e6d_1024x1280.png_crop512.jpeg', 12, '10000346062', 'https://ai-image.weshop.com/20250911_1_4c4ae953-bbb2-4a99-92e4-da58285b96cb_784x1000.png_width256.webp', 2, 'http://t2oo80zmt.hb-bkt.clouddn.com/pic/cloth4.jpg', '0', '', '2025-09-17 10:02:31', '', '2025-09-18 13:33:49', '');
INSERT INTO `we_look` VALUES (129, '1+bsd4+bsd2+bsd44', 'https://ai-image.weshop.com/20250918_1_4659b4b0-4671-4815-b732-08f8bfb9847a_528x740.png', '68cb99327af440cb455c69e9', '68cb99337af440cb455c69f9', '1', 3, '10000345929', 'https://ai-image.weshop.com/20250911_1_3c3602d7-777f-4655-98a1-78e4248a2e6d_1024x1280.png_crop512.jpeg', 14, '10000346050', 'https://ai-image.weshop.com/20250911_1_52d79728-9a20-4301-9200-6c37422abbd0_848x1280.png_width256.webp', 2, 'http://t2oo80zmt.hb-bkt.clouddn.com/pic/cloth4.jpg', '0', '', '2025-09-17 10:02:31', '', '2025-09-18 13:33:38', '');
INSERT INTO `we_look` VALUES (130, '1+bsd4+bsd2+bsd42', 'https://ai-image.weshop.com/20250918_1_b2e6d65f-1fa9-4163-a157-3cbe30b0ba52_448x758.png', '68cb99337af440cb455c69f7', '68cb9933cdf25c6b459af961', '1', 3, '10000345929', 'https://ai-image.weshop.com/20250911_1_3c3602d7-777f-4655-98a1-78e4248a2e6d_1024x1280.png_crop512.jpeg', 15, '10000346048', 'https://ai-image.weshop.com/20250911_1_0f640235-a7be-49ba-a397-d846fa88cdb0_672x1200.png_width256.webp', 2, 'http://t2oo80zmt.hb-bkt.clouddn.com/pic/cloth4.jpg', '0', '', '2025-09-17 10:02:31', '', '2025-09-18 13:33:03', '');
INSERT INTO `we_look` VALUES (131, '1+bsd4+bsd2+bsd40', 'https://ai-image.weshop.com/20250918_1_3c65325a-5194-4e12-ac03-ee1a7215b7ba_528x773.png', '68cb9932cdf25c6b459af94f', '68cb99337af440cb455c69eb', '1', 3, '10000345929', 'https://ai-image.weshop.com/20250911_1_3c3602d7-777f-4655-98a1-78e4248a2e6d_1024x1280.png_crop512.jpeg', 16, '10000346046', 'https://ai-image.weshop.com/20250911_1_4418010f-b529-4512-88fc-503fb949a451_848x1280.png_width256.webp', 2, 'http://t2oo80zmt.hb-bkt.clouddn.com/pic/cloth4.jpg', '0', '', '2025-09-17 10:02:31', '', '2025-09-18 13:33:48', '');
INSERT INTO `we_look` VALUES (132, '1+bsd4+bsd2+bsd39', 'https://ai-image.weshop.com/20250918_1_37f74114-9847-4baf-a122-94766f9c0994_592x790.png', '68cb99337af440cb455c69ee', '68cb9933cdf25c6b459af95d', '1', 3, '10000345929', 'https://ai-image.weshop.com/20250911_1_3c3602d7-777f-4655-98a1-78e4248a2e6d_1024x1280.png_crop512.jpeg', 17, '10000346045', 'https://ai-image.weshop.com/20250911_1_2eadc294-7d79-4b40-ad16-abbaea4e4737_736x976.png_width256.webp', 2, 'http://t2oo80zmt.hb-bkt.clouddn.com/pic/cloth4.jpg', '0', '', '2025-09-17 10:02:31', '', '2025-09-18 13:33:28', '');
INSERT INTO `we_look` VALUES (133, '1+bsd4+bsd2+bsd38', 'https://ai-image.weshop.com/20250918_1_6ad56819-a284-4f1f-9e52-c26f6452621b_560x798.png', '68cb9933cdf25c6b459af951', '68cb9933cdf25c6b459af955', '1', 3, '10000345929', 'https://ai-image.weshop.com/20250911_1_3c3602d7-777f-4655-98a1-78e4248a2e6d_1024x1280.png_crop512.jpeg', 18, '10000346043', 'https://ai-image.weshop.com/20250911_1_919e5825-7b95-4b2c-93c0-48b19f8f134b_912x1280.png_width256.webp', 2, 'http://t2oo80zmt.hb-bkt.clouddn.com/pic/cloth4.jpg', '0', '', '2025-09-17 10:02:31', '', '2025-09-18 13:33:38', '');
INSERT INTO `we_look` VALUES (134, '1+bsd4+bsd2+bsd36', 'https://ai-image.weshop.com/20250918_1_8b984618-2257-48b4-95bc-8dbed7b79cce_600x774.png', '68cb99337af440cb455c69f1', '68cb99337af440cb455c6a01', '1', 3, '10000345929', 'https://ai-image.weshop.com/20250911_1_3c3602d7-777f-4655-98a1-78e4248a2e6d_1024x1280.png_crop512.jpeg', 19, '10000346041', 'https://ai-image.weshop.com/20250911_1_8ca1bf47-8c4b-4019-a4e4-ad3f25c43236_728x944.png_width256.webp', 2, 'http://t2oo80zmt.hb-bkt.clouddn.com/pic/cloth4.jpg', '0', '', '2025-09-17 10:02:31', '', '2025-09-18 13:33:44', '');
INSERT INTO `we_look` VALUES (135, '1+bsd4+bsd2+bsd34', 'https://ai-image.weshop.com/20250918_1_281c2328-a901-4fc3-abce-42ebe2286f70_552x797.png', '68cb993d7af440cb455c6a17', '68cb993dcdf25c6b459af98b', '1', 3, '10000345929', 'https://ai-image.weshop.com/20250911_1_3c3602d7-777f-4655-98a1-78e4248a2e6d_1024x1280.png_crop512.jpeg', 20, '10000346039', 'https://ai-image.weshop.com/20250911_1_04edf1af-f363-45fd-a707-286eede93b74_736x1056.png_width256.webp', 2, 'http://t2oo80zmt.hb-bkt.clouddn.com/pic/cloth4.jpg', '0', '', '2025-09-17 10:02:31', '', '2025-09-18 13:34:55', '');
INSERT INTO `we_look` VALUES (136, '1+bsd4+bsd2+bsd33', 'https://ai-image.weshop.com/20250918_1_1e5bd2ee-2c2e-4ed8-998a-44628eeb039d_600x784.png', '68cb993ccdf25c6b459af97f', '68cb993d7af440cb455c6a19', '1', 3, '10000345929', 'https://ai-image.weshop.com/20250911_1_3c3602d7-777f-4655-98a1-78e4248a2e6d_1024x1280.png_crop512.jpeg', 21, '10000346038', 'https://ai-image.weshop.com/20250911_1_e91744e7-25a0-4883-8363-674ce3a83394_736x976.png_width256.webp', 2, 'http://t2oo80zmt.hb-bkt.clouddn.com/pic/cloth4.jpg', '0', '', '2025-09-17 10:02:31', '', '2025-09-18 13:33:33', '');
INSERT INTO `we_look` VALUES (137, '1+bsd4+bsd2+bsd28', 'https://ai-image.weshop.com/20250918_1_e86e6b2b-f218-4e44-81a5-cd019e3ca3ac_640x798.png', '68cb993c7af440cb455c6a15', '68cb993dcdf25c6b459af987', '1', 3, '10000345929', 'https://ai-image.weshop.com/20250911_1_3c3602d7-777f-4655-98a1-78e4248a2e6d_1024x1280.png_crop512.jpeg', 22, '10000346032', 'https://ai-image.weshop.com/20250911_1_5a5b83fe-7fbd-462f-b896-6111791dcd8b_736x920.png_width256.webp', 2, 'http://t2oo80zmt.hb-bkt.clouddn.com/pic/cloth4.jpg', '0', '', '2025-09-17 10:02:31', '', '2025-09-18 13:33:33', '');
INSERT INTO `we_look` VALUES (138, '1+bsd4+bsd2+bsd27', 'https://ai-image.weshop.com/20250918_1_20c12c33-4e3c-4757-a016-08a4e053b7f3_600x788.png', '68cb993dcdf25c6b459af983', '68cb993d7af440cb455c6a27', '1', 3, '10000345929', 'https://ai-image.weshop.com/20250911_1_3c3602d7-777f-4655-98a1-78e4248a2e6d_1024x1280.png_crop512.jpeg', 23, '10000346031', 'https://ai-image.weshop.com/20250911_1_f5b95b6f-c769-427b-9fc2-fb0b4e0cc128_960x1280.jpg_width256.webp', 2, 'http://t2oo80zmt.hb-bkt.clouddn.com/pic/cloth4.jpg', '0', '', '2025-09-17 10:02:31', '', '2025-09-18 13:33:54', '');
INSERT INTO `we_look` VALUES (139, '1+bsd4+bsd2+bsd26', 'https://ai-image.weshop.com/20250918_1_1d9ecec2-62a4-4047-851e-8749caef0686_632x788.png', '68cb993dcdf25c6b459af981', '68cb993d7af440cb455c6a1d', '1', 3, '10000345929', 'https://ai-image.weshop.com/20250911_1_3c3602d7-777f-4655-98a1-78e4248a2e6d_1024x1280.png_crop512.jpeg', 24, '10000346030', 'https://ai-image.weshop.com/20250911_1_f9a3bf2e-41c7-4ea1-b8ef-cdb8bb11dd03_744x936.png_width256.webp', 2, 'http://t2oo80zmt.hb-bkt.clouddn.com/pic/cloth4.jpg', '0', '', '2025-09-17 10:02:31', '', '2025-09-18 13:33:33', '');
INSERT INTO `we_look` VALUES (140, '1+bsd4+bsd2+bsd25', 'https://ai-image.weshop.com/20250918_1_19a7464b-d8fa-4664-bb9f-b96f9991fa03_568x799.png', '68cb993dcdf25c6b459af985', '68cb993dcdf25c6b459af993', '1', 3, '10000345929', 'https://ai-image.weshop.com/20250911_1_3c3602d7-777f-4655-98a1-78e4248a2e6d_1024x1280.png_crop512.jpeg', 25, '10000346029', 'https://ai-image.weshop.com/20250911_1_ad50ea7e-06ca-49fa-9e6a-1130cd96d3fb_648x904.png_width256.webp', 2, 'http://t2oo80zmt.hb-bkt.clouddn.com/pic/cloth4.jpg', '0', '', '2025-09-17 10:02:31', '', '2025-09-18 13:34:29', '');
INSERT INTO `we_look` VALUES (141, '1+bsd4+bsd2+bsd24', 'https://ai-image.weshop.com/20250918_1_0671e82a-63e3-45ba-af60-b2d1a7078b96_632x798.png', '68cb993d7af440cb455c6a21', '68cb993dcdf25c6b459af98f', '1', 3, '10000345929', 'https://ai-image.weshop.com/20250911_1_3c3602d7-777f-4655-98a1-78e4248a2e6d_1024x1280.png_crop512.jpeg', 26, '10000346028', 'https://ai-image.weshop.com/20250911_1_9e3df97c-88d7-4211-8935-16077442d97a_560x704.png_width256.webp', 2, 'http://t2oo80zmt.hb-bkt.clouddn.com/pic/cloth4.jpg', '0', '', '2025-09-17 10:02:31', '', '2025-09-18 13:34:54', '');
INSERT INTO `we_look` VALUES (142, '1+bsd4+bsd2+bsd23', 'https://ai-image.weshop.com/20250918_1_296f13c4-6d6b-4d7e-8915-93c7bd535d23_592x791.png', '68cb993d7af440cb455c6a23', '68cb993d7af440cb455c6a2b', '1', 3, '10000345929', 'https://ai-image.weshop.com/20250911_1_3c3602d7-777f-4655-98a1-78e4248a2e6d_1024x1280.png_crop512.jpeg', 27, '10000346027', 'https://ai-image.weshop.com/20250911_1_642eac92-3a3a-4f43-a730-66ebc3640229_728x976.png_width256.webp', 2, 'http://t2oo80zmt.hb-bkt.clouddn.com/pic/cloth4.jpg', '0', '', '2025-09-17 10:02:31', '', '2025-09-18 13:34:55', '');
INSERT INTO `we_look` VALUES (143, '1+bsd4+bsd2+bsd22', 'https://ai-image.weshop.com/20250918_1_4d2ed983-6c17-4049-953d-56a5dc7b2dc1_560x743.png', '68cb993d7af440cb455c6a25', '68cb993dcdf25c6b459af997', '1', 3, '10000345929', 'https://ai-image.weshop.com/20250911_1_3c3602d7-777f-4655-98a1-78e4248a2e6d_1024x1280.png_crop512.jpeg', 28, '10000346026', 'https://ai-image.weshop.com/20250911_1_c67fae69-aa79-47cb-bc8e-950865ab1a28_720x960.png_width256.webp', 2, 'http://t2oo80zmt.hb-bkt.clouddn.com/pic/cloth4.jpg', '0', '', '2025-09-17 10:02:31', '', '2025-09-18 13:34:04', '');
INSERT INTO `we_look` VALUES (144, '1+bsd4+bsd2+bsd21', NULL, NULL, NULL, '1', 3, '10000345929', 'https://ai-image.weshop.com/20250911_1_3c3602d7-777f-4655-98a1-78e4248a2e6d_1024x1280.png_crop512.jpeg', 29, '10000346025', 'https://ai-image.weshop.com/20250911_1_5e6e1718-6d12-4ae9-b4a4-39910c582956_736x1104.png_width256.webp', 2, 'http://t2oo80zmt.hb-bkt.clouddn.com/pic/cloth4.jpg', '0', '', '2025-09-17 10:02:31', '', NULL, '');
INSERT INTO `we_look` VALUES (145, '1+bsd4+bsd2+bsd20', NULL, NULL, NULL, '1', 3, '10000345929', 'https://ai-image.weshop.com/20250911_1_3c3602d7-777f-4655-98a1-78e4248a2e6d_1024x1280.png_crop512.jpeg', 30, '10000346024', 'https://ai-image.weshop.com/20250911_1_e89f2e0a-0d58-42f7-9f69-c9d74bf7f2a2_736x920.png_width256.webp', 2, 'http://t2oo80zmt.hb-bkt.clouddn.com/pic/cloth4.jpg', '0', '', '2025-09-17 10:02:31', '', NULL, '');
INSERT INTO `we_look` VALUES (146, '1+bsd4+bsd2+bsd19', NULL, NULL, NULL, '1', 3, '10000345929', 'https://ai-image.weshop.com/20250911_1_3c3602d7-777f-4655-98a1-78e4248a2e6d_1024x1280.png_crop512.jpeg', 31, '10000346023', 'https://ai-image.weshop.com/20250911_1_9ff12b24-3ade-496b-afd9-bf26fa06e222_960x1200.png_width256.webp', 2, 'http://t2oo80zmt.hb-bkt.clouddn.com/pic/cloth4.jpg', '0', '', '2025-09-17 10:02:31', '', NULL, '');
INSERT INTO `we_look` VALUES (147, '1+bsd4+bsd2+bsd18', NULL, NULL, NULL, '1', 3, '10000345929', 'https://ai-image.weshop.com/20250911_1_3c3602d7-777f-4655-98a1-78e4248a2e6d_1024x1280.png_crop512.jpeg', 32, '10000346022', 'https://ai-image.weshop.com/20250911_1_6b2a74f8-1686-4982-9cf5-9a17fe17c9e1_792x1064.png_width256.webp', 2, 'http://t2oo80zmt.hb-bkt.clouddn.com/pic/cloth4.jpg', '0', '', '2025-09-17 10:02:31', '', NULL, '');
INSERT INTO `we_look` VALUES (148, '1+bsd4+bsd2+bsd17', NULL, NULL, NULL, '1', 3, '10000345929', 'https://ai-image.weshop.com/20250911_1_3c3602d7-777f-4655-98a1-78e4248a2e6d_1024x1280.png_crop512.jpeg', 33, '10000346021', 'https://ai-image.weshop.com/20250911_1_82fb3619-f06b-4101-a0fb-26891ae93a59_736x1104.png_width256.webp', 2, 'http://t2oo80zmt.hb-bkt.clouddn.com/pic/cloth4.jpg', '0', '', '2025-09-17 10:02:31', '', NULL, '');
INSERT INTO `we_look` VALUES (149, '1+bsd4+bsd2+bsd16', NULL, NULL, NULL, '1', 3, '10000345929', 'https://ai-image.weshop.com/20250911_1_3c3602d7-777f-4655-98a1-78e4248a2e6d_1024x1280.png_crop512.jpeg', 34, '10000346019', 'https://ai-image.weshop.com/20250911_1_98339ef4-e21c-49d1-b429-acac0d55cd11_1080x1440.png_width256.webp', 2, 'http://t2oo80zmt.hb-bkt.clouddn.com/pic/cloth4.jpg', '0', '', '2025-09-17 10:02:31', '', NULL, '');
INSERT INTO `we_look` VALUES (150, '1+bsd4+bsd2+bsd15', NULL, NULL, NULL, '1', 3, '10000345929', 'https://ai-image.weshop.com/20250911_1_3c3602d7-777f-4655-98a1-78e4248a2e6d_1024x1280.png_crop512.jpeg', 35, '10000346018', 'https://ai-image.weshop.com/20250911_1_af0add17-912e-4b9b-b6ea-028ba6a32874_736x1104.png_width256.webp', 2, 'http://t2oo80zmt.hb-bkt.clouddn.com/pic/cloth4.jpg', '0', '', '2025-09-17 10:02:31', '', NULL, '');
INSERT INTO `we_look` VALUES (151, '1+bsd4+bsd2+bsd14', NULL, NULL, NULL, '1', 3, '10000345929', 'https://ai-image.weshop.com/20250911_1_3c3602d7-777f-4655-98a1-78e4248a2e6d_1024x1280.png_crop512.jpeg', 36, '10000346017', 'https://ai-image.weshop.com/20250911_1_5c487bab-3b9d-4b28-8fab-8eb261ddcebd_824x536.png_width256.webp', 2, 'http://t2oo80zmt.hb-bkt.clouddn.com/pic/cloth4.jpg', '0', '', '2025-09-17 10:02:31', '', NULL, '');
INSERT INTO `we_look` VALUES (152, '1+bsd4+bsd2+bsd13', NULL, NULL, NULL, '1', 3, '10000345929', 'https://ai-image.weshop.com/20250911_1_3c3602d7-777f-4655-98a1-78e4248a2e6d_1024x1280.png_crop512.jpeg', 37, '10000346016', 'https://ai-image.weshop.com/20250911_1_ea6b5c44-ea9f-4d1d-8fd6-eb8f97104589_1080x1344.png_width256.webp', 2, 'http://t2oo80zmt.hb-bkt.clouddn.com/pic/cloth4.jpg', '0', '', '2025-09-17 10:02:31', '', NULL, '');
INSERT INTO `we_look` VALUES (153, '1+bsd4+bsd2+bsd12', NULL, NULL, NULL, '1', 3, '10000345929', 'https://ai-image.weshop.com/20250911_1_3c3602d7-777f-4655-98a1-78e4248a2e6d_1024x1280.png_crop512.jpeg', 38, '10000346014', 'https://ai-image.weshop.com/20250911_1_8c5b0ebd-2d76-4adc-ad78-690c53e825bd_1200x1800.png_width256.webp', 2, 'http://t2oo80zmt.hb-bkt.clouddn.com/pic/cloth4.jpg', '0', '', '2025-09-17 10:02:31', '', NULL, '');
INSERT INTO `we_look` VALUES (154, '1+bsd4+bsd2+bsd11', NULL, NULL, NULL, '1', 3, '10000345929', 'https://ai-image.weshop.com/20250911_1_3c3602d7-777f-4655-98a1-78e4248a2e6d_1024x1280.png_crop512.jpeg', 39, '10000346013', 'https://ai-image.weshop.com/20250911_1_bb77704c-cd10-47a2-8e03-f685ea96fb34_688x864.png_width256.webp', 2, 'http://t2oo80zmt.hb-bkt.clouddn.com/pic/cloth4.jpg', '0', '', '2025-09-17 10:02:31', '', NULL, '');
INSERT INTO `we_look` VALUES (155, '1+bsd4+bsd2+bsd10', NULL, NULL, NULL, '1', 3, '10000345929', 'https://ai-image.weshop.com/20250911_1_3c3602d7-777f-4655-98a1-78e4248a2e6d_1024x1280.png_crop512.jpeg', 40, '10000346012', 'https://ai-image.weshop.com/20250911_1_a4ce2d52-3402-4afc-9aa5-9d81486799be_824x976.png_width256.webp', 2, 'http://t2oo80zmt.hb-bkt.clouddn.com/pic/cloth4.jpg', '0', '', '2025-09-17 10:02:31', '', NULL, '');
INSERT INTO `we_look` VALUES (156, '1+bsd4+bsd2+bsd9', NULL, NULL, NULL, '1', 3, '10000345929', 'https://ai-image.weshop.com/20250911_1_3c3602d7-777f-4655-98a1-78e4248a2e6d_1024x1280.png_crop512.jpeg', 41, '10000346010', 'https://ai-image.weshop.com/20250911_1_e56cdb23-8729-4f48-af6c-3c4f2356acaa_736x976.png_width256.webp', 2, 'http://t2oo80zmt.hb-bkt.clouddn.com/pic/cloth4.jpg', '0', '', '2025-09-17 10:02:31', '', NULL, '');
INSERT INTO `we_look` VALUES (157, '1+bsd4+bsd2+bsd8', NULL, NULL, NULL, '1', 3, '10000345929', 'https://ai-image.weshop.com/20250911_1_3c3602d7-777f-4655-98a1-78e4248a2e6d_1024x1280.png_crop512.jpeg', 42, '10000346009', 'https://ai-image.weshop.com/20250911_1_5d9765f2-4a6b-4121-88c1-e041fd534ca2_960x1280.png_width256.webp', 2, 'http://t2oo80zmt.hb-bkt.clouddn.com/pic/cloth4.jpg', '0', '', '2025-09-17 10:02:31', '', NULL, '');
INSERT INTO `we_look` VALUES (158, '1+bsd4+bsd2+bsd7', NULL, NULL, NULL, '1', 3, '10000345929', 'https://ai-image.weshop.com/20250911_1_3c3602d7-777f-4655-98a1-78e4248a2e6d_1024x1280.png_crop512.jpeg', 43, '10000346008', 'https://ai-image.weshop.com/20250911_1_bca6ab36-22e2-40f6-8b22-9e32e5b2334a_848x1280.png_width256.webp', 2, 'http://t2oo80zmt.hb-bkt.clouddn.com/pic/cloth4.jpg', '0', '', '2025-09-17 10:02:31', '', NULL, '');
INSERT INTO `we_look` VALUES (159, '1+bsd4+bsd2+bsd6', NULL, NULL, NULL, '1', 3, '10000345929', 'https://ai-image.weshop.com/20250911_1_3c3602d7-777f-4655-98a1-78e4248a2e6d_1024x1280.png_crop512.jpeg', 44, '10000346007', 'https://ai-image.weshop.com/20250911_1_ca8c45bc-8a0c-4416-ae7d-eaae540ee761_736x1208.png_width256.webp', 2, 'http://t2oo80zmt.hb-bkt.clouddn.com/pic/cloth4.jpg', '0', '', '2025-09-17 10:02:31', '', NULL, '');
INSERT INTO `we_look` VALUES (160, '1+bsd4+bsd2+bsd5', NULL, NULL, NULL, '1', 3, '10000345929', 'https://ai-image.weshop.com/20250911_1_3c3602d7-777f-4655-98a1-78e4248a2e6d_1024x1280.png_crop512.jpeg', 45, '10000346006', 'https://ai-image.weshop.com/20250911_1_d9a92c70-20e2-40b5-9fc0-ff56e04cb504_736x1096.png_width256.webp', 2, 'http://t2oo80zmt.hb-bkt.clouddn.com/pic/cloth4.jpg', '0', '', '2025-09-17 10:02:31', '', NULL, '');
INSERT INTO `we_look` VALUES (161, '1+bsd4+bsd2+bsd4', NULL, NULL, NULL, '1', 3, '10000345929', 'https://ai-image.weshop.com/20250911_1_3c3602d7-777f-4655-98a1-78e4248a2e6d_1024x1280.png_crop512.jpeg', 46, '10000346005', 'https://ai-image.weshop.com/20250911_1_2bbb454e-e189-4983-a1f5-d974ce7a4679_960x1280.png_width256.webp', 2, 'http://t2oo80zmt.hb-bkt.clouddn.com/pic/cloth4.jpg', '0', '', '2025-09-17 10:02:31', '', NULL, '');
INSERT INTO `we_look` VALUES (162, '1+bsd4+bsd2+bsd3', NULL, NULL, NULL, '1', 3, '10000345929', 'https://ai-image.weshop.com/20250911_1_3c3602d7-777f-4655-98a1-78e4248a2e6d_1024x1280.png_crop512.jpeg', 47, '10000345963', 'https://ai-image.weshop.com/20250911_1_2bc4ee3f-a212-46a0-bcc7-27be02017da2_800x1200.png_width256.webp', 2, 'http://t2oo80zmt.hb-bkt.clouddn.com/pic/cloth4.jpg', '0', '', '2025-09-17 10:02:31', '', NULL, '');
INSERT INTO `we_look` VALUES (163, '1+bsd4+bsd2+bsd2', NULL, NULL, NULL, '1', 3, '10000345929', 'https://ai-image.weshop.com/20250911_1_3c3602d7-777f-4655-98a1-78e4248a2e6d_1024x1280.png_crop512.jpeg', 48, '10000345961', 'https://ai-image.weshop.com/20250911_1_aad04a58-9523-4bd9-a9e3-d282401e0d8e_1024x1280.png_width256.webp', 2, 'http://t2oo80zmt.hb-bkt.clouddn.com/pic/cloth4.jpg', '0', '', '2025-09-17 10:02:31', '', NULL, '');
INSERT INTO `we_look` VALUES (164, '1+bsd4+bsd2+bsd1', NULL, NULL, NULL, '1', 3, '10000345929', 'https://ai-image.weshop.com/20250911_1_3c3602d7-777f-4655-98a1-78e4248a2e6d_1024x1280.png_crop512.jpeg', 49, '10000345954', 'https://ai-image.weshop.com/20250911_1_b52b9ed0-37f1-495e-b0bc-1b37f3e9d689_848x1280.png_width256.webp', 2, 'http://t2oo80zmt.hb-bkt.clouddn.com/pic/cloth4.jpg', '0', '', '2025-09-17 10:02:31', '', NULL, '');
INSERT INTO `we_look` VALUES (165, '1+cloth1+bsd1+bsd49', 'https://ai-image.weshop.com/20250917_1_a633af99-6443-42d1-9fad-63d2961136c5_1208x1859.png', '68ca47097af440cb455c41a0', '68ca4709cdf25c6b459ad0ce', '1', 2, '10000345931', 'https://ai-image.weshop.com/20250911_1_805bf342-a8f1-4960-b233-7d5103fdcb9c_640x800.png_crop512.jpeg', 9, '10000346067', 'https://ai-image.weshop.com/20250911_1_3a1da09c-7f5d-4b02-89df-5ea02190ffcc_744x1256.png_width256.webp', 3, 'http://t2oo80zmt.hb-bkt.clouddn.com/pic/cloth1.jpg', '0', '', '2025-09-17 13:27:25', '', '2025-09-17 13:31:12', '');
INSERT INTO `we_look` VALUES (166, '1+cloth1+bsd1+bsd50', 'https://ai-image.weshop.com/20250917_1_89e4f5ef-c16a-4e1f-988e-130d91a57010_1328x1927.png', '68ca47a0cdf25c6b459ad0d3', '68ca47a07af440cb455c41a2', '1', 2, '10000345931', 'https://ai-image.weshop.com/20250911_1_805bf342-a8f1-4960-b233-7d5103fdcb9c_640x800.png_crop512.jpeg', 10, '10000346066', 'https://ai-image.weshop.com/20250911_1_a107ad80-70ae-45f8-a25a-d64d3969b8f2_744x1080.png_width256.webp', 3, 'http://t2oo80zmt.hb-bkt.clouddn.com/pic/cloth1.jpg', '0', '', '2025-09-17 13:27:25', '', '2025-09-17 13:33:33', '');
INSERT INTO `we_look` VALUES (167, '1+cloth1+bsd1+bsd48', 'https://ai-image.weshop.com/20250917_1_62888c00-f71d-463a-ad0d-10f49a301e44_1208x1679.png', '68ca482d7af440cb455c41e1', '68ca482ecdf25c6b459ad12a', '1', 2, '10000345931', 'https://ai-image.weshop.com/20250911_1_805bf342-a8f1-4960-b233-7d5103fdcb9c_640x800.png_crop512.jpeg', 11, '10000346063', 'https://ai-image.weshop.com/20250911_1_39ec5c4b-746a-49c4-9a4d-8db455c313d1_744x1040.png_width256.webp', 3, 'http://t2oo80zmt.hb-bkt.clouddn.com/pic/cloth1.jpg', '0', '', '2025-09-17 13:27:25', '', '2025-09-17 13:36:09', '');
INSERT INTO `we_look` VALUES (168, '1+cloth1+bsd1+bsd47', 'https://ai-image.weshop.com/20250917_1_d098414c-b144-4475-b721-081dafb178ea_1192x1519.png', '68ca48c9cdf25c6b459ad143', '68ca48c97af440cb455c41e9', '1', 2, '10000345931', 'https://ai-image.weshop.com/20250911_1_805bf342-a8f1-4960-b233-7d5103fdcb9c_640x800.png_crop512.jpeg', 12, '10000346062', 'https://ai-image.weshop.com/20250911_1_4c4ae953-bbb2-4a99-92e4-da58285b96cb_784x1000.png_width256.webp', 3, 'http://t2oo80zmt.hb-bkt.clouddn.com/pic/cloth1.jpg', '0', '', '2025-09-17 13:27:25', '', '2025-09-17 13:38:31', '');
INSERT INTO `we_look` VALUES (169, '1+cloth1+bsd1+bsd46', 'https://ai-image.weshop.com/20250917_1_98b4cace-9fe3-4649-ac10-020968cb7e5b_1400x1919.png', '68ca4957cdf25c6b459ad146', '68ca4957cdf25c6b459ad148', '1', 2, '10000345931', 'https://ai-image.weshop.com/20250911_1_805bf342-a8f1-4960-b233-7d5103fdcb9c_640x800.png_crop512.jpeg', 13, '10000346060', 'https://ai-image.weshop.com/20250911_1_07328ac2-e8ee-4419-9a8c-e33634322c86_704x960.png_width256.webp', 3, 'http://t2oo80zmt.hb-bkt.clouddn.com/pic/cloth1.jpg', '0', '', '2025-09-17 13:27:25', '', '2025-09-17 13:41:03', '');
INSERT INTO `we_look` VALUES (170, '1+cloth1+bsd1+bsd44', 'https://ai-image.weshop.com/20250917_1_22885cd0-2e62-4935-bc89-8e3015075f1f_1312x1833.png', '68ca49efcdf25c6b459ad17b', '68ca49f07af440cb455c4205', '1', 2, '10000345931', 'https://ai-image.weshop.com/20250911_1_805bf342-a8f1-4960-b233-7d5103fdcb9c_640x800.png_crop512.jpeg', 14, '10000346050', 'https://ai-image.weshop.com/20250911_1_52d79728-9a20-4301-9200-6c37422abbd0_848x1280.png_width256.webp', 3, 'http://t2oo80zmt.hb-bkt.clouddn.com/pic/cloth1.jpg', '0', '', '2025-09-17 13:27:25', '', '2025-09-17 13:43:43', '');
INSERT INTO `we_look` VALUES (171, '1+cloth1+bsd1+bsd42', 'https://ai-image.weshop.com/20250917_1_f67d1e78-6a8f-4029-82fe-09b2c15615a4_1136x1946.png', '68ca4a8fcdf25c6b459ad19e', '68ca4a8f7af440cb455c4234', '1', 2, '10000345931', 'https://ai-image.weshop.com/20250911_1_805bf342-a8f1-4960-b233-7d5103fdcb9c_640x800.png_crop512.jpeg', 15, '10000346048', 'https://ai-image.weshop.com/20250911_1_0f640235-a7be-49ba-a397-d846fa88cdb0_672x1200.png_width256.webp', 3, 'http://t2oo80zmt.hb-bkt.clouddn.com/pic/cloth1.jpg', '0', '', '2025-09-17 13:27:25', '', '2025-09-17 13:45:42', '');
INSERT INTO `we_look` VALUES (172, '1+cloth1+bsd1+bsd40', 'https://ai-image.weshop.com/20250917_1_f414af95-bdae-4cab-9956-b06b8f3681bb_1256x1828.png', '68ca4b07cdf25c6b459ad1a2', '68ca4b077af440cb455c4238', '1', 2, '10000345931', 'https://ai-image.weshop.com/20250911_1_805bf342-a8f1-4960-b233-7d5103fdcb9c_640x800.png_crop512.jpeg', 16, '10000346046', 'https://ai-image.weshop.com/20250911_1_4418010f-b529-4512-88fc-503fb949a451_848x1280.png_width256.webp', 3, 'http://t2oo80zmt.hb-bkt.clouddn.com/pic/cloth1.jpg', '0', '', '2025-09-17 13:27:25', '', '2025-09-17 13:48:18', '');
INSERT INTO `we_look` VALUES (173, '1+cloth1+bsd1+bsd39', 'https://ai-image.weshop.com/20250917_1_44b21c9e-44f0-4341-8e01-1dd98d8a3560_1200x1599.png', '68ca4ba27af440cb455c4274', '68ca4ba2cdf25c6b459ad1d9', '1', 2, '10000345931', 'https://ai-image.weshop.com/20250911_1_805bf342-a8f1-4960-b233-7d5103fdcb9c_640x800.png_crop512.jpeg', 17, '10000346045', 'https://ai-image.weshop.com/20250911_1_2eadc294-7d79-4b40-ad16-abbaea4e4737_736x976.png_width256.webp', 3, 'http://t2oo80zmt.hb-bkt.clouddn.com/pic/cloth1.jpg', '0', '', '2025-09-17 13:27:25', '', '2025-09-17 13:50:39', '');
INSERT INTO `we_look` VALUES (174, '1+cloth1+bsd1+bsd38', 'https://ai-image.weshop.com/20250917_1_42bdec4d-f619-460a-97bb-587563d7e9fb_936x1327.png', '68ca4c2fcdf25c6b459ad1ea', '68ca4c2f7af440cb455c4279', '1', 2, '10000345931', 'https://ai-image.weshop.com/20250911_1_805bf342-a8f1-4960-b233-7d5103fdcb9c_640x800.png_crop512.jpeg', 18, '10000346043', 'https://ai-image.weshop.com/20250911_1_919e5825-7b95-4b2c-93c0-48b19f8f134b_912x1280.png_width256.webp', 3, 'http://t2oo80zmt.hb-bkt.clouddn.com/pic/cloth1.jpg', '0', '', '2025-09-17 13:27:25', '', '2025-09-17 13:52:29', '');
INSERT INTO `we_look` VALUES (175, '1+cloth1+bsd1+bsd36', 'https://ai-image.weshop.com/20250918_1_51169f7b-3aac-4311-8920-e24fb56c052d_984x1279.png', '68cb99607af440cb455c6a42', '68cb9960cdf25c6b459af9a0', '1', 2, '10000345931', 'https://ai-image.weshop.com/20250911_1_805bf342-a8f1-4960-b233-7d5103fdcb9c_640x800.png_crop512.jpeg', 19, '10000346041', 'https://ai-image.weshop.com/20250911_1_8ca1bf47-8c4b-4019-a4e4-ad3f25c43236_728x944.png_width256.webp', 3, 'http://t2oo80zmt.hb-bkt.clouddn.com/pic/cloth1.jpg', '0', '', '2025-09-17 13:27:25', '', '2025-09-18 13:35:09', '');
INSERT INTO `we_look` VALUES (176, '1+cloth1+bsd1+bsd34', 'https://ai-image.weshop.com/20250918_1_c7839715-52b5-4b66-bfa4-3741beb4492f_1328x1903.png', '68cb9960cdf25c6b459af99e', '68cb9960cdf25c6b459af9a4', '1', 2, '10000345931', 'https://ai-image.weshop.com/20250911_1_805bf342-a8f1-4960-b233-7d5103fdcb9c_640x800.png_crop512.jpeg', 20, '10000346039', 'https://ai-image.weshop.com/20250911_1_04edf1af-f363-45fd-a707-286eede93b74_736x1056.png_width256.webp', 3, 'http://t2oo80zmt.hb-bkt.clouddn.com/pic/cloth1.jpg', '0', '', '2025-09-17 13:27:25', '', '2025-09-18 13:36:26', '');
INSERT INTO `we_look` VALUES (177, '1+cloth1+bsd1+bsd33', 'https://ai-image.weshop.com/20250918_1_f8ca7fc3-1b00-4dd2-9cb6-90018f004742_1496x1940.png', '68cb99607af440cb455c6a3c', '68cb99607af440cb455c6a3e', '1', 2, '10000345931', 'https://ai-image.weshop.com/20250911_1_805bf342-a8f1-4960-b233-7d5103fdcb9c_640x800.png_crop512.jpeg', 21, '10000346038', 'https://ai-image.weshop.com/20250911_1_e91744e7-25a0-4883-8363-674ce3a83394_736x976.png_width256.webp', 3, 'http://t2oo80zmt.hb-bkt.clouddn.com/pic/cloth1.jpg', '0', '', '2025-09-17 13:27:25', '', '2025-09-18 13:34:59', '');
INSERT INTO `we_look` VALUES (178, '1+cloth1+bsd1+bsd28', 'https://ai-image.weshop.com/20250918_1_993cdf93-7f95-4d3f-86b0-103c78bb15f5_1624x2031.png', '68cb995f7af440cb455c6a36', '68cb995f7af440cb455c6a38', '1', 2, '10000345931', 'https://ai-image.weshop.com/20250911_1_805bf342-a8f1-4960-b233-7d5103fdcb9c_640x800.png_crop512.jpeg', 22, '10000346032', 'https://ai-image.weshop.com/20250911_1_5a5b83fe-7fbd-462f-b896-6111791dcd8b_736x920.png_width256.webp', 3, 'http://t2oo80zmt.hb-bkt.clouddn.com/pic/cloth1.jpg', '0', '', '2025-09-17 13:27:25', '', '2025-09-18 13:35:39', '');
INSERT INTO `we_look` VALUES (179, '1+cloth1+bsd1+bsd27', 'https://ai-image.weshop.com/20250918_1_83bc654a-5b84-4287-9828-d5af8af4b0da_1536x2018.png', '68cb9960cdf25c6b459af9a8', '68cb9961cdf25c6b459af9b0', '1', 2, '10000345931', 'https://ai-image.weshop.com/20250911_1_805bf342-a8f1-4960-b233-7d5103fdcb9c_640x800.png_crop512.jpeg', 23, '10000346031', 'https://ai-image.weshop.com/20250911_1_f5b95b6f-c769-427b-9fc2-fb0b4e0cc128_960x1280.jpg_width256.webp', 3, 'http://t2oo80zmt.hb-bkt.clouddn.com/pic/cloth1.jpg', '0', '', '2025-09-17 13:27:25', '', '2025-09-18 13:35:51', '');
INSERT INTO `we_look` VALUES (180, '1+cloth1+bsd1+bsd26', 'https://ai-image.weshop.com/20250918_1_f9b8bc4c-3169-49b5-abac-b2e10589cf88_1624x2023.png', '68cb99607af440cb455c6a48', '68cb99607af440cb455c6a4a', '1', 2, '10000345931', 'https://ai-image.weshop.com/20250911_1_805bf342-a8f1-4960-b233-7d5103fdcb9c_640x800.png_crop512.jpeg', 24, '10000346030', 'https://ai-image.weshop.com/20250911_1_f9a3bf2e-41c7-4ea1-b8ef-cdb8bb11dd03_744x936.png_width256.webp', 3, 'http://t2oo80zmt.hb-bkt.clouddn.com/pic/cloth1.jpg', '0', '', '2025-09-17 13:27:25', '', '2025-09-18 13:36:31', '');
INSERT INTO `we_look` VALUES (181, '1+cloth1+bsd1+bsd25', 'https://ai-image.weshop.com/20250918_1_87e41e6b-7143-42be-9bc5-3401af8fd68c_1168x1631.png', '68cb99607af440cb455c6a44', '68cb99607af440cb455c6a50', '1', 2, '10000345931', 'https://ai-image.weshop.com/20250911_1_805bf342-a8f1-4960-b233-7d5103fdcb9c_640x800.png_crop512.jpeg', 25, '10000346029', 'https://ai-image.weshop.com/20250911_1_ad50ea7e-06ca-49fa-9e6a-1130cd96d3fb_648x904.png_width256.webp', 3, 'http://t2oo80zmt.hb-bkt.clouddn.com/pic/cloth1.jpg', '0', '', '2025-09-17 13:27:25', '', '2025-09-18 13:36:06', '');
INSERT INTO `we_look` VALUES (182, '1+cloth1+bsd1+bsd24', 'https://ai-image.weshop.com/20250918_1_30ce63f5-10f9-4d85-84f0-78c99b88e4e5_1304x1647.png', '68cb99607af440cb455c6a46', '68cb9961cdf25c6b459af9ac', '1', 2, '10000345931', 'https://ai-image.weshop.com/20250911_1_805bf342-a8f1-4960-b233-7d5103fdcb9c_640x800.png_crop512.jpeg', 26, '10000346028', 'https://ai-image.weshop.com/20250911_1_9e3df97c-88d7-4211-8935-16077442d97a_560x704.png_width256.webp', 3, 'http://t2oo80zmt.hb-bkt.clouddn.com/pic/cloth1.jpg', '0', '', '2025-09-17 13:27:25', '', '2025-09-18 13:36:11', '');
INSERT INTO `we_look` VALUES (183, '1+cloth1+bsd1+bsd23', 'https://ai-image.weshop.com/20250918_1_185911f6-d016-4e8a-80fb-f6385e21c7ca_968x1295.png', '68cb99607af440cb455c6a4e', '68cb99617af440cb455c6a54', '1', 2, '10000345931', 'https://ai-image.weshop.com/20250911_1_805bf342-a8f1-4960-b233-7d5103fdcb9c_640x800.png_crop512.jpeg', 27, '10000346027', 'https://ai-image.weshop.com/20250911_1_642eac92-3a3a-4f43-a730-66ebc3640229_728x976.png_width256.webp', 3, 'http://t2oo80zmt.hb-bkt.clouddn.com/pic/cloth1.jpg', '0', '', '2025-09-17 13:27:25', '', '2025-09-18 13:36:21', '');
INSERT INTO `we_look` VALUES (184, '1+cloth1+bsd1+bsd22', 'https://ai-image.weshop.com/20250918_1_dcdc0974-de28-4fbb-87a5-b23746dd8123_1088x1455.png', '68cb9960cdf25c6b459af9aa', '68cb99617af440cb455c6a58', '1', 2, '10000345931', 'https://ai-image.weshop.com/20250911_1_805bf342-a8f1-4960-b233-7d5103fdcb9c_640x800.png_crop512.jpeg', 28, '10000346026', 'https://ai-image.weshop.com/20250911_1_c67fae69-aa79-47cb-bc8e-950865ab1a28_720x960.png_width256.webp', 3, 'http://t2oo80zmt.hb-bkt.clouddn.com/pic/cloth1.jpg', '0', '', '2025-09-17 13:27:25', '', '2025-09-18 13:36:11', '');
INSERT INTO `we_look` VALUES (185, '1+cloth1+bsd1+bsd21', NULL, NULL, NULL, '1', 2, '10000345931', 'https://ai-image.weshop.com/20250911_1_805bf342-a8f1-4960-b233-7d5103fdcb9c_640x800.png_crop512.jpeg', 29, '10000346025', 'https://ai-image.weshop.com/20250911_1_5e6e1718-6d12-4ae9-b4a4-39910c582956_736x1104.png_width256.webp', 3, 'http://t2oo80zmt.hb-bkt.clouddn.com/pic/cloth1.jpg', '0', '', '2025-09-17 13:27:25', '', NULL, '');
INSERT INTO `we_look` VALUES (186, '1+cloth1+bsd1+bsd20', NULL, NULL, NULL, '1', 2, '10000345931', 'https://ai-image.weshop.com/20250911_1_805bf342-a8f1-4960-b233-7d5103fdcb9c_640x800.png_crop512.jpeg', 30, '10000346024', 'https://ai-image.weshop.com/20250911_1_e89f2e0a-0d58-42f7-9f69-c9d74bf7f2a2_736x920.png_width256.webp', 3, 'http://t2oo80zmt.hb-bkt.clouddn.com/pic/cloth1.jpg', '0', '', '2025-09-17 13:27:25', '', NULL, '');
INSERT INTO `we_look` VALUES (187, '1+cloth1+bsd1+bsd19', NULL, NULL, NULL, '1', 2, '10000345931', 'https://ai-image.weshop.com/20250911_1_805bf342-a8f1-4960-b233-7d5103fdcb9c_640x800.png_crop512.jpeg', 31, '10000346023', 'https://ai-image.weshop.com/20250911_1_9ff12b24-3ade-496b-afd9-bf26fa06e222_960x1200.png_width256.webp', 3, 'http://t2oo80zmt.hb-bkt.clouddn.com/pic/cloth1.jpg', '0', '', '2025-09-17 13:27:25', '', NULL, '');
INSERT INTO `we_look` VALUES (188, '1+cloth1+bsd1+bsd18', NULL, NULL, NULL, '1', 2, '10000345931', 'https://ai-image.weshop.com/20250911_1_805bf342-a8f1-4960-b233-7d5103fdcb9c_640x800.png_crop512.jpeg', 32, '10000346022', 'https://ai-image.weshop.com/20250911_1_6b2a74f8-1686-4982-9cf5-9a17fe17c9e1_792x1064.png_width256.webp', 3, 'http://t2oo80zmt.hb-bkt.clouddn.com/pic/cloth1.jpg', '0', '', '2025-09-17 13:27:25', '', NULL, '');
INSERT INTO `we_look` VALUES (189, '1+cloth1+bsd1+bsd17', NULL, NULL, NULL, '1', 2, '10000345931', 'https://ai-image.weshop.com/20250911_1_805bf342-a8f1-4960-b233-7d5103fdcb9c_640x800.png_crop512.jpeg', 33, '10000346021', 'https://ai-image.weshop.com/20250911_1_82fb3619-f06b-4101-a0fb-26891ae93a59_736x1104.png_width256.webp', 3, 'http://t2oo80zmt.hb-bkt.clouddn.com/pic/cloth1.jpg', '0', '', '2025-09-17 13:27:25', '', NULL, '');
INSERT INTO `we_look` VALUES (190, '1+cloth1+bsd1+bsd16', NULL, NULL, NULL, '1', 2, '10000345931', 'https://ai-image.weshop.com/20250911_1_805bf342-a8f1-4960-b233-7d5103fdcb9c_640x800.png_crop512.jpeg', 34, '10000346019', 'https://ai-image.weshop.com/20250911_1_98339ef4-e21c-49d1-b429-acac0d55cd11_1080x1440.png_width256.webp', 3, 'http://t2oo80zmt.hb-bkt.clouddn.com/pic/cloth1.jpg', '0', '', '2025-09-17 13:27:25', '', NULL, '');
INSERT INTO `we_look` VALUES (191, '1+cloth1+bsd1+bsd15', NULL, NULL, NULL, '1', 2, '10000345931', 'https://ai-image.weshop.com/20250911_1_805bf342-a8f1-4960-b233-7d5103fdcb9c_640x800.png_crop512.jpeg', 35, '10000346018', 'https://ai-image.weshop.com/20250911_1_af0add17-912e-4b9b-b6ea-028ba6a32874_736x1104.png_width256.webp', 3, 'http://t2oo80zmt.hb-bkt.clouddn.com/pic/cloth1.jpg', '0', '', '2025-09-17 13:27:25', '', NULL, '');
INSERT INTO `we_look` VALUES (192, '1+cloth1+bsd1+bsd14', NULL, NULL, NULL, '1', 2, '10000345931', 'https://ai-image.weshop.com/20250911_1_805bf342-a8f1-4960-b233-7d5103fdcb9c_640x800.png_crop512.jpeg', 36, '10000346017', 'https://ai-image.weshop.com/20250911_1_5c487bab-3b9d-4b28-8fab-8eb261ddcebd_824x536.png_width256.webp', 3, 'http://t2oo80zmt.hb-bkt.clouddn.com/pic/cloth1.jpg', '0', '', '2025-09-17 13:27:25', '', NULL, '');
INSERT INTO `we_look` VALUES (193, '1+cloth1+bsd1+bsd13', NULL, NULL, NULL, '1', 2, '10000345931', 'https://ai-image.weshop.com/20250911_1_805bf342-a8f1-4960-b233-7d5103fdcb9c_640x800.png_crop512.jpeg', 37, '10000346016', 'https://ai-image.weshop.com/20250911_1_ea6b5c44-ea9f-4d1d-8fd6-eb8f97104589_1080x1344.png_width256.webp', 3, 'http://t2oo80zmt.hb-bkt.clouddn.com/pic/cloth1.jpg', '0', '', '2025-09-17 13:27:25', '', NULL, '');
INSERT INTO `we_look` VALUES (194, '1+cloth1+bsd1+bsd12', NULL, NULL, NULL, '1', 2, '10000345931', 'https://ai-image.weshop.com/20250911_1_805bf342-a8f1-4960-b233-7d5103fdcb9c_640x800.png_crop512.jpeg', 38, '10000346014', 'https://ai-image.weshop.com/20250911_1_8c5b0ebd-2d76-4adc-ad78-690c53e825bd_1200x1800.png_width256.webp', 3, 'http://t2oo80zmt.hb-bkt.clouddn.com/pic/cloth1.jpg', '0', '', '2025-09-17 13:27:25', '', NULL, '');
INSERT INTO `we_look` VALUES (195, '1+cloth1+bsd1+bsd11', NULL, NULL, NULL, '1', 2, '10000345931', 'https://ai-image.weshop.com/20250911_1_805bf342-a8f1-4960-b233-7d5103fdcb9c_640x800.png_crop512.jpeg', 39, '10000346013', 'https://ai-image.weshop.com/20250911_1_bb77704c-cd10-47a2-8e03-f685ea96fb34_688x864.png_width256.webp', 3, 'http://t2oo80zmt.hb-bkt.clouddn.com/pic/cloth1.jpg', '0', '', '2025-09-17 13:27:25', '', NULL, '');
INSERT INTO `we_look` VALUES (196, '1+cloth1+bsd1+bsd10', NULL, NULL, NULL, '1', 2, '10000345931', 'https://ai-image.weshop.com/20250911_1_805bf342-a8f1-4960-b233-7d5103fdcb9c_640x800.png_crop512.jpeg', 40, '10000346012', 'https://ai-image.weshop.com/20250911_1_a4ce2d52-3402-4afc-9aa5-9d81486799be_824x976.png_width256.webp', 3, 'http://t2oo80zmt.hb-bkt.clouddn.com/pic/cloth1.jpg', '0', '', '2025-09-17 13:27:25', '', NULL, '');
INSERT INTO `we_look` VALUES (197, '1+cloth1+bsd1+bsd9', NULL, NULL, NULL, '1', 2, '10000345931', 'https://ai-image.weshop.com/20250911_1_805bf342-a8f1-4960-b233-7d5103fdcb9c_640x800.png_crop512.jpeg', 41, '10000346010', 'https://ai-image.weshop.com/20250911_1_e56cdb23-8729-4f48-af6c-3c4f2356acaa_736x976.png_width256.webp', 3, 'http://t2oo80zmt.hb-bkt.clouddn.com/pic/cloth1.jpg', '0', '', '2025-09-17 13:27:25', '', NULL, '');
INSERT INTO `we_look` VALUES (198, '1+cloth1+bsd1+bsd8', NULL, NULL, NULL, '1', 2, '10000345931', 'https://ai-image.weshop.com/20250911_1_805bf342-a8f1-4960-b233-7d5103fdcb9c_640x800.png_crop512.jpeg', 42, '10000346009', 'https://ai-image.weshop.com/20250911_1_5d9765f2-4a6b-4121-88c1-e041fd534ca2_960x1280.png_width256.webp', 3, 'http://t2oo80zmt.hb-bkt.clouddn.com/pic/cloth1.jpg', '0', '', '2025-09-17 13:27:25', '', NULL, '');
INSERT INTO `we_look` VALUES (199, '1+cloth1+bsd1+bsd7', NULL, NULL, NULL, '1', 2, '10000345931', 'https://ai-image.weshop.com/20250911_1_805bf342-a8f1-4960-b233-7d5103fdcb9c_640x800.png_crop512.jpeg', 43, '10000346008', 'https://ai-image.weshop.com/20250911_1_bca6ab36-22e2-40f6-8b22-9e32e5b2334a_848x1280.png_width256.webp', 3, 'http://t2oo80zmt.hb-bkt.clouddn.com/pic/cloth1.jpg', '0', '', '2025-09-17 13:27:25', '', NULL, '');
INSERT INTO `we_look` VALUES (200, '1+cloth1+bsd1+bsd6', NULL, NULL, NULL, '1', 2, '10000345931', 'https://ai-image.weshop.com/20250911_1_805bf342-a8f1-4960-b233-7d5103fdcb9c_640x800.png_crop512.jpeg', 44, '10000346007', 'https://ai-image.weshop.com/20250911_1_ca8c45bc-8a0c-4416-ae7d-eaae540ee761_736x1208.png_width256.webp', 3, 'http://t2oo80zmt.hb-bkt.clouddn.com/pic/cloth1.jpg', '0', '', '2025-09-17 13:27:25', '', NULL, '');
INSERT INTO `we_look` VALUES (201, '1+cloth1+bsd1+bsd5', NULL, NULL, NULL, '1', 2, '10000345931', 'https://ai-image.weshop.com/20250911_1_805bf342-a8f1-4960-b233-7d5103fdcb9c_640x800.png_crop512.jpeg', 45, '10000346006', 'https://ai-image.weshop.com/20250911_1_d9a92c70-20e2-40b5-9fc0-ff56e04cb504_736x1096.png_width256.webp', 3, 'http://t2oo80zmt.hb-bkt.clouddn.com/pic/cloth1.jpg', '0', '', '2025-09-17 13:27:25', '', NULL, '');
INSERT INTO `we_look` VALUES (202, '1+cloth1+bsd1+bsd4', NULL, NULL, NULL, '1', 2, '10000345931', 'https://ai-image.weshop.com/20250911_1_805bf342-a8f1-4960-b233-7d5103fdcb9c_640x800.png_crop512.jpeg', 46, '10000346005', 'https://ai-image.weshop.com/20250911_1_2bbb454e-e189-4983-a1f5-d974ce7a4679_960x1280.png_width256.webp', 3, 'http://t2oo80zmt.hb-bkt.clouddn.com/pic/cloth1.jpg', '0', '', '2025-09-17 13:27:25', '', NULL, '');
INSERT INTO `we_look` VALUES (203, '1+cloth1+bsd1+bsd3', NULL, NULL, NULL, '1', 2, '10000345931', 'https://ai-image.weshop.com/20250911_1_805bf342-a8f1-4960-b233-7d5103fdcb9c_640x800.png_crop512.jpeg', 47, '10000345963', 'https://ai-image.weshop.com/20250911_1_2bc4ee3f-a212-46a0-bcc7-27be02017da2_800x1200.png_width256.webp', 3, 'http://t2oo80zmt.hb-bkt.clouddn.com/pic/cloth1.jpg', '0', '', '2025-09-17 13:27:25', '', NULL, '');
INSERT INTO `we_look` VALUES (204, '1+cloth1+bsd1+bsd2', NULL, NULL, NULL, '1', 2, '10000345931', 'https://ai-image.weshop.com/20250911_1_805bf342-a8f1-4960-b233-7d5103fdcb9c_640x800.png_crop512.jpeg', 48, '10000345961', 'https://ai-image.weshop.com/20250911_1_aad04a58-9523-4bd9-a9e3-d282401e0d8e_1024x1280.png_width256.webp', 3, 'http://t2oo80zmt.hb-bkt.clouddn.com/pic/cloth1.jpg', '0', '', '2025-09-17 13:27:25', '', NULL, '');
INSERT INTO `we_look` VALUES (205, '1+cloth1+bsd1+bsd1', NULL, NULL, NULL, '1', 2, '10000345931', 'https://ai-image.weshop.com/20250911_1_805bf342-a8f1-4960-b233-7d5103fdcb9c_640x800.png_crop512.jpeg', 49, '10000345954', 'https://ai-image.weshop.com/20250911_1_b52b9ed0-37f1-495e-b0bc-1b37f3e9d689_848x1280.png_width256.webp', 3, 'http://t2oo80zmt.hb-bkt.clouddn.com/pic/cloth1.jpg', '0', '', '2025-09-17 13:27:25', '', NULL, '');
INSERT INTO `we_look` VALUES (206, '1+cloth1+bsd2+bsd49', 'https://ai-image.weshop.com/20250918_1_3bb6b202-ab25-4739-b05a-b50a5f60e8b7_1208x1859.png', '68cb997a7af440cb455c6a62', '68cb997a7af440cb455c6a64', '1', 3, '10000345929', 'https://ai-image.weshop.com/20250911_1_3c3602d7-777f-4655-98a1-78e4248a2e6d_1024x1280.png_crop512.jpeg', 9, '10000346067', 'https://ai-image.weshop.com/20250911_1_3a1da09c-7f5d-4b02-89df-5ea02190ffcc_744x1256.png_width256.webp', 3, 'http://t2oo80zmt.hb-bkt.clouddn.com/pic/cloth1.jpg', '0', '', '2025-09-17 13:27:25', '', '2025-09-18 13:36:17', '');
INSERT INTO `we_look` VALUES (207, '1+cloth1+bsd2+bsd50', 'https://ai-image.weshop.com/20250918_1_8011caab-73f9-4dce-8838-78aae5f18263_1328x1927.png', '68cb997bcdf25c6b459af9c1', NULL, '1', 3, '10000345929', 'https://ai-image.weshop.com/20250911_1_3c3602d7-777f-4655-98a1-78e4248a2e6d_1024x1280.png_crop512.jpeg', 10, '10000346066', 'https://ai-image.weshop.com/20250911_1_a107ad80-70ae-45f8-a25a-d64d3969b8f2_744x1080.png_width256.webp', 3, 'http://t2oo80zmt.hb-bkt.clouddn.com/pic/cloth1.jpg', '0', '', '2025-09-17 13:27:25', '', '2025-09-18 13:32:44', '');
INSERT INTO `we_look` VALUES (209, '1+cloth1+bsd2+bsd47', 'https://ai-image.weshop.com/20250918_1_1316d51f-1817-4dfe-bbfb-b202bc4530a0_1192x1519.png', '68cb997acdf25c6b459af9b8', '68cb997bcdf25c6b459af9ba', '1', 3, '10000345929', 'https://ai-image.weshop.com/20250911_1_3c3602d7-777f-4655-98a1-78e4248a2e6d_1024x1280.png_crop512.jpeg', 12, '10000346062', 'https://ai-image.weshop.com/20250911_1_4c4ae953-bbb2-4a99-92e4-da58285b96cb_784x1000.png_width256.webp', 3, 'http://t2oo80zmt.hb-bkt.clouddn.com/pic/cloth1.jpg', '0', '', '2025-09-17 13:27:25', '', '2025-09-18 13:35:16', '');
INSERT INTO `we_look` VALUES (211, '1+cloth1+bsd2+bsd44', 'https://ai-image.weshop.com/20250918_1_8ed3d25e-0cfa-417a-a0e4-2f2f811ac4a0_1312x1833.png', '68cb997b7af440cb455c6a6c', NULL, '1', 3, '10000345929', 'https://ai-image.weshop.com/20250911_1_3c3602d7-777f-4655-98a1-78e4248a2e6d_1024x1280.png_crop512.jpeg', 14, '10000346050', 'https://ai-image.weshop.com/20250911_1_52d79728-9a20-4301-9200-6c37422abbd0_848x1280.png_width256.webp', 3, 'http://t2oo80zmt.hb-bkt.clouddn.com/pic/cloth1.jpg', '0', '', '2025-09-17 13:27:25', '', '2025-09-18 13:32:45', '');
INSERT INTO `we_look` VALUES (212, '1+cloth1+bsd2+bsd42', 'https://ai-image.weshop.com/20250918_1_299069ab-5a91-4cd3-ac78-37d43e5162a0_1136x1946.png', '68cb997bcdf25c6b459af9c5', NULL, '1', 3, '10000345929', 'https://ai-image.weshop.com/20250911_1_3c3602d7-777f-4655-98a1-78e4248a2e6d_1024x1280.png_crop512.jpeg', 15, '10000346048', 'https://ai-image.weshop.com/20250911_1_0f640235-a7be-49ba-a397-d846fa88cdb0_672x1200.png_width256.webp', 3, 'http://t2oo80zmt.hb-bkt.clouddn.com/pic/cloth1.jpg', '0', '', '2025-09-17 13:27:25', '', '2025-09-18 13:32:44', '');
INSERT INTO `we_look` VALUES (213, '1+cloth1+bsd2+bsd40', 'https://ai-image.weshop.com/20250918_1_d73adae9-4cdb-4bef-b674-084a93907024_1256x1828.png', '68cb997bcdf25c6b459af9c3', NULL, '1', 3, '10000345929', 'https://ai-image.weshop.com/20250911_1_3c3602d7-777f-4655-98a1-78e4248a2e6d_1024x1280.png_crop512.jpeg', 16, '10000346046', 'https://ai-image.weshop.com/20250911_1_4418010f-b529-4512-88fc-503fb949a451_848x1280.png_width256.webp', 3, 'http://t2oo80zmt.hb-bkt.clouddn.com/pic/cloth1.jpg', '0', '', '2025-09-17 13:27:25', '', '2025-09-18 13:32:44', '');
INSERT INTO `we_look` VALUES (214, '1+cloth1+bsd2+bsd39', 'https://ai-image.weshop.com/20250918_1_176a5b1f-6fef-43d1-852e-8f8ebafdb870_1256x1828.png_preview.webp', '68cb997b7af440cb455c6a68', NULL, '1', 3, '10000345929', 'https://ai-image.weshop.com/20250911_1_3c3602d7-777f-4655-98a1-78e4248a2e6d_1024x1280.png_crop512.jpeg', 17, '10000346045', 'https://ai-image.weshop.com/20250911_1_2eadc294-7d79-4b40-ad16-abbaea4e4737_736x976.png_width256.webp', 3, 'http://t2oo80zmt.hb-bkt.clouddn.com/pic/cloth1.jpg', '0', '', '2025-09-17 13:27:25', '', '2025-09-18 13:32:44', '');
INSERT INTO `we_look` VALUES (215, '1+cloth1+bsd2+bsd38', 'https://ai-image.weshop.com/20250918_1_b130afa6-3a9d-476b-8158-fa2698ad8aa4_936x1327.png', '68cba01fcdf25c6b459afcd3', '68cba01f7af440cb455c6d39', '1', 3, '10000345929', 'https://ai-image.weshop.com/20250911_1_3c3602d7-777f-4655-98a1-78e4248a2e6d_1024x1280.png_crop512.jpeg', 18, '10000346043', 'https://ai-image.weshop.com/20250911_1_919e5825-7b95-4b2c-93c0-48b19f8f134b_912x1280.png_width256.webp', 3, 'http://t2oo80zmt.hb-bkt.clouddn.com/pic/cloth1.jpg', '0', '', '2025-09-17 13:27:25', '', '2025-09-18 14:02:51', '');
INSERT INTO `we_look` VALUES (216, '1+cloth1+bsd2+bsd36', 'https://ai-image.weshop.com/20250918_1_4021ab75-03c8-48ee-b34a-1261b727d74b_984x1279.png', '68cba01f7af440cb455c6d37', '68cba01fcdf25c6b459afcd5', '1', 3, '10000345929', 'https://ai-image.weshop.com/20250911_1_3c3602d7-777f-4655-98a1-78e4248a2e6d_1024x1280.png_crop512.jpeg', 19, '10000346041', 'https://ai-image.weshop.com/20250911_1_8ca1bf47-8c4b-4019-a4e4-ad3f25c43236_728x944.png_width256.webp', 3, 'http://t2oo80zmt.hb-bkt.clouddn.com/pic/cloth1.jpg', '0', '', '2025-09-17 13:27:25', '', '2025-09-18 14:02:56', '');
INSERT INTO `we_look` VALUES (217, '1+cloth1+bsd2+bsd34', 'https://ai-image.weshop.com/20250918_1_bd329813-51fe-4369-b5bb-7284bdc1a192_1328x1903.png', '68cb99867af440cb455c6a74', '68cb99867af440cb455c6a76', '1', 3, '10000345929', 'https://ai-image.weshop.com/20250911_1_3c3602d7-777f-4655-98a1-78e4248a2e6d_1024x1280.png_crop512.jpeg', 20, '10000346039', 'https://ai-image.weshop.com/20250911_1_04edf1af-f363-45fd-a707-286eede93b74_736x1056.png_width256.webp', 3, 'http://t2oo80zmt.hb-bkt.clouddn.com/pic/cloth1.jpg', '0', '', '2025-09-17 13:27:25', '', '2025-09-18 13:37:04', '');
INSERT INTO `we_look` VALUES (218, '1+cloth1+bsd2+bsd33', 'https://ai-image.weshop.com/20250918_1_7758fa20-8dd8-4dbc-b330-cf9404b595fb_1496x1941.png', '68cba043cdf25c6b459afce8', '68cba0447af440cb455c6d56', '1', 3, '10000345929', 'https://ai-image.weshop.com/20250911_1_3c3602d7-777f-4655-98a1-78e4248a2e6d_1024x1280.png_crop512.jpeg', 21, '10000346038', 'https://ai-image.weshop.com/20250911_1_e91744e7-25a0-4883-8363-674ce3a83394_736x976.png_width256.webp', 3, 'http://t2oo80zmt.hb-bkt.clouddn.com/pic/cloth1.jpg', '0', '', '2025-09-17 13:27:25', '', '2025-09-18 14:04:18', '');
INSERT INTO `we_look` VALUES (219, '1+cloth1+bsd2+bsd28', 'https://ai-image.weshop.com/20250918_1_b30099e1-47e1-4725-aed6-1b63db21b8fe_1624x2031.png', '68cb99867af440cb455c6a7a', '68cb99867af440cb455c6a7c', '1', 3, '10000345929', 'https://ai-image.weshop.com/20250911_1_3c3602d7-777f-4655-98a1-78e4248a2e6d_1024x1280.png_crop512.jpeg', 22, '10000346032', 'https://ai-image.weshop.com/20250911_1_5a5b83fe-7fbd-462f-b896-6111791dcd8b_736x920.png_width256.webp', 3, 'http://t2oo80zmt.hb-bkt.clouddn.com/pic/cloth1.jpg', '0', '', '2025-09-17 13:27:25', '', '2025-09-18 13:37:50', '');
INSERT INTO `we_look` VALUES (220, '1+cloth1+bsd2+bsd27', 'https://ai-image.weshop.com/20250918_1_a2d20e39-2a31-4885-ac4e-3b889edf237a_1536x2018.png', '68cba044cdf25c6b459afcee', '68cba044cdf25c6b459afcf0', '1', 3, '10000345929', 'https://ai-image.weshop.com/20250911_1_3c3602d7-777f-4655-98a1-78e4248a2e6d_1024x1280.png_crop512.jpeg', 23, '10000346031', 'https://ai-image.weshop.com/20250911_1_f5b95b6f-c769-427b-9fc2-fb0b4e0cc128_960x1280.jpg_width256.webp', 3, 'http://t2oo80zmt.hb-bkt.clouddn.com/pic/cloth1.jpg', '0', '', '2025-09-17 13:27:25', '', '2025-09-18 14:04:23', '');
INSERT INTO `we_look` VALUES (221, '1+cloth1+bsd2+bsd26', 'https://ai-image.weshop.com/20250918_1_f845c1dc-ae5c-4cbd-bdb4-1df31bdbd3bf_1624x2023.png', '68cb9986cdf25c6b459af9cc', '68cb9986cdf25c6b459af9ce', '1', 3, '10000345929', 'https://ai-image.weshop.com/20250911_1_3c3602d7-777f-4655-98a1-78e4248a2e6d_1024x1280.png_crop512.jpeg', 24, '10000346030', 'https://ai-image.weshop.com/20250911_1_f9a3bf2e-41c7-4ea1-b8ef-cdb8bb11dd03_744x936.png_width256.webp', 3, 'http://t2oo80zmt.hb-bkt.clouddn.com/pic/cloth1.jpg', '0', '', '2025-09-17 13:27:25', '', '2025-09-18 13:37:24', '');
INSERT INTO `we_look` VALUES (222, '1+cloth1+bsd2+bsd25', 'https://ai-image.weshop.com/20250918_1_de049051-ce6c-4b42-a616-2ec796eb3d2e_1168x1631.png', '68cb9986cdf25c6b459af9d2', '68cb9987cdf25c6b459af9d4', '1', 3, '10000345929', 'https://ai-image.weshop.com/20250911_1_3c3602d7-777f-4655-98a1-78e4248a2e6d_1024x1280.png_crop512.jpeg', 25, '10000346029', 'https://ai-image.weshop.com/20250911_1_ad50ea7e-06ca-49fa-9e6a-1130cd96d3fb_648x904.png_width256.webp', 3, 'http://t2oo80zmt.hb-bkt.clouddn.com/pic/cloth1.jpg', '0', '', '2025-09-17 13:27:25', '', '2025-09-18 13:37:30', '');
INSERT INTO `we_look` VALUES (223, '1+cloth1+bsd2+bsd24', 'https://ai-image.weshop.com/20250918_1_0c144274-f978-4bae-be6f-1803c25a7656_1304x1647.png', '68cb99867af440cb455c6a80', '68cb9987cdf25c6b459af9da', '1', 3, '10000345929', 'https://ai-image.weshop.com/20250911_1_3c3602d7-777f-4655-98a1-78e4248a2e6d_1024x1280.png_crop512.jpeg', 26, '10000346028', 'https://ai-image.weshop.com/20250911_1_9e3df97c-88d7-4211-8935-16077442d97a_560x704.png_width256.webp', 3, 'http://t2oo80zmt.hb-bkt.clouddn.com/pic/cloth1.jpg', '0', '', '2025-09-17 13:27:25', '', '2025-09-18 13:37:12', '');
INSERT INTO `we_look` VALUES (224, '1+cloth1+bsd2+bsd23', 'https://ai-image.weshop.com/20250918_1_af82de09-0c2c-460e-8321-0590e6266374_968x1295.png', '68cba0437af440cb455c6d4e', '68cba044cdf25c6b459afcea', '1', 3, '10000345929', 'https://ai-image.weshop.com/20250911_1_3c3602d7-777f-4655-98a1-78e4248a2e6d_1024x1280.png_crop512.jpeg', 27, '10000346027', 'https://ai-image.weshop.com/20250911_1_642eac92-3a3a-4f43-a730-66ebc3640229_728x976.png_width256.webp', 3, 'http://t2oo80zmt.hb-bkt.clouddn.com/pic/cloth1.jpg', '0', '', '2025-09-17 13:27:25', '', '2025-09-18 14:03:27', '');
INSERT INTO `we_look` VALUES (225, '1+cloth1+bsd2+bsd22', 'https://ai-image.weshop.com/20250918_1_6e4fe48b-042c-44d6-9f0e-d1b4395d7f64_1088x1455.png', '68cba0447af440cb455c6d50', '68cba0447af440cb455c6d52', '1', 3, '10000345929', 'https://ai-image.weshop.com/20250911_1_3c3602d7-777f-4655-98a1-78e4248a2e6d_1024x1280.png_crop512.jpeg', 28, '10000346026', 'https://ai-image.weshop.com/20250911_1_c67fae69-aa79-47cb-bc8e-950865ab1a28_720x960.png_width256.webp', 3, 'http://t2oo80zmt.hb-bkt.clouddn.com/pic/cloth1.jpg', '0', '', '2025-09-17 13:27:25', '', '2025-09-18 14:03:57', '');
INSERT INTO `we_look` VALUES (226, '1+cloth1+bsd2+bsd21', NULL, NULL, NULL, '1', 3, '10000345929', 'https://ai-image.weshop.com/20250911_1_3c3602d7-777f-4655-98a1-78e4248a2e6d_1024x1280.png_crop512.jpeg', 29, '10000346025', 'https://ai-image.weshop.com/20250911_1_5e6e1718-6d12-4ae9-b4a4-39910c582956_736x1104.png_width256.webp', 3, 'http://t2oo80zmt.hb-bkt.clouddn.com/pic/cloth1.jpg', '0', '', '2025-09-17 13:27:25', '', NULL, '');
INSERT INTO `we_look` VALUES (227, '1+cloth1+bsd2+bsd20', NULL, NULL, NULL, '1', 3, '10000345929', 'https://ai-image.weshop.com/20250911_1_3c3602d7-777f-4655-98a1-78e4248a2e6d_1024x1280.png_crop512.jpeg', 30, '10000346024', 'https://ai-image.weshop.com/20250911_1_e89f2e0a-0d58-42f7-9f69-c9d74bf7f2a2_736x920.png_width256.webp', 3, 'http://t2oo80zmt.hb-bkt.clouddn.com/pic/cloth1.jpg', '0', '', '2025-09-17 13:27:25', '', NULL, '');
INSERT INTO `we_look` VALUES (228, '1+cloth1+bsd2+bsd19', NULL, NULL, NULL, '1', 3, '10000345929', 'https://ai-image.weshop.com/20250911_1_3c3602d7-777f-4655-98a1-78e4248a2e6d_1024x1280.png_crop512.jpeg', 31, '10000346023', 'https://ai-image.weshop.com/20250911_1_9ff12b24-3ade-496b-afd9-bf26fa06e222_960x1200.png_width256.webp', 3, 'http://t2oo80zmt.hb-bkt.clouddn.com/pic/cloth1.jpg', '0', '', '2025-09-17 13:27:25', '', NULL, '');
INSERT INTO `we_look` VALUES (229, '1+cloth1+bsd2+bsd18', NULL, NULL, NULL, '1', 3, '10000345929', 'https://ai-image.weshop.com/20250911_1_3c3602d7-777f-4655-98a1-78e4248a2e6d_1024x1280.png_crop512.jpeg', 32, '10000346022', 'https://ai-image.weshop.com/20250911_1_6b2a74f8-1686-4982-9cf5-9a17fe17c9e1_792x1064.png_width256.webp', 3, 'http://t2oo80zmt.hb-bkt.clouddn.com/pic/cloth1.jpg', '0', '', '2025-09-17 13:27:25', '', NULL, '');
INSERT INTO `we_look` VALUES (230, '1+cloth1+bsd2+bsd17', NULL, NULL, NULL, '1', 3, '10000345929', 'https://ai-image.weshop.com/20250911_1_3c3602d7-777f-4655-98a1-78e4248a2e6d_1024x1280.png_crop512.jpeg', 33, '10000346021', 'https://ai-image.weshop.com/20250911_1_82fb3619-f06b-4101-a0fb-26891ae93a59_736x1104.png_width256.webp', 3, 'http://t2oo80zmt.hb-bkt.clouddn.com/pic/cloth1.jpg', '0', '', '2025-09-17 13:27:25', '', NULL, '');
INSERT INTO `we_look` VALUES (231, '1+cloth1+bsd2+bsd16', NULL, NULL, NULL, '1', 3, '10000345929', 'https://ai-image.weshop.com/20250911_1_3c3602d7-777f-4655-98a1-78e4248a2e6d_1024x1280.png_crop512.jpeg', 34, '10000346019', 'https://ai-image.weshop.com/20250911_1_98339ef4-e21c-49d1-b429-acac0d55cd11_1080x1440.png_width256.webp', 3, 'http://t2oo80zmt.hb-bkt.clouddn.com/pic/cloth1.jpg', '0', '', '2025-09-17 13:27:25', '', NULL, '');
INSERT INTO `we_look` VALUES (232, '1+cloth1+bsd2+bsd15', NULL, NULL, NULL, '1', 3, '10000345929', 'https://ai-image.weshop.com/20250911_1_3c3602d7-777f-4655-98a1-78e4248a2e6d_1024x1280.png_crop512.jpeg', 35, '10000346018', 'https://ai-image.weshop.com/20250911_1_af0add17-912e-4b9b-b6ea-028ba6a32874_736x1104.png_width256.webp', 3, 'http://t2oo80zmt.hb-bkt.clouddn.com/pic/cloth1.jpg', '0', '', '2025-09-17 13:27:25', '', NULL, '');
INSERT INTO `we_look` VALUES (233, '1+cloth1+bsd2+bsd14', NULL, NULL, NULL, '1', 3, '10000345929', 'https://ai-image.weshop.com/20250911_1_3c3602d7-777f-4655-98a1-78e4248a2e6d_1024x1280.png_crop512.jpeg', 36, '10000346017', 'https://ai-image.weshop.com/20250911_1_5c487bab-3b9d-4b28-8fab-8eb261ddcebd_824x536.png_width256.webp', 3, 'http://t2oo80zmt.hb-bkt.clouddn.com/pic/cloth1.jpg', '0', '', '2025-09-17 13:27:25', '', NULL, '');
INSERT INTO `we_look` VALUES (234, '1+cloth1+bsd2+bsd13', NULL, NULL, NULL, '1', 3, '10000345929', 'https://ai-image.weshop.com/20250911_1_3c3602d7-777f-4655-98a1-78e4248a2e6d_1024x1280.png_crop512.jpeg', 37, '10000346016', 'https://ai-image.weshop.com/20250911_1_ea6b5c44-ea9f-4d1d-8fd6-eb8f97104589_1080x1344.png_width256.webp', 3, 'http://t2oo80zmt.hb-bkt.clouddn.com/pic/cloth1.jpg', '0', '', '2025-09-17 13:27:25', '', NULL, '');
INSERT INTO `we_look` VALUES (235, '1+cloth1+bsd2+bsd12', NULL, NULL, NULL, '1', 3, '10000345929', 'https://ai-image.weshop.com/20250911_1_3c3602d7-777f-4655-98a1-78e4248a2e6d_1024x1280.png_crop512.jpeg', 38, '10000346014', 'https://ai-image.weshop.com/20250911_1_8c5b0ebd-2d76-4adc-ad78-690c53e825bd_1200x1800.png_width256.webp', 3, 'http://t2oo80zmt.hb-bkt.clouddn.com/pic/cloth1.jpg', '0', '', '2025-09-17 13:27:25', '', NULL, '');
INSERT INTO `we_look` VALUES (236, '1+cloth1+bsd2+bsd11', NULL, NULL, NULL, '1', 3, '10000345929', 'https://ai-image.weshop.com/20250911_1_3c3602d7-777f-4655-98a1-78e4248a2e6d_1024x1280.png_crop512.jpeg', 39, '10000346013', 'https://ai-image.weshop.com/20250911_1_bb77704c-cd10-47a2-8e03-f685ea96fb34_688x864.png_width256.webp', 3, 'http://t2oo80zmt.hb-bkt.clouddn.com/pic/cloth1.jpg', '0', '', '2025-09-17 13:27:25', '', NULL, '');
INSERT INTO `we_look` VALUES (237, '1+cloth1+bsd2+bsd10', NULL, NULL, NULL, '1', 3, '10000345929', 'https://ai-image.weshop.com/20250911_1_3c3602d7-777f-4655-98a1-78e4248a2e6d_1024x1280.png_crop512.jpeg', 40, '10000346012', 'https://ai-image.weshop.com/20250911_1_a4ce2d52-3402-4afc-9aa5-9d81486799be_824x976.png_width256.webp', 3, 'http://t2oo80zmt.hb-bkt.clouddn.com/pic/cloth1.jpg', '0', '', '2025-09-17 13:27:25', '', NULL, '');
INSERT INTO `we_look` VALUES (238, '1+cloth1+bsd2+bsd9', NULL, NULL, NULL, '1', 3, '10000345929', 'https://ai-image.weshop.com/20250911_1_3c3602d7-777f-4655-98a1-78e4248a2e6d_1024x1280.png_crop512.jpeg', 41, '10000346010', 'https://ai-image.weshop.com/20250911_1_e56cdb23-8729-4f48-af6c-3c4f2356acaa_736x976.png_width256.webp', 3, 'http://t2oo80zmt.hb-bkt.clouddn.com/pic/cloth1.jpg', '0', '', '2025-09-17 13:27:25', '', NULL, '');
INSERT INTO `we_look` VALUES (239, '1+cloth1+bsd2+bsd8', NULL, NULL, NULL, '1', 3, '10000345929', 'https://ai-image.weshop.com/20250911_1_3c3602d7-777f-4655-98a1-78e4248a2e6d_1024x1280.png_crop512.jpeg', 42, '10000346009', 'https://ai-image.weshop.com/20250911_1_5d9765f2-4a6b-4121-88c1-e041fd534ca2_960x1280.png_width256.webp', 3, 'http://t2oo80zmt.hb-bkt.clouddn.com/pic/cloth1.jpg', '0', '', '2025-09-17 13:27:25', '', NULL, '');
INSERT INTO `we_look` VALUES (240, '1+cloth1+bsd2+bsd7', NULL, NULL, NULL, '1', 3, '10000345929', 'https://ai-image.weshop.com/20250911_1_3c3602d7-777f-4655-98a1-78e4248a2e6d_1024x1280.png_crop512.jpeg', 43, '10000346008', 'https://ai-image.weshop.com/20250911_1_bca6ab36-22e2-40f6-8b22-9e32e5b2334a_848x1280.png_width256.webp', 3, 'http://t2oo80zmt.hb-bkt.clouddn.com/pic/cloth1.jpg', '0', '', '2025-09-17 13:27:25', '', NULL, '');
INSERT INTO `we_look` VALUES (241, '1+cloth1+bsd2+bsd6', NULL, NULL, NULL, '1', 3, '10000345929', 'https://ai-image.weshop.com/20250911_1_3c3602d7-777f-4655-98a1-78e4248a2e6d_1024x1280.png_crop512.jpeg', 44, '10000346007', 'https://ai-image.weshop.com/20250911_1_ca8c45bc-8a0c-4416-ae7d-eaae540ee761_736x1208.png_width256.webp', 3, 'http://t2oo80zmt.hb-bkt.clouddn.com/pic/cloth1.jpg', '0', '', '2025-09-17 13:27:25', '', NULL, '');
INSERT INTO `we_look` VALUES (242, '1+cloth1+bsd2+bsd5', NULL, NULL, NULL, '1', 3, '10000345929', 'https://ai-image.weshop.com/20250911_1_3c3602d7-777f-4655-98a1-78e4248a2e6d_1024x1280.png_crop512.jpeg', 45, '10000346006', 'https://ai-image.weshop.com/20250911_1_d9a92c70-20e2-40b5-9fc0-ff56e04cb504_736x1096.png_width256.webp', 3, 'http://t2oo80zmt.hb-bkt.clouddn.com/pic/cloth1.jpg', '0', '', '2025-09-17 13:27:25', '', NULL, '');
INSERT INTO `we_look` VALUES (243, '1+cloth1+bsd2+bsd4', NULL, NULL, NULL, '1', 3, '10000345929', 'https://ai-image.weshop.com/20250911_1_3c3602d7-777f-4655-98a1-78e4248a2e6d_1024x1280.png_crop512.jpeg', 46, '10000346005', 'https://ai-image.weshop.com/20250911_1_2bbb454e-e189-4983-a1f5-d974ce7a4679_960x1280.png_width256.webp', 3, 'http://t2oo80zmt.hb-bkt.clouddn.com/pic/cloth1.jpg', '0', '', '2025-09-17 13:27:25', '', NULL, '');
INSERT INTO `we_look` VALUES (244, '1+cloth1+bsd2+bsd3', NULL, NULL, NULL, '1', 3, '10000345929', 'https://ai-image.weshop.com/20250911_1_3c3602d7-777f-4655-98a1-78e4248a2e6d_1024x1280.png_crop512.jpeg', 47, '10000345963', 'https://ai-image.weshop.com/20250911_1_2bc4ee3f-a212-46a0-bcc7-27be02017da2_800x1200.png_width256.webp', 3, 'http://t2oo80zmt.hb-bkt.clouddn.com/pic/cloth1.jpg', '0', '', '2025-09-17 13:27:25', '', NULL, '');
INSERT INTO `we_look` VALUES (245, '1+cloth1+bsd2+bsd2', NULL, NULL, NULL, '1', 3, '10000345929', 'https://ai-image.weshop.com/20250911_1_3c3602d7-777f-4655-98a1-78e4248a2e6d_1024x1280.png_crop512.jpeg', 48, '10000345961', 'https://ai-image.weshop.com/20250911_1_aad04a58-9523-4bd9-a9e3-d282401e0d8e_1024x1280.png_width256.webp', 3, 'http://t2oo80zmt.hb-bkt.clouddn.com/pic/cloth1.jpg', '0', '', '2025-09-17 13:27:25', '', NULL, '');
INSERT INTO `we_look` VALUES (246, '1+cloth1+bsd2+bsd1', NULL, NULL, NULL, '1', 3, '10000345929', 'https://ai-image.weshop.com/20250911_1_3c3602d7-777f-4655-98a1-78e4248a2e6d_1024x1280.png_crop512.jpeg', 49, '10000345954', 'https://ai-image.weshop.com/20250911_1_b52b9ed0-37f1-495e-b0bc-1b37f3e9d689_848x1280.png_width256.webp', 3, 'http://t2oo80zmt.hb-bkt.clouddn.com/pic/cloth1.jpg', '0', '', '2025-09-17 13:27:25', '', NULL, '');
INSERT INTO `we_look` VALUES (247, '2+tan3d1+tan1+tan22', 'https://ai-image.weshop.com/20250917_1_a8645586-cb00-401d-910b-d14b432e6ae1_1400x1864.png', '68ca5f827af440cb455c490e', '68ca5f82cdf25c6b459ad8ec', '2', 1, '10000341607', 'https://ai-image.weshop.com/20250908_1_75b8cdc4-9ce8-4158-b0bb-5f08f7958af2_736x946.png_crop512.jpeg', 1, '10000341765', 'https://ai-image.weshop.com/20250908_1_6242fdf7-19b2-405e-a986-06aae5fd9ecb_632x840.jpg_width256.webp', 4, 'http://t2oo80zmt.hb-bkt.clouddn.com/pic/tan3d1.png', '0', '', '2025-09-17 15:11:51', '', '2025-09-17 15:16:25', '');
INSERT INTO `we_look` VALUES (248, '2+tan3d1+tan1+tan96', 'https://ai-image.weshop.com/20250917_1_75fcdb60-8511-4ce0-bf1e-50adbbda3da1_1632x2048.png', '68ca5f827af440cb455c4902', '68ca5f827af440cb455c490a', '2', 1, '10000341607', 'https://ai-image.weshop.com/20250908_1_75b8cdc4-9ce8-4158-b0bb-5f08f7958af2_736x946.png_crop512.jpeg', 2, '10000344115', 'https://ai-image.weshop.com/20250909_1_b4e7a4fc-3d76-4593-9aca-c2ddb18e27b6_1024x1280.png_width256.webp', 4, 'http://t2oo80zmt.hb-bkt.clouddn.com/pic/tan3d1.png', '0', '', '2025-09-17 15:11:51', '', '2025-09-17 15:15:59', '');
INSERT INTO `we_look` VALUES (249, '2+tan3d1+tan1+tan90', 'https://ai-image.weshop.com/20250917_1_a5c7812b-a44f-41bc-b983-451e232bf482_1640x2048.png', '68ca5f80cdf25c6b459ad8d2', '68ca5f81cdf25c6b459ad8d4', '2', 1, '10000341607', 'https://ai-image.weshop.com/20250908_1_75b8cdc4-9ce8-4158-b0bb-5f08f7958af2_736x946.png_crop512.jpeg', 3, '10000344097', 'https://ai-image.weshop.com/20250909_1_2fa75298-c220-4c56-bb77-eee71e22586f_720x896.png_width256.webp', 4, 'http://t2oo80zmt.hb-bkt.clouddn.com/pic/tan3d1.png', '0', '', '2025-09-17 15:11:51', '', '2025-09-17 15:15:58', '');
INSERT INTO `we_look` VALUES (250, '2+tan3d1+tan1+tan59', 'https://ai-image.weshop.com/20250917_1_f9ae9efc-8599-46f7-865f-442771cbcdde_1808x1808.png', '68ca5f82cdf25c6b459ad8da', '68ca5f827af440cb455c4905', '2', 1, '10000341607', 'https://ai-image.weshop.com/20250908_1_75b8cdc4-9ce8-4158-b0bb-5f08f7958af2_736x946.png_crop512.jpeg', 4, '10000343910', 'https://ai-image.weshop.com/20250909_1_d3f6c449-ee04-4d99-9647-9e22bb3f4421_1080x1080.png_width256.webp', 4, 'http://t2oo80zmt.hb-bkt.clouddn.com/pic/tan3d1.png', '0', '', '2025-09-17 15:11:51', '', '2025-09-17 15:16:09', '');
INSERT INTO `we_look` VALUES (251, '2+tan3d1+tan1+tan54', 'https://ai-image.weshop.com/20250917_1_c748a905-a02c-4d99-aaf7-89f9de41e354_824x1472.png', '68ca5f82cdf25c6b459ad8ea', '68ca5f82cdf25c6b459ad8f1', '2', 1, '10000341607', 'https://ai-image.weshop.com/20250908_1_75b8cdc4-9ce8-4158-b0bb-5f08f7958af2_736x946.png_crop512.jpeg', 5, '10000343903', 'https://ai-image.weshop.com/20250909_1_c8f3df8d-2be8-4993-9ec1-3e0e5f3b396d_736x1304.png_width256.webp', 4, 'http://t2oo80zmt.hb-bkt.clouddn.com/pic/tan3d1.png', '0', '', '2025-09-17 15:11:51', '', '2025-09-17 15:15:55', '');
INSERT INTO `we_look` VALUES (252, '2+tan3d1+tan1+tan28', 'https://ai-image.weshop.com/20250917_1_a294221e-0916-4dba-8683-52edf3114593_1056x1408.png', '68ca5f827af440cb455c4904', '68ca5f827af440cb455c4910', '2', 1, '10000341607', 'https://ai-image.weshop.com/20250908_1_75b8cdc4-9ce8-4158-b0bb-5f08f7958af2_736x946.png_crop512.jpeg', 6, '10000343270', 'https://ai-image.weshop.com/20250909_1_23b24b1f-5e64-4b27-aacf-40704de7cfa2_736x976.png_width256.webp', 4, 'http://t2oo80zmt.hb-bkt.clouddn.com/pic/tan3d1.png', '0', '', '2025-09-17 15:11:51', '', '2025-09-17 15:15:09', '');
INSERT INTO `we_look` VALUES (253, '2+tan3d1+tan1+tan27', 'https://ai-image.weshop.com/20250917_1_ee4d3312-c8b5-49a4-a605-522659d0c89c_1456x2048.png', '68ca5f81cdf25c6b459ad8d8', '68ca5f817af440cb455c48f7', '2', 1, '10000341607', 'https://ai-image.weshop.com/20250908_1_75b8cdc4-9ce8-4158-b0bb-5f08f7958af2_736x946.png_crop512.jpeg', 7, '10000343269', 'https://ai-image.weshop.com/20250909_1_f0567e85-aec5-40d2-ab54-d083e69aa6e2_1080x1512.png_width256.webp', 4, 'http://t2oo80zmt.hb-bkt.clouddn.com/pic/tan3d1.png', '0', '', '2025-09-17 15:11:51', '', '2025-09-17 15:15:59', '');
INSERT INTO `we_look` VALUES (254, '2+tan3d1+tan1+tan49', 'https://ai-image.weshop.com/20250917_1_2dbbf039-168f-4d2c-a825-c6a48a9cd628_1368x1824.png', '68ca5f82cdf25c6b459ad8e4', '68ca5f827af440cb455c4914', '2', 1, '10000341607', 'https://ai-image.weshop.com/20250908_1_75b8cdc4-9ce8-4158-b0bb-5f08f7958af2_736x946.png_crop512.jpeg', 8, '10000343898', 'https://ai-image.weshop.com/20250909_1_55d7b7cc-e105-4740-8a85-dbdbcc86d811_736x976.png_width256.webp', 4, 'http://t2oo80zmt.hb-bkt.clouddn.com/pic/tan3d1.png', '0', '', '2025-09-17 15:11:51', '', '2025-09-17 15:15:44', '');
INSERT INTO `we_look` VALUES (255, '2+tan3d2+tan1+tan22', 'https://ai-image.weshop.com/20250917_1_667a8300-c1d7-4115-b012-48077610a080_1376x1832.png', '68ca5f817af440cb455c48f1', '68ca5f817af440cb455c48f3', '2', 1, '10000341607', 'https://ai-image.weshop.com/20250908_1_75b8cdc4-9ce8-4158-b0bb-5f08f7958af2_736x946.png_crop512.jpeg', 1, '10000341765', 'https://ai-image.weshop.com/20250908_1_6242fdf7-19b2-405e-a986-06aae5fd9ecb_632x840.jpg_width256.webp', 5, 'http://t2oo80zmt.hb-bkt.clouddn.com/pic/tan3d2.png', '0', '', '2025-09-17 15:11:51', '', '2025-09-17 15:15:43', '');
INSERT INTO `we_look` VALUES (256, '2+tan3d2+tan1+tan96', 'https://ai-image.weshop.com/20250917_1_3a5b2464-68b9-40c2-a04c-eb5cd05f1b80_1632x2048.png', '68ca5f82cdf25c6b459ad8e2', '68ca5f82cdf25c6b459ad8e6', '2', 1, '10000341607', 'https://ai-image.weshop.com/20250908_1_75b8cdc4-9ce8-4158-b0bb-5f08f7958af2_736x946.png_crop512.jpeg', 2, '10000344115', 'https://ai-image.weshop.com/20250909_1_b4e7a4fc-3d76-4593-9aca-c2ddb18e27b6_1024x1280.png_width256.webp', 5, 'http://t2oo80zmt.hb-bkt.clouddn.com/pic/tan3d2.png', '0', '', '2025-09-17 15:11:51', '', '2025-09-17 15:16:04', '');
INSERT INTO `we_look` VALUES (257, '2+tan3d2+tan1+tan90', 'https://ai-image.weshop.com/20250917_1_0fee5c94-684f-4a4e-b665-6e8e34d19f5b_1640x2048.png', '68ca6001cdf25c6b459ad965', '68ca6001cdf25c6b459ad967', '2', 1, '10000341607', 'https://ai-image.weshop.com/20250908_1_75b8cdc4-9ce8-4158-b0bb-5f08f7958af2_736x946.png_crop512.jpeg', 3, '10000344097', 'https://ai-image.weshop.com/20250909_1_2fa75298-c220-4c56-bb77-eee71e22586f_720x896.png_width256.webp', 5, 'http://t2oo80zmt.hb-bkt.clouddn.com/pic/tan3d2.png', '0', '', '2025-09-17 15:11:51', '', '2025-09-17 15:18:16', '');
INSERT INTO `we_look` VALUES (258, '2+tan3d2+tan1+tan59', 'https://ai-image.weshop.com/20250917_1_03802f3e-0b94-4210-a020-db84d37fdaa3_1744x1752.png', '68ca60017af440cb455c497a', '68ca60017af440cb455c497c', '2', 1, '10000341607', 'https://ai-image.weshop.com/20250908_1_75b8cdc4-9ce8-4158-b0bb-5f08f7958af2_736x946.png_crop512.jpeg', 4, '10000343910', 'https://ai-image.weshop.com/20250909_1_d3f6c449-ee04-4d99-9647-9e22bb3f4421_1080x1080.png_width256.webp', 5, 'http://t2oo80zmt.hb-bkt.clouddn.com/pic/tan3d2.png', '0', '', '2025-09-17 15:11:51', '', '2025-09-17 15:18:16', '');
INSERT INTO `we_look` VALUES (259, '2+tan3d2+tan1+tan54', 'https://ai-image.weshop.com/20250918_1_9a5b780b-94d1-4c59-bdc0-91fc6634a063_808x1440.png', '68cba966cdf25c6b459afef7', '68cba9677af440cb455c6f81', '2', 1, '10000341607', 'https://ai-image.weshop.com/20250908_1_75b8cdc4-9ce8-4158-b0bb-5f08f7958af2_736x946.png_crop512.jpeg', 5, '10000343903', 'https://ai-image.weshop.com/20250909_1_c8f3df8d-2be8-4993-9ec1-3e0e5f3b396d_736x1304.png_width256.webp', 5, 'http://t2oo80zmt.hb-bkt.clouddn.com/pic/tan3d2.png', '0', '', '2025-09-17 15:11:51', '', '2025-09-18 14:42:59', '');
INSERT INTO `we_look` VALUES (260, '2+tan3d2+tan1+tan28', 'https://ai-image.weshop.com/20250918_1_fd6ddc8c-2096-469c-b9e0-acad4a9fb79a_1056x1408.png', '68cba966cdf25c6b459afef5', '68cba967cdf25c6b459afef9', '2', 1, '10000341607', 'https://ai-image.weshop.com/20250908_1_75b8cdc4-9ce8-4158-b0bb-5f08f7958af2_736x946.png_crop512.jpeg', 6, '10000343270', 'https://ai-image.weshop.com/20250909_1_23b24b1f-5e64-4b27-aacf-40704de7cfa2_736x976.png_width256.webp', 5, 'http://t2oo80zmt.hb-bkt.clouddn.com/pic/tan3d2.png', '0', '', '2025-09-17 15:11:51', '', '2025-09-18 14:42:48', '');
INSERT INTO `we_look` VALUES (261, '2+tan3d2+tan1+tan27', 'https://ai-image.weshop.com/20250918_1_04c6b5d4-52d0-44ee-aa5e-1fe6bc396dfc_1456x2048.png', '68cba967cdf25c6b459afefd', '68cba9677af440cb455c6f7d', '2', 1, '10000341607', 'https://ai-image.weshop.com/20250908_1_75b8cdc4-9ce8-4158-b0bb-5f08f7958af2_736x946.png_crop512.jpeg', 7, '10000343269', 'https://ai-image.weshop.com/20250909_1_f0567e85-aec5-40d2-ab54-d083e69aa6e2_1080x1512.png_width256.webp', 5, 'http://t2oo80zmt.hb-bkt.clouddn.com/pic/tan3d2.png', '0', '', '2025-09-17 15:11:51', '', '2025-09-18 14:43:04', '');
INSERT INTO `we_look` VALUES (262, '2+tan3d2+tan1+tan49', 'https://ai-image.weshop.com/20250918_1_265ff852-8ee5-4e1b-86d4-ecb193390674_1368x1816.png', '68cba9677af440cb455c6f7b', '68cba967cdf25c6b459afeff', '2', 1, '10000341607', 'https://ai-image.weshop.com/20250908_1_75b8cdc4-9ce8-4158-b0bb-5f08f7958af2_736x946.png_crop512.jpeg', 8, '10000343898', 'https://ai-image.weshop.com/20250909_1_55d7b7cc-e105-4740-8a85-dbdbcc86d811_736x976.png_width256.webp', 5, 'http://t2oo80zmt.hb-bkt.clouddn.com/pic/tan3d2.png', '0', '', '2025-09-17 15:11:51', '', '2025-09-18 14:43:03', '');
INSERT INTO `we_look` VALUES (263, '2+tan3d3+tan1+tan22', 'https://ai-image.weshop.com/20250917_1_4f989f3c-76d9-4c2f-8119-39dbf3939b55_1400x1856.png', '68ca60267af440cb455c499a', '68ca6026cdf25c6b459ad987', '2', 1, '10000341607', 'https://ai-image.weshop.com/20250908_1_75b8cdc4-9ce8-4158-b0bb-5f08f7958af2_736x946.png_crop512.jpeg', 1, '10000341765', 'https://ai-image.weshop.com/20250908_1_6242fdf7-19b2-405e-a986-06aae5fd9ecb_632x840.jpg_width256.webp', 6, 'http://t2oo80zmt.hb-bkt.clouddn.com/pic/tan3d3.png', '0', '', '2025-09-17 15:11:51', '', '2025-09-17 15:18:18', '');
INSERT INTO `we_look` VALUES (264, '2+tan3d3+tan1+tan96', 'https://ai-image.weshop.com/20250917_1_d2b68666-4f78-4442-b735-88a3c90c3514_1632x2048.png', '68ca60267af440cb455c4994', '68ca60267af440cb455c499c', '2', 1, '10000341607', 'https://ai-image.weshop.com/20250908_1_75b8cdc4-9ce8-4158-b0bb-5f08f7958af2_736x946.png_crop512.jpeg', 2, '10000344115', 'https://ai-image.weshop.com/20250909_1_b4e7a4fc-3d76-4593-9aca-c2ddb18e27b6_1024x1280.png_width256.webp', 6, 'http://t2oo80zmt.hb-bkt.clouddn.com/pic/tan3d3.png', '0', '', '2025-09-17 15:11:51', '', '2025-09-17 15:18:53', '');
INSERT INTO `we_look` VALUES (265, '2+tan3d3+tan1+tan90', 'https://ai-image.weshop.com/20250917_1_7674f2b3-670d-4f01-a6f4-6ee7c5254e71_1640x2048.png', '68ca6025cdf25c6b459ad97f', '68ca60267af440cb455c4996', '2', 1, '10000341607', 'https://ai-image.weshop.com/20250908_1_75b8cdc4-9ce8-4158-b0bb-5f08f7958af2_736x946.png_crop512.jpeg', 3, '10000344097', 'https://ai-image.weshop.com/20250909_1_2fa75298-c220-4c56-bb77-eee71e22586f_720x896.png_width256.webp', 6, 'http://t2oo80zmt.hb-bkt.clouddn.com/pic/tan3d3.png', '0', '', '2025-09-17 15:11:51', '', '2025-09-17 15:18:13', '');
INSERT INTO `we_look` VALUES (266, '2+tan3d3+tan1+tan59', 'https://ai-image.weshop.com/20250917_1_e2db39c6-32b1-4e8f-af6a-413e403bfdfb_1816x1816.png', '68ca6026cdf25c6b459ad981', '68ca6026cdf25c6b459ad983', '2', 1, '10000341607', 'https://ai-image.weshop.com/20250908_1_75b8cdc4-9ce8-4158-b0bb-5f08f7958af2_736x946.png_crop512.jpeg', 4, '10000343910', 'https://ai-image.weshop.com/20250909_1_d3f6c449-ee04-4d99-9647-9e22bb3f4421_1080x1080.png_width256.webp', 6, 'http://t2oo80zmt.hb-bkt.clouddn.com/pic/tan3d3.png', '0', '', '2025-09-17 15:11:51', '', '2025-09-17 15:18:54', '');
INSERT INTO `we_look` VALUES (267, '2+tan3d3+tan1+tan54', 'https://ai-image.weshop.com/20250918_1_54815022-427f-497b-9048-5e7ceaca3b84_824x1464.png', '68cba9767af440cb455c6f8b', '68cba9767af440cb455c6f8d', '2', 1, '10000341607', 'https://ai-image.weshop.com/20250908_1_75b8cdc4-9ce8-4158-b0bb-5f08f7958af2_736x946.png_crop512.jpeg', 5, '10000343903', 'https://ai-image.weshop.com/20250909_1_c8f3df8d-2be8-4993-9ec1-3e0e5f3b396d_736x1304.png_width256.webp', 6, 'http://t2oo80zmt.hb-bkt.clouddn.com/pic/tan3d3.png', '0', '', '2025-09-17 15:11:51', '', '2025-09-18 14:43:18', '');
INSERT INTO `we_look` VALUES (268, '2+tan3d3+tan1+tan28', 'https://ai-image.weshop.com/20250918_1_246a1e4d-c089-47b4-be86-5e69790459f6_1064x1408.png', '68cba976cdf25c6b459aff06', '68cba9767af440cb455c6f97', '2', 1, '10000341607', 'https://ai-image.weshop.com/20250908_1_75b8cdc4-9ce8-4158-b0bb-5f08f7958af2_736x946.png_crop512.jpeg', 6, '10000343270', 'https://ai-image.weshop.com/20250909_1_23b24b1f-5e64-4b27-aacf-40704de7cfa2_736x976.png_width256.webp', 6, 'http://t2oo80zmt.hb-bkt.clouddn.com/pic/tan3d3.png', '0', '', '2025-09-17 15:11:51', '', '2025-09-18 14:43:14', '');
INSERT INTO `we_look` VALUES (269, '2+tan3d3+tan1+tan27', 'https://ai-image.weshop.com/20250918_1_edac3fb6-e7c6-4cb7-9a77-803c3583df1c_1456x2048.png', '68cba9767af440cb455c6f8e', '68cba976cdf25c6b459aff0a', '2', 1, '10000341607', 'https://ai-image.weshop.com/20250908_1_75b8cdc4-9ce8-4158-b0bb-5f08f7958af2_736x946.png_crop512.jpeg', 7, '10000343269', 'https://ai-image.weshop.com/20250909_1_f0567e85-aec5-40d2-ab54-d083e69aa6e2_1080x1512.png_width256.webp', 6, 'http://t2oo80zmt.hb-bkt.clouddn.com/pic/tan3d3.png', '0', '', '2025-09-17 15:11:51', '', '2025-09-18 14:43:39', '');
INSERT INTO `we_look` VALUES (270, '2+tan3d3+tan1+tan49', 'https://ai-image.weshop.com/20250918_1_d9f47c1b-b97a-40c4-a93b-817eb0274e6f_1384x1840.png', '68cba976cdf25c6b459aff08', '68cba9767af440cb455c6f93', '2', 1, '10000341607', 'https://ai-image.weshop.com/20250908_1_75b8cdc4-9ce8-4158-b0bb-5f08f7958af2_736x946.png_crop512.jpeg', 8, '10000343898', 'https://ai-image.weshop.com/20250909_1_55d7b7cc-e105-4740-8a85-dbdbcc86d811_736x976.png_width256.webp', 6, 'http://t2oo80zmt.hb-bkt.clouddn.com/pic/tan3d3.png', '0', '', '2025-09-17 15:11:51', '', '2025-09-18 14:43:51', '');
INSERT INTO `we_look` VALUES (271, '2+tan3d4+tan1+tan22', 'https://ai-image.weshop.com/20250917_1_6c71b990-9110-4921-94c5-1caa145e9393_1424x1896.png', '68ca603c7af440cb455c49c2', '68ca603dcdf25c6b459ad9ae', '2', 1, '10000341607', 'https://ai-image.weshop.com/20250908_1_75b8cdc4-9ce8-4158-b0bb-5f08f7958af2_736x946.png_crop512.jpeg', 1, '10000341765', 'https://ai-image.weshop.com/20250908_1_6242fdf7-19b2-405e-a986-06aae5fd9ecb_632x840.jpg_width256.webp', 7, 'http://t2oo80zmt.hb-bkt.clouddn.com/pic/tan3d4.png', '0', '', '2025-09-17 15:11:51', '', '2025-09-17 15:18:56', '');
INSERT INTO `we_look` VALUES (272, '2+tan3d4+tan1+tan96', 'https://ai-image.weshop.com/20250917_1_14b9c1d6-f48c-4263-b9a7-fa0063e2a2c9_1632x2048.png', '68ca603c7af440cb455c49b8', '68ca603c7af440cb455c49be', '2', 1, '10000341607', 'https://ai-image.weshop.com/20250908_1_75b8cdc4-9ce8-4158-b0bb-5f08f7958af2_736x946.png_crop512.jpeg', 2, '10000344115', 'https://ai-image.weshop.com/20250909_1_b4e7a4fc-3d76-4593-9aca-c2ddb18e27b6_1024x1280.png_width256.webp', 7, 'http://t2oo80zmt.hb-bkt.clouddn.com/pic/tan3d4.png', '0', '', '2025-09-17 15:11:51', '', '2025-09-17 15:18:40', '');
INSERT INTO `we_look` VALUES (273, '2+tan3d4+tan1+tan90', 'https://ai-image.weshop.com/20250917_1_a15d18bb-9b8b-4d1e-b471-368a90ab2bea_1640x2048.png', '68ca603ccdf25c6b459ad9a6', '68ca603c7af440cb455c49ba', '2', 1, '10000341607', 'https://ai-image.weshop.com/20250908_1_75b8cdc4-9ce8-4158-b0bb-5f08f7958af2_736x946.png_crop512.jpeg', 3, '10000344097', 'https://ai-image.weshop.com/20250909_1_2fa75298-c220-4c56-bb77-eee71e22586f_720x896.png_width256.webp', 7, 'http://t2oo80zmt.hb-bkt.clouddn.com/pic/tan3d4.png', '0', '', '2025-09-17 15:11:51', '', '2025-09-17 15:19:06', '');
INSERT INTO `we_look` VALUES (274, '2+tan3d4+tan1+tan59', 'https://ai-image.weshop.com/20250917_1_88d9684c-52db-490c-a14a-061a4470a402_1824x1824.png', '68ca603ccdf25c6b459ad9a8', '68ca603ccdf25c6b459ad9aa', '2', 1, '10000341607', 'https://ai-image.weshop.com/20250908_1_75b8cdc4-9ce8-4158-b0bb-5f08f7958af2_736x946.png_crop512.jpeg', 4, '10000343910', 'https://ai-image.weshop.com/20250909_1_d3f6c449-ee04-4d99-9647-9e22bb3f4421_1080x1080.png_width256.webp', 7, 'http://t2oo80zmt.hb-bkt.clouddn.com/pic/tan3d4.png', '0', '', '2025-09-17 15:11:51', '', '2025-09-17 15:19:32', '');
INSERT INTO `we_look` VALUES (275, '2+tan3d4+tan1+tan54', 'https://ai-image.weshop.com/20250918_1_61bbd8b6-4f61-4d70-b2c3-713d463e743a_832x1488.png', '68cba9787af440cb455c6f9f', '68cba978cdf25c6b459aff18', '2', 1, '10000341607', 'https://ai-image.weshop.com/20250908_1_75b8cdc4-9ce8-4158-b0bb-5f08f7958af2_736x946.png_crop512.jpeg', 5, '10000343903', 'https://ai-image.weshop.com/20250909_1_c8f3df8d-2be8-4993-9ec1-3e0e5f3b396d_736x1304.png_width256.webp', 7, 'http://t2oo80zmt.hb-bkt.clouddn.com/pic/tan3d4.png', '0', '', '2025-09-17 15:11:51', '', '2025-09-18 14:43:10', '');
INSERT INTO `we_look` VALUES (276, '2+tan3d4+tan1+tan28', 'https://ai-image.weshop.com/20250918_1_58a0bb3d-3dc3-40b2-b300-cfa05c29cff7_1056x1408.png', '68cba9787af440cb455c6f9d', '68cba9787af440cb455c6fa1', '2', 1, '10000341607', 'https://ai-image.weshop.com/20250908_1_75b8cdc4-9ce8-4158-b0bb-5f08f7958af2_736x946.png_crop512.jpeg', 6, '10000343270', 'https://ai-image.weshop.com/20250909_1_23b24b1f-5e64-4b27-aacf-40704de7cfa2_736x976.png_width256.webp', 7, 'http://t2oo80zmt.hb-bkt.clouddn.com/pic/tan3d4.png', '0', '', '2025-09-17 15:11:51', '', '2025-09-18 14:43:10', '');
INSERT INTO `we_look` VALUES (277, '2+tan3d4+tan1+tan27', 'https://ai-image.weshop.com/20250918_1_7cbbc601-e001-4872-a680-326ea06692f2_1456x2048.png', '68cba977cdf25c6b459aff0e', '68cba977cdf25c6b459aff10', '2', 1, '10000341607', 'https://ai-image.weshop.com/20250908_1_75b8cdc4-9ce8-4158-b0bb-5f08f7958af2_736x946.png_crop512.jpeg', 7, '10000343269', 'https://ai-image.weshop.com/20250909_1_f0567e85-aec5-40d2-ab54-d083e69aa6e2_1080x1512.png_width256.webp', 7, 'http://t2oo80zmt.hb-bkt.clouddn.com/pic/tan3d4.png', '0', '', '2025-09-17 15:11:51', '', '2025-09-18 14:43:19', '');
INSERT INTO `we_look` VALUES (278, '2+tan3d4+tan1+tan49', 'https://ai-image.weshop.com/20250918_1_dca09a36-f194-4128-80ea-17c983e0564b_1408x1872.png', '68cba9777af440cb455c6f9b', '68cba977cdf25c6b459aff14', '2', 1, '10000341607', 'https://ai-image.weshop.com/20250908_1_75b8cdc4-9ce8-4158-b0bb-5f08f7958af2_736x946.png_crop512.jpeg', 8, '10000343898', 'https://ai-image.weshop.com/20250909_1_55d7b7cc-e105-4740-8a85-dbdbcc86d811_736x976.png_width256.webp', 7, 'http://t2oo80zmt.hb-bkt.clouddn.com/pic/tan3d4.png', '0', '', '2025-09-17 15:11:51', '', '2025-09-18 14:43:15', '');

-- ----------------------------
-- Table structure for we_model
-- ----------------------------
DROP TABLE IF EXISTS `we_model`;
CREATE TABLE `we_model`  (
  `id` bigint NOT NULL AUTO_INCREMENT COMMENT '主键',
  `name` varchar(255) CHARACTER SET utf8mb4 COLLATE utf8mb4_general_ci NULL DEFAULT NULL COMMENT '模特名称',
  `model_url` varchar(500) CHARACTER SET utf8mb4 COLLATE utf8mb4_general_ci NULL DEFAULT NULL COMMENT '模特文件URL',
  `model_we_id` varchar(100) CHARACTER SET utf8mb4 COLLATE utf8mb4_general_ci NULL DEFAULT NULL COMMENT '模特ID',
  `type` varchar(50) CHARACTER SET utf8mb4 COLLATE utf8mb4_general_ci NULL DEFAULT NULL COMMENT '模特类型',
  `del_flag` char(1) CHARACTER SET utf8mb4 COLLATE utf8mb4_general_ci NULL DEFAULT '0' COMMENT '删除标志（0代表存在 2代表删除）',
  `create_by` varchar(64) CHARACTER SET utf8mb4 COLLATE utf8mb4_general_ci NULL DEFAULT '' COMMENT '创建者',
  `create_time` datetime NULL DEFAULT NULL COMMENT '创建时间',
  `update_by` varchar(64) CHARACTER SET utf8mb4 COLLATE utf8mb4_general_ci NULL DEFAULT '' COMMENT '更新者',
  `update_time` datetime NULL DEFAULT NULL COMMENT '更新时间',
  `remark` varchar(500) CHARACTER SET utf8mb4 COLLATE utf8mb4_general_ci NULL DEFAULT NULL COMMENT '备注',
  PRIMARY KEY (`id`) USING BTREE
) ENGINE = InnoDB AUTO_INCREMENT = 4 CHARACTER SET = utf8mb4 COLLATE = utf8mb4_general_ci COMMENT = '模特表' ROW_FORMAT = DYNAMIC;

-- ----------------------------
-- Records of we_model
-- ----------------------------
INSERT INTO `we_model` VALUES (1, 'tan1', 'https://ai-image.weshop.com/20250908_1_75b8cdc4-9ce8-4158-b0bb-5f08f7958af2_736x946.png_crop512.jpeg', '10000341607', '2', '0', '', '2025-09-16 18:18:20', '', NULL, NULL);
INSERT INTO `we_model` VALUES (2, 'bsd1', 'https://ai-image.weshop.com/20250911_1_805bf342-a8f1-4960-b233-7d5103fdcb9c_640x800.png_crop512.jpeg', '10000345931', '1', '0', '', '2025-09-16 18:18:20', '', NULL, NULL);
INSERT INTO `we_model` VALUES (3, 'bsd2', 'https://ai-image.weshop.com/20250911_1_3c3602d7-777f-4655-98a1-78e4248a2e6d_1024x1280.png_crop512.jpeg', '10000345929', '1', '0', '', '2025-09-16 18:18:20', '', NULL, NULL);

SET FOREIGN_KEY_CHECKS = 1;
